# Force and moment coefficients
# dragDir     : (1.000000e+00 0.000000e+00 0.000000e+00)
# sideDir     : (0.000000e+00 0.000000e+00 -1.000000e+00)
# liftDir     : (0.000000e+00 1.000000e+00 0.000000e+00)
# rollAxis    : (1.000000e+00 0.000000e+00 0.000000e+00)
# pitchAxis   : (0.000000e+00 0.000000e+00 -1.000000e+00)
# yawAxis     : (0.000000e+00 1.000000e+00 0.000000e+00)
# magUInf     : 1.000000e+01
# lRef        : 1.000000e+00
# Aref        : 1.000000e+00
# CofR        : (0.000000e+00 0.000000e+00 0.000000e+00)
#
# Time        	Cd            	Cd(f)         	Cd(r)         	Cl            	Cl(f)         	Cl(r)         	CmPitch       	CmRoll        	CmYaw         	Cs            	Cs(f)         	Cs(r)         
0.640009      	3.933352e-03	1.666010e-03	2.267342e-03	1.785507e-02	9.176472e-03	8.678595e-03	2.489387e-04	-3.006661e-04	2.765303e-03	-2.310400e-03	1.610103e-03	-3.920502e-03
0.640014      	3.672718e-03	1.560750e-03	2.111968e-03	9.749335e-03	5.096731e-03	4.652604e-03	2.220635e-04	-2.756089e-04	1.320159e-03	-2.026529e-03	3.068947e-04	-2.333424e-03
0.640019      	3.595627e-03	1.530501e-03	2.065126e-03	1.353614e-02	6.977655e-03	6.558486e-03	2.095844e-04	-2.673127e-04	1.990444e-03	-1.890654e-03	1.045117e-03	-2.935771e-03
0.640024      	3.543249e-03	1.509671e-03	2.033579e-03	1.208630e-02	6.246270e-03	5.840030e-03	2.031200e-04	-2.619541e-04	1.727186e-03	-1.824109e-03	8.151321e-04	-2.639241e-03
0.640029      	3.508868e-03	1.495983e-03	2.012885e-03	1.209516e-02	6.246103e-03	5.849061e-03	1.985208e-04	-2.584508e-04	1.723380e-03	-1.777268e-03	8.347467e-04	-2.612014e-03
0.640034      	3.482858e-03	1.485548e-03	1.997311e-03	1.184084e-02	6.115930e-03	5.724910e-03	1.955100e-04	-2.558813e-04	1.673512e-03	-1.748445e-03	7.992896e-04	-2.547734e-03
0.640039      	3.463328e-03	1.477646e-03	1.985682e-03	1.171714e-02	6.051944e-03	5.665198e-03	1.933730e-04	-2.540182e-04	1.647638e-03	-1.728569e-03	7.833538e-04	-2.511923e-03
0.640044      	3.447715e-03	1.471271e-03	1.976444e-03	1.160398e-02	5.993827e-03	5.610153e-03	1.918371e-04	-2.525862e-04	1.624298e-03	-1.715001e-03	7.667976e-04	-2.481799e-03
0.640049      	3.435243e-03	1.466153e-03	1.969090e-03	1.151846e-02	5.949881e-03	5.568577e-03	1.906517e-04	-2.514689e-04	1.606456e-03	-1.704762e-03	7.540747e-04	-2.458837e-03
0.640054      	3.424682e-03	1.461775e-03	1.962908e-03	1.144801e-02	5.913761e-03	5.534248e-03	1.897566e-04	-2.505666e-04	1.591747e-03	-1.697481e-03	7.430067e-04	-2.440488e-03
0.640059      	3.415321e-03	1.457850e-03	1.957471e-03	1.139048e-02	5.884285e-03	5.506194e-03	1.890456e-04	-2.498108e-04	1.579731e-03	-1.691838e-03	7.338121e-04	-2.425650e-03
0.640064      	3.406936e-03	1.454324e-03	1.952613e-03	1.134216e-02	5.859572e-03	5.482592e-03	1.884897e-04	-2.491445e-04	1.569688e-03	-1.687650e-03	7.258630e-04	-2.413513e-03
0.640069      	3.400118e-03	1.451458e-03	1.948660e-03	1.130104e-02	5.838553e-03	5.462483e-03	1.880352e-04	-2.486009e-04	1.561164e-03	-1.684396e-03	7.189658e-04	-2.403361e-03
0.640074      	3.393901e-03	1.448829e-03	1.945073e-03	1.126561e-02	5.820466e-03	5.445144e-03	1.876608e-04	-2.481220e-04	1.553878e-03	-1.681689e-03	7.130335e-04	-2.394723e-03
0.640079      	3.387982e-03	1.446316e-03	1.941666e-03	1.123499e-02	5.804838e-03	5.430148e-03	1.873448e-04	-2.476749e-04	1.547618e-03	-1.679481e-03	7.078777e-04	-2.387359e-03
0.640084      	3.382484e-03	1.443979e-03	1.938505e-03	1.120802e-02	5.791081e-03	5.416936e-03	1.870725e-04	-2.472631e-04	1.542161e-03	-1.677529e-03	7.033962e-04	-2.380925e-03
0.640089      	3.377338e-03	1.441789e-03	1.935548e-03	1.118409e-02	5.778879e-03	5.405211e-03	1.868339e-04	-2.468795e-04	1.537359e-03	-1.675840e-03	6.994393e-04	-2.375279e-03
0.640094      	3.372450e-03	1.439709e-03	1.932741e-03	1.116272e-02	5.767987e-03	5.394736e-03	1.866252e-04	-2.465160e-04	1.533124e-03	-1.674358e-03	6.959450e-04	-2.370303e-03
0.640099      	3.367722e-03	1.437689e-03	1.930033e-03	1.114343e-02	5.758151e-03	5.385284e-03	1.864333e-04	-2.461720e-04	1.529350e-03	-1.672940e-03	6.928805e-04	-2.365820e-03
0.640104      	3.363105e-03	1.435716e-03	1.927389e-03	1.112591e-02	5.749213e-03	5.376698e-03	1.862572e-04	-2.458366e-04	1.525957e-03	-1.671644e-03	6.901348e-04	-2.361778e-03
0.640109      	3.358510e-03	1.433751e-03	1.924759e-03	1.110985e-02	5.741014e-03	5.368832e-03	1.860909e-04	-2.455042e-04	1.522885e-03	-1.670366e-03	6.877017e-04	-2.358068e-03
0.640114      	3.354154e-03	1.431887e-03	1.922267e-03	1.109509e-02	5.733476e-03	5.361611e-03	1.859324e-04	-2.451903e-04	1.520098e-03	-1.669117e-03	6.855389e-04	-2.354656e-03
0.640119      	3.349745e-03	1.429998e-03	1.919747e-03	1.108134e-02	5.726454e-03	5.354890e-03	1.857820e-04	-2.448749e-04	1.517535e-03	-1.667928e-03	6.835714e-04	-2.351499e-03
0.640124      	3.345407e-03	1.428142e-03	1.917266e-03	1.106855e-02	5.719909e-03	5.348646e-03	1.856315e-04	-2.445619e-04	1.515174e-03	-1.666649e-03	6.818491e-04	-2.348499e-03
0.640129      	3.341053e-03	1.426277e-03	1.914776e-03	1.105652e-02	5.713750e-03	5.342772e-03	1.854887e-04	-2.442497e-04	1.512987e-03	-1.665458e-03	6.802577e-04	-2.345716e-03
0.640134      	3.336811e-03	1.424460e-03	1.912351e-03	1.104520e-02	5.707943e-03	5.337255e-03	1.853440e-04	-2.439453e-04	1.510954e-03	-1.664201e-03	6.788531e-04	-2.343054e-03
0.640139      	3.332534e-03	1.422628e-03	1.909906e-03	1.103447e-02	5.702438e-03	5.332033e-03	1.852024e-04	-2.436387e-04	1.509050e-03	-1.662952e-03	6.775741e-04	-2.340526e-03
0.640144      	3.328345e-03	1.420834e-03	1.907511e-03	1.102427e-02	5.697196e-03	5.327073e-03	1.850617e-04	-2.433382e-04	1.507261e-03	-1.661680e-03	6.764210e-04	-2.338101e-03
0.640149      	3.324103e-03	1.419016e-03	1.905087e-03	1.101456e-02	5.692207e-03	5.322357e-03	1.849246e-04	-2.430353e-04	1.505577e-03	-1.660436e-03	6.753591e-04	-2.335796e-03
0.640154      	3.319867e-03	1.417202e-03	1.902665e-03	1.100521e-02	5.687396e-03	5.317818e-03	1.847887e-04	-2.427316e-04	1.503974e-03	-1.659187e-03	6.743806e-04	-2.333567e-03
0.640159      	3.315724e-03	1.415426e-03	1.900298e-03	1.099628e-02	5.682791e-03	5.313486e-03	1.846528e-04	-2.424364e-04	1.502453e-03	-1.657944e-03	6.734814e-04	-2.331425e-03
0.640164      	3.311544e-03	1.413634e-03	1.897911e-03	1.098766e-02	5.678348e-03	5.309313e-03	1.845174e-04	-2.421386e-04	1.501003e-03	-1.656683e-03	6.726610e-04	-2.329344e-03
0.640169      	3.307399e-03	1.411855e-03	1.895544e-03	1.097932e-02	5.674044e-03	5.305280e-03	1.843819e-04	-2.418441e-04	1.499613e-03	-1.655417e-03	6.719049e-04	-2.327322e-03
0.640174      	3.303309e-03	1.410101e-03	1.893208e-03	1.097130e-02	5.669895e-03	5.301402e-03	1.842466e-04	-2.415532e-04	1.498288e-03	-1.654118e-03	6.712285e-04	-2.325347e-03
0.640179      	3.299180e-03	1.408331e-03	1.890849e-03	1.096348e-02	5.665853e-03	5.297627e-03	1.841131e-04	-2.412590e-04	1.497009e-03	-1.652848e-03	6.705849e-04	-2.323433e-03
0.640184      	3.295048e-03	1.406559e-03	1.888490e-03	1.095588e-02	5.661918e-03	5.293959e-03	1.839796e-04	-2.409656e-04	1.495776e-03	-1.651574e-03	6.699885e-04	-2.321563e-03
0.640189      	3.290934e-03	1.404794e-03	1.886140e-03	1.094848e-02	5.658084e-03	5.290392e-03	1.838463e-04	-2.406732e-04	1.494584e-03	-1.650290e-03	6.694392e-04	-2.319729e-03
0.640194      	3.286832e-03	1.403034e-03	1.883799e-03	1.094126e-02	5.654342e-03	5.286915e-03	1.837136e-04	-2.403826e-04	1.493430e-03	-1.649037e-03	6.689116e-04	-2.317948e-03
0.640199      	3.282758e-03	1.401285e-03	1.881473e-03	1.093423e-02	5.650696e-03	5.283532e-03	1.835819e-04	-2.400938e-04	1.492314e-03	-1.647765e-03	6.684314e-04	-2.316197e-03
0.640204      	3.278671e-03	1.399530e-03	1.879141e-03	1.092734e-02	5.647118e-03	5.280218e-03	1.834501e-04	-2.398056e-04	1.491230e-03	-1.646490e-03	6.679843e-04	-2.314475e-03
0.640209      	3.274609e-03	1.397786e-03	1.876823e-03	1.092061e-02	5.643624e-03	5.276986e-03	1.833192e-04	-2.395185e-04	1.490177e-03	-1.645234e-03	6.675593e-04	-2.312794e-03
0.640214      	3.270545e-03	1.396041e-03	1.874504e-03	1.091400e-02	5.640191e-03	5.273813e-03	1.831892e-04	-2.392319e-04	1.489150e-03	-1.643990e-03	6.671554e-04	-2.311145e-03
0.640219      	3.266480e-03	1.394295e-03	1.872185e-03	1.090755e-02	5.636837e-03	5.270715e-03	1.830606e-04	-2.389452e-04	1.488154e-03	-1.642757e-03	6.667751e-04	-2.309533e-03
0.640224      	3.262438e-03	1.392559e-03	1.869879e-03	1.090119e-02	5.633527e-03	5.267665e-03	1.829311e-04	-2.386600e-04	1.487175e-03	-1.641517e-03	6.664168e-04	-2.307934e-03
0.640229      	3.258400e-03	1.390823e-03	1.867577e-03	1.089495e-02	5.630279e-03	5.264674e-03	1.828024e-04	-2.383769e-04	1.486221e-03	-1.640287e-03	6.660773e-04	-2.306364e-03
0.640234      	3.254369e-03	1.389090e-03	1.865279e-03	1.088882e-02	5.627085e-03	5.261735e-03	1.826751e-04	-2.380945e-04	1.485288e-03	-1.639076e-03	6.657498e-04	-2.304826e-03
0.640239      	3.250389e-03	1.387378e-03	1.863011e-03	1.088280e-02	5.623950e-03	5.258852e-03	1.825490e-04	-2.378164e-04	1.484379e-03	-1.637892e-03	6.654328e-04	-2.303325e-03
0.640244      	3.246354e-03	1.385644e-03	1.860710e-03	1.087685e-02	5.620848e-03	5.256002e-03	1.824228e-04	-2.375334e-04	1.483481e-03	-1.636685e-03	6.651389e-04	-2.301824e-03
0.640249      	3.242343e-03	1.383919e-03	1.858425e-03	1.087098e-02	5.617788e-03	5.253196e-03	1.822960e-04	-2.372530e-04	1.482602e-03	-1.635492e-03	6.648562e-04	-2.300348e-03
0.640254      	3.238390e-03	1.382218e-03	1.856172e-03	1.086524e-02	5.614789e-03	5.250446e-03	1.821715e-04	-2.369768e-04	1.481744e-03	-1.634326e-03	6.645814e-04	-2.298907e-03
0.640259      	3.234363e-03	1.380484e-03	1.853878e-03	1.085952e-02	5.611809e-03	5.247714e-03	1.820474e-04	-2.366969e-04	1.480894e-03	-1.633165e-03	6.643116e-04	-2.297476e-03
0.640264      	3.230407e-03	1.378782e-03	1.851625e-03	1.085392e-02	5.608883e-03	5.245035e-03	1.819241e-04	-2.364214e-04	1.480063e-03	-1.632014e-03	6.640561e-04	-2.296070e-03
0.640269      	3.226430e-03	1.377070e-03	1.849359e-03	1.084837e-02	5.605985e-03	5.242381e-03	1.818020e-04	-2.361445e-04	1.479243e-03	-1.630879e-03	6.638040e-04	-2.294683e-03
0.640274      	3.222479e-03	1.375370e-03	1.847109e-03	1.084290e-02	5.603130e-03	5.239769e-03	1.816805e-04	-2.358694e-04	1.478438e-03	-1.629744e-03	6.635664e-04	-2.293310e-03
0.640279      	3.218559e-03	1.373683e-03	1.844876e-03	1.083748e-02	5.600300e-03	5.237183e-03	1.815583e-04	-2.355962e-04	1.477645e-03	-1.628620e-03	6.633354e-04	-2.291956e-03
0.640284      	3.214624e-03	1.371989e-03	1.842635e-03	1.083214e-02	5.597507e-03	5.234630e-03	1.814385e-04	-2.353231e-04	1.476864e-03	-1.627510e-03	6.631089e-04	-2.290619e-03
0.640289      	3.210710e-03	1.370303e-03	1.840407e-03	1.082685e-02	5.594742e-03	5.232105e-03	1.813187e-04	-2.350519e-04	1.476092e-03	-1.626410e-03	6.628871e-04	-2.289297e-03
0.640294      	3.206796e-03	1.368618e-03	1.838178e-03	1.082161e-02	5.592006e-03	5.229607e-03	1.811995e-04	-2.347803e-04	1.475332e-03	-1.625308e-03	6.626774e-04	-2.287986e-03
0.640299      	3.202889e-03	1.366935e-03	1.835954e-03	1.081643e-02	5.589299e-03	5.227135e-03	1.810816e-04	-2.345093e-04	1.474582e-03	-1.624236e-03	6.624638e-04	-2.286699e-03
0.640304      	3.199004e-03	1.365261e-03	1.833742e-03	1.081131e-02	5.586621e-03	5.224693e-03	1.809637e-04	-2.342405e-04	1.473843e-03	-1.623154e-03	6.622661e-04	-2.285420e-03
0.640309      	3.195126e-03	1.363590e-03	1.831536e-03	1.080623e-02	5.583962e-03	5.222268e-03	1.808470e-04	-2.339730e-04	1.473112e-03	-1.622103e-03	6.620607e-04	-2.284163e-03
0.640314      	3.191282e-03	1.361934e-03	1.829349e-03	1.080121e-02	5.581336e-03	5.219873e-03	1.807312e-04	-2.337076e-04	1.472392e-03	-1.621056e-03	6.618637e-04	-2.282919e-03
0.640319      	3.187422e-03	1.360270e-03	1.827152e-03	1.079624e-02	5.578737e-03	5.217506e-03	1.806157e-04	-2.334410e-04	1.471679e-03	-1.620002e-03	6.616778e-04	-2.281680e-03
0.640324      	3.183588e-03	1.358617e-03	1.824970e-03	1.079132e-02	5.576159e-03	5.215157e-03	1.805009e-04	-2.331765e-04	1.470974e-03	-1.618971e-03	6.614888e-04	-2.280459e-03
0.640329      	3.179755e-03	1.356966e-03	1.822789e-03	1.078644e-02	5.573606e-03	5.212831e-03	1.803872e-04	-2.329115e-04	1.470277e-03	-1.617950e-03	6.613024e-04	-2.279253e-03
0.640334      	3.175916e-03	1.355311e-03	1.820605e-03	1.078159e-02	5.571067e-03	5.210520e-03	1.802732e-04	-2.326472e-04	1.469589e-03	-1.616924e-03	6.611265e-04	-2.278051e-03
0.640339      	3.172105e-03	1.353668e-03	1.818437e-03	1.077678e-02	5.568550e-03	5.208228e-03	1.801609e-04	-2.323848e-04	1.468906e-03	-1.615914e-03	6.609494e-04	-2.276863e-03
0.640344      	3.168297e-03	1.352025e-03	1.816271e-03	1.077201e-02	5.566057e-03	5.205958e-03	1.800495e-04	-2.321231e-04	1.468233e-03	-1.614927e-03	6.607693e-04	-2.275696e-03
0.640349      	3.164504e-03	1.350391e-03	1.814114e-03	1.076731e-02	5.563591e-03	5.203715e-03	1.799380e-04	-2.318616e-04	1.467565e-03	-1.613925e-03	6.606021e-04	-2.274527e-03
0.640354      	3.160733e-03	1.348765e-03	1.811969e-03	1.076263e-02	5.561141e-03	5.201488e-03	1.798269e-04	-2.316020e-04	1.466905e-03	-1.612940e-03	6.604347e-04	-2.273375e-03
0.640359      	3.156982e-03	1.347148e-03	1.809834e-03	1.075800e-02	5.558719e-03	5.199285e-03	1.797170e-04	-2.313429e-04	1.466250e-03	-1.611963e-03	6.602678e-04	-2.272231e-03
0.640364      	3.153225e-03	1.345528e-03	1.807697e-03	1.075338e-02	5.556299e-03	5.197084e-03	1.796077e-04	-2.310844e-04	1.465602e-03	-1.611003e-03	6.601004e-04	-2.271103e-03
0.640369      	3.149484e-03	1.343914e-03	1.805570e-03	1.074883e-02	5.553913e-03	5.194915e-03	1.794988e-04	-2.308279e-04	1.464962e-03	-1.610049e-03	6.599376e-04	-2.269986e-03
0.640374      	3.145742e-03	1.342300e-03	1.803442e-03	1.074429e-02	5.551532e-03	5.192753e-03	1.793896e-04	-2.305708e-04	1.464324e-03	-1.609092e-03	6.597783e-04	-2.268870e-03
0.640379      	3.142008e-03	1.340690e-03	1.801318e-03	1.073978e-02	5.549170e-03	5.190606e-03	1.792821e-04	-2.303143e-04	1.463693e-03	-1.608161e-03	6.596126e-04	-2.267773e-03
0.640384      	3.138289e-03	1.339085e-03	1.799204e-03	1.073531e-02	5.546831e-03	5.188480e-03	1.791756e-04	-2.300592e-04	1.463069e-03	-1.607234e-03	6.594525e-04	-2.266686e-03
0.640389      	3.134592e-03	1.337490e-03	1.797102e-03	1.073086e-02	5.544501e-03	5.186363e-03	1.790690e-04	-2.298058e-04	1.462448e-03	-1.606312e-03	6.592927e-04	-2.265604e-03
0.640394      	3.130911e-03	1.335903e-03	1.795009e-03	1.072648e-02	5.542203e-03	5.184276e-03	1.789634e-04	-2.295528e-04	1.461836e-03	-1.605394e-03	6.591389e-04	-2.264533e-03
0.640399      	3.127213e-03	1.334307e-03	1.792906e-03	1.072211e-02	5.539912e-03	5.182196e-03	1.788580e-04	-2.292996e-04	1.461226e-03	-1.604481e-03	6.589854e-04	-2.263466e-03
0.640404      	3.123535e-03	1.332720e-03	1.790816e-03	1.071777e-02	5.537638e-03	5.180131e-03	1.787536e-04	-2.290479e-04	1.460623e-03	-1.603584e-03	6.588307e-04	-2.262415e-03
0.640409      	3.119885e-03	1.331146e-03	1.788739e-03	1.071345e-02	5.535373e-03	5.178074e-03	1.786494e-04	-2.287968e-04	1.460022e-03	-1.602686e-03	6.586794e-04	-2.261365e-03
0.640414      	3.116247e-03	1.329575e-03	1.786672e-03	1.070915e-02	5.533123e-03	5.176030e-03	1.785464e-04	-2.285482e-04	1.459429e-03	-1.601793e-03	6.585325e-04	-2.260326e-03
0.640419      	3.112596e-03	1.328000e-03	1.784596e-03	1.070489e-02	5.530888e-03	5.174002e-03	1.784431e-04	-2.282980e-04	1.458839e-03	-1.600915e-03	6.583815e-04	-2.259296e-03
0.640424      	3.108973e-03	1.326437e-03	1.782536e-03	1.070064e-02	5.528661e-03	5.171981e-03	1.783402e-04	-2.280494e-04	1.458252e-03	-1.600043e-03	6.582304e-04	-2.258273e-03
0.640429      	3.105347e-03	1.324872e-03	1.780475e-03	1.069643e-02	5.526451e-03	5.169975e-03	1.782380e-04	-2.278015e-04	1.457671e-03	-1.599171e-03	6.580856e-04	-2.257257e-03
0.640434      	3.101738e-03	1.323314e-03	1.778424e-03	1.069225e-02	5.524260e-03	5.167988e-03	1.781363e-04	-2.275548e-04	1.457095e-03	-1.598310e-03	6.579400e-04	-2.256250e-03
0.640439      	3.098115e-03	1.321751e-03	1.776364e-03	1.068808e-02	5.522077e-03	5.166006e-03	1.780355e-04	-2.273070e-04	1.456521e-03	-1.597457e-03	6.577928e-04	-2.255249e-03
0.640444      	3.094523e-03	1.320200e-03	1.774323e-03	1.068395e-02	5.519908e-03	5.164038e-03	1.779351e-04	-2.270615e-04	1.455953e-03	-1.596603e-03	6.576515e-04	-2.254254e-03
0.640449      	3.090962e-03	1.318663e-03	1.772299e-03	1.067985e-02	5.517762e-03	5.162092e-03	1.778350e-04	-2.268179e-04	1.455389e-03	-1.595769e-03	6.575048e-04	-2.253274e-03
0.640454      	3.087380e-03	1.317117e-03	1.770263e-03	1.067576e-02	5.515613e-03	5.160145e-03	1.777339e-04	-2.265732e-04	1.454826e-03	-1.594911e-03	6.573701e-04	-2.252282e-03
0.640459      	3.083829e-03	1.315584e-03	1.768245e-03	1.067171e-02	5.513488e-03	5.158219e-03	1.776345e-04	-2.263306e-04	1.454270e-03	-1.594075e-03	6.572322e-04	-2.251307e-03
0.640464      	3.080268e-03	1.314047e-03	1.766222e-03	1.066766e-02	5.511365e-03	5.156294e-03	1.775354e-04	-2.260876e-04	1.453716e-03	-1.593247e-03	6.570924e-04	-2.250340e-03
0.640469      	3.076727e-03	1.312518e-03	1.764209e-03	1.066364e-02	5.509255e-03	5.154382e-03	1.774365e-04	-2.258458e-04	1.453165e-03	-1.592420e-03	6.569553e-04	-2.249375e-03
0.640474      	3.073191e-03	1.310992e-03	1.762199e-03	1.065964e-02	5.507158e-03	5.152482e-03	1.773379e-04	-2.256038e-04	1.452618e-03	-1.591595e-03	6.568200e-04	-2.248415e-03
0.640479      	3.069660e-03	1.309467e-03	1.760193e-03	1.065566e-02	5.505072e-03	5.150590e-03	1.772407e-04	-2.253631e-04	1.452075e-03	-1.590791e-03	6.566794e-04	-2.247470e-03
0.640484      	3.066140e-03	1.307947e-03	1.758193e-03	1.065170e-02	5.502993e-03	5.148707e-03	1.771427e-04	-2.251228e-04	1.451534e-03	-1.589977e-03	6.565457e-04	-2.246523e-03
0.640489      	3.062649e-03	1.306439e-03	1.756210e-03	1.064778e-02	5.500934e-03	5.146843e-03	1.770454e-04	-2.248859e-04	1.451000e-03	-1.589165e-03	6.564170e-04	-2.245582e-03
0.640494      	3.059120e-03	1.304915e-03	1.754205e-03	1.064386e-02	5.498879e-03	5.144980e-03	1.769494e-04	-2.246448e-04	1.450467e-03	-1.588374e-03	6.562802e-04	-2.244654e-03
0.640499      	3.055658e-03	1.303421e-03	1.752238e-03	1.064000e-02	5.496853e-03	5.143146e-03	1.768534e-04	-2.244085e-04	1.449941e-03	-1.587577e-03	6.561526e-04	-2.243729e-03
0.640504      	3.052174e-03	1.301916e-03	1.750258e-03	1.063612e-02	5.494818e-03	5.141303e-03	1.767576e-04	-2.241709e-04	1.449413e-03	-1.586790e-03	6.560186e-04	-2.242808e-03
0.640509      	3.048698e-03	1.300415e-03	1.748283e-03	1.063228e-02	5.492803e-03	5.139478e-03	1.766624e-04	-2.239338e-04	1.448892e-03	-1.585996e-03	6.558941e-04	-2.241890e-03
0.640514      	3.045255e-03	1.298929e-03	1.746326e-03	1.062845e-02	5.490793e-03	5.137657e-03	1.765683e-04	-2.236989e-04	1.448370e-03	-1.585224e-03	6.557579e-04	-2.240982e-03
0.640519      	3.041764e-03	1.297421e-03	1.744343e-03	1.062459e-02	5.488768e-03	5.135825e-03	1.764716e-04	-2.234611e-04	1.447846e-03	-1.584435e-03	6.556283e-04	-2.240064e-03
0.640524      	3.038321e-03	1.295933e-03	1.742388e-03	1.062080e-02	5.486776e-03	5.134023e-03	1.763766e-04	-2.232271e-04	1.447331e-03	-1.583650e-03	6.555060e-04	-2.239156e-03
0.640529      	3.034906e-03	1.294459e-03	1.740447e-03	1.061701e-02	5.484789e-03	5.132224e-03	1.762826e-04	-2.229942e-04	1.446820e-03	-1.582881e-03	6.553794e-04	-2.238261e-03
0.640534      	3.031461e-03	1.292971e-03	1.738490e-03	1.061324e-02	5.482809e-03	5.130431e-03	1.761891e-04	-2.227594e-04	1.446309e-03	-1.582123e-03	6.552477e-04	-2.237371e-03
0.640539      	3.028041e-03	1.291493e-03	1.736547e-03	1.060950e-02	5.480847e-03	5.128656e-03	1.760957e-04	-2.225269e-04	1.445802e-03	-1.581370e-03	6.551175e-04	-2.236487e-03
0.640544      	3.024626e-03	1.290019e-03	1.734607e-03	1.060576e-02	5.478879e-03	5.126877e-03	1.760007e-04	-2.222942e-04	1.445295e-03	-1.580598e-03	6.549956e-04	-2.235594e-03
0.640549      	3.021211e-03	1.288544e-03	1.732667e-03	1.060205e-02	5.476935e-03	5.125119e-03	1.759083e-04	-2.220613e-04	1.444793e-03	-1.579848e-03	6.548684e-04	-2.234717e-03
0.640554      	3.017814e-03	1.287076e-03	1.730738e-03	1.059837e-02	5.475002e-03	5.123370e-03	1.758160e-04	-2.218311e-04	1.444295e-03	-1.579107e-03	6.547416e-04	-2.233849e-03
0.640559      	3.014444e-03	1.285621e-03	1.728823e-03	1.059467e-02	5.473061e-03	5.121613e-03	1.757241e-04	-2.216009e-04	1.443799e-03	-1.578363e-03	6.546172e-04	-2.232980e-03
0.640564      	3.011078e-03	1.284167e-03	1.726911e-03	1.059102e-02	5.471143e-03	5.119878e-03	1.756323e-04	-2.213724e-04	1.443306e-03	-1.577623e-03	6.544943e-04	-2.232117e-03
0.640569      	3.007707e-03	1.282711e-03	1.724996e-03	1.058737e-02	5.469227e-03	5.118145e-03	1.755409e-04	-2.211427e-04	1.442814e-03	-1.576902e-03	6.543626e-04	-2.231265e-03
0.640574      	3.004348e-03	1.281259e-03	1.723088e-03	1.058375e-02	5.467326e-03	5.116426e-03	1.754499e-04	-2.209143e-04	1.442326e-03	-1.576171e-03	6.542405e-04	-2.230412e-03
0.640579      	3.001024e-03	1.279824e-03	1.721200e-03	1.058014e-02	5.465429e-03	5.114712e-03	1.753588e-04	-2.206881e-04	1.441839e-03	-1.575443e-03	6.541179e-04	-2.229561e-03
0.640584      	2.997703e-03	1.278389e-03	1.719314e-03	1.057656e-02	5.463549e-03	5.113012e-03	1.752684e-04	-2.204626e-04	1.441359e-03	-1.574727e-03	6.539953e-04	-2.228722e-03
0.640589      	2.994376e-03	1.276951e-03	1.717424e-03	1.057298e-02	5.461668e-03	5.111312e-03	1.751781e-04	-2.202364e-04	1.440877e-03	-1.574005e-03	6.538739e-04	-2.227879e-03
0.640594      	2.991087e-03	1.275532e-03	1.715555e-03	1.056941e-02	5.459794e-03	5.109618e-03	1.750882e-04	-2.200119e-04	1.440399e-03	-1.573293e-03	6.537524e-04	-2.227045e-03
0.640599      	2.987803e-03	1.274113e-03	1.713689e-03	1.056586e-02	5.457927e-03	5.107930e-03	1.749988e-04	-2.197880e-04	1.439922e-03	-1.572579e-03	6.536330e-04	-2.226212e-03
0.640604      	2.984502e-03	1.272686e-03	1.711816e-03	1.056234e-02	5.456080e-03	5.106261e-03	1.749097e-04	-2.195646e-04	1.439449e-03	-1.571876e-03	6.535111e-04	-2.225387e-03
0.640609      	2.981212e-03	1.271265e-03	1.709947e-03	1.055884e-02	5.454241e-03	5.104599e-03	1.748209e-04	-2.193411e-04	1.438979e-03	-1.571178e-03	6.533897e-04	-2.224567e-03
0.640614      	2.977911e-03	1.269837e-03	1.708073e-03	1.055531e-02	5.452389e-03	5.102925e-03	1.747318e-04	-2.191180e-04	1.438509e-03	-1.570464e-03	6.532773e-04	-2.223741e-03
0.640619      	2.974641e-03	1.268425e-03	1.706216e-03	1.055185e-02	5.450566e-03	5.101280e-03	1.746432e-04	-2.188958e-04	1.438043e-03	-1.569765e-03	6.531606e-04	-2.222926e-03
0.640624      	2.971379e-03	1.267015e-03	1.704365e-03	1.054838e-02	5.448744e-03	5.099635e-03	1.745545e-04	-2.186750e-04	1.437579e-03	-1.569064e-03	6.530470e-04	-2.222111e-03
0.640629      	2.968114e-03	1.265604e-03	1.702510e-03	1.054492e-02	5.446928e-03	5.097995e-03	1.744664e-04	-2.184533e-04	1.437115e-03	-1.568373e-03	6.529290e-04	-2.221302e-03
0.640634      	2.964855e-03	1.264195e-03	1.700660e-03	1.054148e-02	5.445117e-03	5.096361e-03	1.743780e-04	-2.182322e-04	1.436653e-03	-1.567682e-03	6.528125e-04	-2.220494e-03
0.640639      	2.961614e-03	1.262795e-03	1.698819e-03	1.053806e-02	5.443322e-03	5.094741e-03	1.742903e-04	-2.180123e-04	1.436195e-03	-1.566991e-03	6.526995e-04	-2.219691e-03
0.640644      	2.958394e-03	1.261403e-03	1.696990e-03	1.053465e-02	5.441526e-03	5.093121e-03	1.742027e-04	-2.177937e-04	1.435738e-03	-1.566303e-03	6.525864e-04	-2.218890e-03
0.640649      	2.955159e-03	1.260005e-03	1.695154e-03	1.053124e-02	5.439736e-03	5.091506e-03	1.741150e-04	-2.175743e-04	1.435283e-03	-1.565621e-03	6.524724e-04	-2.218093e-03
0.640654      	2.951946e-03	1.258617e-03	1.693329e-03	1.052786e-02	5.437956e-03	5.089900e-03	1.740281e-04	-2.173559e-04	1.434830e-03	-1.564945e-03	6.523573e-04	-2.217302e-03
0.640659      	2.948726e-03	1.257226e-03	1.691500e-03	1.052448e-02	5.436181e-03	5.088298e-03	1.739413e-04	-2.171371e-04	1.434377e-03	-1.564263e-03	6.522454e-04	-2.216508e-03
0.640664      	2.945523e-03	1.255841e-03	1.689682e-03	1.052113e-02	5.434421e-03	5.086712e-03	1.738546e-04	-2.169203e-04	1.433929e-03	-1.563595e-03	6.521317e-04	-2.215727e-03
0.640669      	2.942326e-03	1.254459e-03	1.687867e-03	1.051779e-02	5.432665e-03	5.085128e-03	1.737681e-04	-2.167040e-04	1.433483e-03	-1.562916e-03	6.520247e-04	-2.214941e-03
0.640674      	2.939165e-03	1.253092e-03	1.686073e-03	1.051446e-02	5.430913e-03	5.083549e-03	1.736819e-04	-2.164906e-04	1.433040e-03	-1.562264e-03	6.519081e-04	-2.214172e-03
0.640679      	2.935969e-03	1.251710e-03	1.684258e-03	1.051114e-02	5.429167e-03	5.081975e-03	1.735963e-04	-2.162739e-04	1.432595e-03	-1.561594e-03	6.517979e-04	-2.213392e-03
0.640684      	2.932788e-03	1.250335e-03	1.682453e-03	1.050783e-02	5.427426e-03	5.080405e-03	1.735104e-04	-2.160588e-04	1.432154e-03	-1.560931e-03	6.516884e-04	-2.212620e-03
0.640689      	2.929625e-03	1.248968e-03	1.680657e-03	1.050453e-02	5.425688e-03	5.078838e-03	1.734250e-04	-2.158449e-04	1.431712e-03	-1.560268e-03	6.515782e-04	-2.211846e-03
0.640694      	2.926490e-03	1.247614e-03	1.678876e-03	1.050123e-02	5.423953e-03	5.077275e-03	1.733390e-04	-2.156309e-04	1.431273e-03	-1.559591e-03	6.514768e-04	-2.211068e-03
0.640699      	2.923330e-03	1.246249e-03	1.677081e-03	1.049794e-02	5.422225e-03	5.075717e-03	1.732542e-04	-2.154158e-04	1.430834e-03	-1.558936e-03	6.513655e-04	-2.210302e-03
0.640704      	2.920191e-03	1.244893e-03	1.675299e-03	1.049468e-02	5.420512e-03	5.074173e-03	1.731694e-04	-2.152031e-04	1.430399e-03	-1.558278e-03	6.512599e-04	-2.209538e-03
0.640709      	2.917055e-03	1.243536e-03	1.673519e-03	1.049143e-02	5.418800e-03	5.072632e-03	1.730839e-04	-2.149912e-04	1.429965e-03	-1.557612e-03	6.511594e-04	-2.208771e-03
0.640714      	2.913929e-03	1.242185e-03	1.671744e-03	1.048819e-02	5.417092e-03	5.071095e-03	1.729988e-04	-2.147793e-04	1.429532e-03	-1.556961e-03	6.510514e-04	-2.208012e-03
0.640719      	2.910798e-03	1.240832e-03	1.669967e-03	1.048496e-02	5.415395e-03	5.069566e-03	1.729145e-04	-2.145674e-04	1.429104e-03	-1.556315e-03	6.509462e-04	-2.207261e-03
0.640724      	2.907686e-03	1.239486e-03	1.668200e-03	1.048174e-02	5.413700e-03	5.068040e-03	1.728297e-04	-2.143569e-04	1.428673e-03	-1.555653e-03	6.508459e-04	-2.206499e-03
0.640729      	2.904593e-03	1.238149e-03	1.666444e-03	1.047853e-02	5.412011e-03	5.066522e-03	1.727447e-04	-2.141472e-04	1.428245e-03	-1.555007e-03	6.507411e-04	-2.205748e-03
0.640734      	2.901488e-03	1.236808e-03	1.664681e-03	1.047534e-02	5.410329e-03	5.065007e-03	1.726611e-04	-2.139366e-04	1.427818e-03	-1.554372e-03	6.506317e-04	-2.205004e-03
0.640739      	2.898389e-03	1.235467e-03	1.662922e-03	1.047215e-02	5.408652e-03	5.063497e-03	1.725771e-04	-2.137274e-04	1.427394e-03	-1.553730e-03	6.505287e-04	-2.204259e-03
0.640744      	2.895313e-03	1.234137e-03	1.661176e-03	1.046898e-02	5.406984e-03	5.061997e-03	1.724936e-04	-2.135194e-04	1.426972e-03	-1.553092e-03	6.504257e-04	-2.203518e-03
0.640749      	2.892244e-03	1.232810e-03	1.659434e-03	1.046583e-02	5.405326e-03	5.060506e-03	1.724101e-04	-2.133121e-04	1.426553e-03	-1.552458e-03	6.503236e-04	-2.202782e-03
0.640754      	2.889169e-03	1.231481e-03	1.657688e-03	1.046268e-02	5.403665e-03	5.059011e-03	1.723270e-04	-2.131039e-04	1.426132e-03	-1.551831e-03	6.502167e-04	-2.202047e-03
0.640759      	2.886127e-03	1.230165e-03	1.655962e-03	1.045955e-02	5.402020e-03	5.057532e-03	1.722440e-04	-2.128987e-04	1.425717e-03	-1.551201e-03	6.501161e-04	-2.201317e-03
0.640764      	2.883088e-03	1.228851e-03	1.654238e-03	1.045643e-02	5.400376e-03	5.056054e-03	1.721610e-04	-2.126935e-04	1.425302e-03	-1.550570e-03	6.500168e-04	-2.200587e-03
0.640769      	2.880032e-03	1.227529e-03	1.652502e-03	1.045331e-02	5.398734e-03	5.054576e-03	1.720790e-04	-2.124864e-04	1.424885e-03	-1.549949e-03	6.499106e-04	-2.199859e-03
0.640774      	2.877002e-03	1.226220e-03	1.650782e-03	1.045020e-02	5.397098e-03	5.053104e-03	1.719970e-04	-2.122812e-04	1.424471e-03	-1.549334e-03	6.498037e-04	-2.199138e-03
0.640779      	2.873975e-03	1.224911e-03	1.649064e-03	1.044710e-02	5.395467e-03	5.051637e-03	1.719149e-04	-2.120769e-04	1.424058e-03	-1.548704e-03	6.497064e-04	-2.198410e-03
0.640784      	2.870950e-03	1.223603e-03	1.647347e-03	1.044401e-02	5.393840e-03	5.050175e-03	1.718326e-04	-2.118723e-04	1.423647e-03	-1.548093e-03	6.495999e-04	-2.197693e-03
0.640789      	2.867933e-03	1.222298e-03	1.645635e-03	1.044093e-02	5.392214e-03	5.048713e-03	1.717507e-04	-2.116684e-04	1.423235e-03	-1.547471e-03	6.494996e-04	-2.196971e-03
0.640794      	2.864916e-03	1.220994e-03	1.643922e-03	1.043786e-02	5.390599e-03	5.047261e-03	1.716693e-04	-2.114638e-04	1.422826e-03	-1.546874e-03	6.493892e-04	-2.196263e-03
0.640799      	2.861927e-03	1.219701e-03	1.642226e-03	1.043480e-02	5.388986e-03	5.045810e-03	1.715878e-04	-2.112626e-04	1.422421e-03	-1.546249e-03	6.492965e-04	-2.195545e-03
0.640804      	2.858928e-03	1.218404e-03	1.640524e-03	1.043176e-02	5.387387e-03	5.044374e-03	1.715065e-04	-2.110599e-04	1.422016e-03	-1.545634e-03	6.491993e-04	-2.194833e-03
0.640809      	2.855942e-03	1.217112e-03	1.638830e-03	1.042873e-02	5.385788e-03	5.042938e-03	1.714250e-04	-2.108588e-04	1.421613e-03	-1.545020e-03	6.491026e-04	-2.194123e-03
0.640814      	2.852967e-03	1.215826e-03	1.637141e-03	1.042570e-02	5.384192e-03	5.041504e-03	1.713441e-04	-2.106573e-04	1.421210e-03	-1.544405e-03	6.490078e-04	-2.193413e-03
0.640819      	2.850011e-03	1.214548e-03	1.635462e-03	1.042269e-02	5.382607e-03	5.040081e-03	1.712632e-04	-2.104572e-04	1.420809e-03	-1.543802e-03	6.489085e-04	-2.192710e-03
0.640824      	2.847042e-03	1.213265e-03	1.633778e-03	1.041968e-02	5.381022e-03	5.038656e-03	1.711832e-04	-2.102566e-04	1.420409e-03	-1.543211e-03	6.488037e-04	-2.192015e-03
0.640829      	2.844091e-03	1.211989e-03	1.632103e-03	1.041669e-02	5.379446e-03	5.037240e-03	1.711027e-04	-2.100570e-04	1.420011e-03	-1.542615e-03	6.487031e-04	-2.191319e-03
0.640834      	2.841151e-03	1.210717e-03	1.630434e-03	1.041370e-02	5.377875e-03	5.035830e-03	1.710224e-04	-2.098585e-04	1.419614e-03	-1.542020e-03	6.486041e-04	-2.190624e-03
0.640839      	2.838198e-03	1.209439e-03	1.628759e-03	1.041072e-02	5.376304e-03	5.034419e-03	1.709423e-04	-2.096600e-04	1.419219e-03	-1.541419e-03	6.485094e-04	-2.189929e-03
0.640844      	2.835255e-03	1.208166e-03	1.627089e-03	1.040775e-02	5.374739e-03	5.033015e-03	1.708621e-04	-2.094614e-04	1.418824e-03	-1.540820e-03	6.484139e-04	-2.189234e-03
0.640849      	2.832314e-03	1.206893e-03	1.625420e-03	1.040480e-02	5.373183e-03	5.031618e-03	1.707826e-04	-2.092635e-04	1.418431e-03	-1.540228e-03	6.483176e-04	-2.188545e-03
0.640854      	2.829405e-03	1.205635e-03	1.623770e-03	1.040185e-02	5.371629e-03	5.030223e-03	1.707029e-04	-2.090674e-04	1.418040e-03	-1.539636e-03	6.482217e-04	-2.187858e-03
0.640859      	2.826507e-03	1.204382e-03	1.622126e-03	1.039891e-02	5.370079e-03	5.028831e-03	1.706239e-04	-2.088720e-04	1.417650e-03	-1.539069e-03	6.481154e-04	-2.187184e-03
0.640864      	2.823577e-03	1.203115e-03	1.620462e-03	1.039598e-02	5.368532e-03	5.027443e-03	1.705446e-04	-2.086735e-04	1.417258e-03	-1.538478e-03	6.480191e-04	-2.186497e-03
0.640869      	2.820669e-03	1.201857e-03	1.618813e-03	1.039306e-02	5.366994e-03	5.026064e-03	1.704653e-04	-2.084779e-04	1.416871e-03	-1.537892e-03	6.479253e-04	-2.185817e-03
0.640874      	2.817791e-03	1.200612e-03	1.617179e-03	1.039016e-02	5.365466e-03	5.024692e-03	1.703869e-04	-2.082832e-04	1.416485e-03	-1.537315e-03	6.478275e-04	-2.185143e-03
0.640879      	2.814892e-03	1.199358e-03	1.615534e-03	1.038727e-02	5.363941e-03	5.023325e-03	1.703081e-04	-2.080882e-04	1.416101e-03	-1.536731e-03	6.477354e-04	-2.184466e-03
0.640884      	2.812019e-03	1.198114e-03	1.613905e-03	1.038437e-02	5.362415e-03	5.021957e-03	1.702290e-04	-2.078955e-04	1.415717e-03	-1.536142e-03	6.476457e-04	-2.183788e-03
0.640889      	2.809135e-03	1.196867e-03	1.612268e-03	1.038149e-02	5.360895e-03	5.020593e-03	1.701510e-04	-2.077007e-04	1.415334e-03	-1.535566e-03	6.475508e-04	-2.183117e-03
0.640894      	2.806287e-03	1.195636e-03	1.610651e-03	1.037861e-02	5.359378e-03	5.019231e-03	1.700733e-04	-2.075079e-04	1.414951e-03	-1.535007e-03	6.474477e-04	-2.182455e-03
0.640899      	2.803425e-03	1.194398e-03	1.609028e-03	1.037575e-02	5.357871e-03	5.017881e-03	1.699951e-04	-2.073149e-04	1.414571e-03	-1.534428e-03	6.473567e-04	-2.181785e-03
0.640904      	2.800565e-03	1.193160e-03	1.607404e-03	1.037289e-02	5.356365e-03	5.016530e-03	1.699174e-04	-2.071218e-04	1.414191e-03	-1.533863e-03	6.472594e-04	-2.181123e-03
0.640909      	2.797722e-03	1.191930e-03	1.605791e-03	1.037003e-02	5.354857e-03	5.015178e-03	1.698392e-04	-2.069304e-04	1.413811e-03	-1.533285e-03	6.471686e-04	-2.180454e-03
0.640914      	2.794871e-03	1.190698e-03	1.604173e-03	1.036719e-02	5.353354e-03	5.013831e-03	1.697618e-04	-2.067379e-04	1.413432e-03	-1.532723e-03	6.470704e-04	-2.179793e-03
0.640919      	2.792041e-03	1.189474e-03	1.602567e-03	1.036434e-02	5.351854e-03	5.012485e-03	1.696848e-04	-2.065468e-04	1.413054e-03	-1.532168e-03	6.469704e-04	-2.179139e-03
0.640924      	2.789222e-03	1.188254e-03	1.600968e-03	1.036152e-02	5.350366e-03	5.011151e-03	1.696073e-04	-2.063571e-04	1.412678e-03	-1.531592e-03	6.468817e-04	-2.178474e-03
0.640929      	2.786391e-03	1.187030e-03	1.599361e-03	1.035869e-02	5.348873e-03	5.009813e-03	1.695300e-04	-2.061656e-04	1.412301e-03	-1.531029e-03	6.467869e-04	-2.177816e-03
0.640934      	2.783548e-03	1.185798e-03	1.597750e-03	1.035587e-02	5.347386e-03	5.008480e-03	1.694530e-04	-2.059760e-04	1.411927e-03	-1.530463e-03	6.466959e-04	-2.177159e-03
0.640939      	2.780762e-03	1.184594e-03	1.596169e-03	1.035307e-02	5.345911e-03	5.007158e-03	1.693762e-04	-2.057875e-04	1.411555e-03	-1.529900e-03	6.466049e-04	-2.176505e-03
0.640944      	2.777955e-03	1.183379e-03	1.594576e-03	1.035028e-02	5.344440e-03	5.005841e-03	1.692995e-04	-2.055987e-04	1.411184e-03	-1.529343e-03	6.465124e-04	-2.175855e-03
0.640949      	2.775158e-03	1.182169e-03	1.592989e-03	1.034749e-02	5.342969e-03	5.004524e-03	1.692228e-04	-2.054102e-04	1.410813e-03	-1.528787e-03	6.464192e-04	-2.175207e-03
0.640954      	2.772369e-03	1.180962e-03	1.591407e-03	1.034472e-02	5.341507e-03	5.003213e-03	1.691467e-04	-2.052225e-04	1.410444e-03	-1.528235e-03	6.463265e-04	-2.174562e-03
0.640959      	2.769587e-03	1.179758e-03	1.589829e-03	1.034195e-02	5.340048e-03	5.001907e-03	1.690705e-04	-2.050355e-04	1.410077e-03	-1.527681e-03	6.462363e-04	-2.173917e-03
0.640964      	2.766818e-03	1.178560e-03	1.588259e-03	1.033920e-02	5.338593e-03	5.000605e-03	1.689942e-04	-2.048495e-04	1.409710e-03	-1.527131e-03	6.461449e-04	-2.173275e-03
0.640969      	2.764045e-03	1.177359e-03	1.586685e-03	1.033644e-02	5.337139e-03	4.999302e-03	1.689183e-04	-2.046629e-04	1.409343e-03	-1.526583e-03	6.460520e-04	-2.172635e-03
0.640974      	2.761281e-03	1.176163e-03	1.585117e-03	1.033369e-02	5.335689e-03	4.998004e-03	1.688423e-04	-2.044770e-04	1.408978e-03	-1.526034e-03	6.459616e-04	-2.171995e-03
0.640979      	2.758519e-03	1.174968e-03	1.583551e-03	1.033097e-02	5.334250e-03	4.996716e-03	1.687673e-04	-2.042915e-04	1.408615e-03	-1.525495e-03	6.458680e-04	-2.171363e-03
0.640984      	2.755767e-03	1.173777e-03	1.581989e-03	1.032823e-02	5.332807e-03	4.995423e-03	1.686921e-04	-2.041058e-04	1.408251e-03	-1.524952e-03	6.457749e-04	-2.170727e-03
0.640989      	2.753033e-03	1.172594e-03	1.580438e-03	1.032550e-02	5.331369e-03	4.994135e-03	1.686168e-04	-2.039220e-04	1.407890e-03	-1.524413e-03	6.456838e-04	-2.170097e-03
0.640994      	2.750278e-03	1.171402e-03	1.578876e-03	1.032278e-02	5.329933e-03	4.992850e-03	1.685416e-04	-2.037368e-04	1.407528e-03	-1.523869e-03	6.455935e-04	-2.169463e-03
0.640999      	2.747544e-03	1.170219e-03	1.577325e-03	1.032007e-02	5.328501e-03	4.991568e-03	1.684663e-04	-2.035533e-04	1.407167e-03	-1.523323e-03	6.455060e-04	-2.168829e-03
0.641004      	2.744815e-03	1.169038e-03	1.575777e-03	1.031738e-02	5.327079e-03	4.990296e-03	1.683916e-04	-2.033695e-04	1.406807e-03	-1.522788e-03	6.454137e-04	-2.168201e-03
0.641009      	2.742092e-03	1.167859e-03	1.574233e-03	1.031469e-02	5.325662e-03	4.989028e-03	1.683170e-04	-2.031874e-04	1.406450e-03	-1.522255e-03	6.453227e-04	-2.167578e-03
0.641014      	2.739379e-03	1.166685e-03	1.572695e-03	1.031200e-02	5.324241e-03	4.987757e-03	1.682419e-04	-2.030048e-04	1.406093e-03	-1.521715e-03	6.452351e-04	-2.166950e-03
0.641019      	2.736669e-03	1.165512e-03	1.571157e-03	1.030934e-02	5.322837e-03	4.986503e-03	1.681669e-04	-2.028227e-04	1.405737e-03	-1.521180e-03	6.451469e-04	-2.166327e-03
0.641024      	2.733960e-03	1.164339e-03	1.569621e-03	1.030666e-02	5.321425e-03	4.985240e-03	1.680924e-04	-2.026410e-04	1.405382e-03	-1.520646e-03	6.450588e-04	-2.165705e-03
0.641029      	2.731260e-03	1.163170e-03	1.568090e-03	1.030400e-02	5.320020e-03	4.983984e-03	1.680180e-04	-2.024596e-04	1.405027e-03	-1.520111e-03	6.449715e-04	-2.165083e-03
0.641034      	2.728569e-03	1.162006e-03	1.566563e-03	1.030136e-02	5.318624e-03	4.982735e-03	1.679441e-04	-2.022788e-04	1.404675e-03	-1.519585e-03	6.448828e-04	-2.164468e-03
0.641039      	2.725873e-03	1.160839e-03	1.565035e-03	1.029871e-02	5.317226e-03	4.981486e-03	1.678701e-04	-2.020980e-04	1.404324e-03	-1.519054e-03	6.447967e-04	-2.163851e-03
0.641044      	2.723198e-03	1.159680e-03	1.563518e-03	1.029608e-02	5.315834e-03	4.980242e-03	1.677964e-04	-2.019186e-04	1.403973e-03	-1.518530e-03	6.447084e-04	-2.163238e-03
0.641049      	2.720513e-03	1.158518e-03	1.561995e-03	1.029344e-02	5.314442e-03	4.978997e-03	1.677224e-04	-2.017382e-04	1.403622e-03	-1.518000e-03	6.446218e-04	-2.162622e-03
0.641054      	2.717843e-03	1.157362e-03	1.560481e-03	1.029083e-02	5.313063e-03	4.977766e-03	1.676487e-04	-2.015595e-04	1.403275e-03	-1.517474e-03	6.445378e-04	-2.162012e-03
0.641059      	2.715176e-03	1.156207e-03	1.558968e-03	1.028822e-02	5.311684e-03	4.976534e-03	1.675753e-04	-2.013805e-04	1.402926e-03	-1.516956e-03	6.444484e-04	-2.161404e-03
0.641064      	2.712505e-03	1.155051e-03	1.557454e-03	1.028560e-02	5.310302e-03	4.975297e-03	1.675022e-04	-2.012017e-04	1.402579e-03	-1.516436e-03	6.443613e-04	-2.160797e-03
0.641069      	2.709841e-03	1.153897e-03	1.555944e-03	1.028298e-02	5.308919e-03	4.974061e-03	1.674289e-04	-2.010233e-04	1.402231e-03	-1.515917e-03	6.442729e-04	-2.160190e-03
0.641074      	2.707216e-03	1.152762e-03	1.554454e-03	1.028041e-02	5.307560e-03	4.972849e-03	1.673559e-04	-2.008462e-04	1.401889e-03	-1.515397e-03	6.441900e-04	-2.159587e-03
0.641079      	2.704593e-03	1.151627e-03	1.552966e-03	1.027782e-02	5.306192e-03	4.971627e-03	1.672824e-04	-2.006696e-04	1.401544e-03	-1.514866e-03	6.441109e-04	-2.158977e-03
0.641084      	2.701945e-03	1.150480e-03	1.551465e-03	1.027524e-02	5.304829e-03	4.970410e-03	1.672093e-04	-2.004928e-04	1.401200e-03	-1.514349e-03	6.440259e-04	-2.158375e-03
0.641089      	2.699308e-03	1.149338e-03	1.549971e-03	1.027266e-02	5.303468e-03	4.969196e-03	1.671360e-04	-2.003164e-04	1.400857e-03	-1.513832e-03	6.439409e-04	-2.157773e-03
0.641094      	2.696689e-03	1.148203e-03	1.548485e-03	1.027011e-02	5.302117e-03	4.967990e-03	1.670636e-04	-2.001410e-04	1.400516e-03	-1.513322e-03	6.438554e-04	-2.157177e-03
0.641099      	2.694075e-03	1.147072e-03	1.547003e-03	1.026756e-02	5.300769e-03	4.966786e-03	1.669916e-04	-1.999657e-04	1.400176e-03	-1.512821e-03	6.437661e-04	-2.156587e-03
0.641104      	2.691464e-03	1.145941e-03	1.545523e-03	1.026500e-02	5.299419e-03	4.965581e-03	1.669189e-04	-1.997909e-04	1.399835e-03	-1.512305e-03	6.436826e-04	-2.155988e-03
0.641109      	2.688849e-03	1.144808e-03	1.544040e-03	1.026244e-02	5.298067e-03	4.964374e-03	1.668468e-04	-1.996159e-04	1.399495e-03	-1.511797e-03	6.435968e-04	-2.155394e-03
0.641114      	2.686246e-03	1.143681e-03	1.542565e-03	1.025991e-02	5.296729e-03	4.963180e-03	1.667746e-04	-1.994422e-04	1.399158e-03	-1.511290e-03	6.435126e-04	-2.154803e-03
0.641119      	2.683658e-03	1.142561e-03	1.541097e-03	1.025738e-02	5.295393e-03	4.961989e-03	1.667022e-04	-1.992684e-04	1.398820e-03	-1.510778e-03	6.434313e-04	-2.154210e-03
0.641124      	2.681074e-03	1.141442e-03	1.539632e-03	1.025484e-02	5.294052e-03	4.960792e-03	1.666301e-04	-1.990953e-04	1.398483e-03	-1.510269e-03	6.433486e-04	-2.153618e-03
0.641129      	2.678477e-03	1.140317e-03	1.538159e-03	1.025231e-02	5.292715e-03	4.959598e-03	1.665581e-04	-1.989210e-04	1.398146e-03	-1.509763e-03	6.432643e-04	-2.153027e-03
0.641134      	2.675912e-03	1.139207e-03	1.536704e-03	1.024980e-02	5.291388e-03	4.958415e-03	1.664868e-04	-1.987487e-04	1.397811e-03	-1.509265e-03	6.431790e-04	-2.152444e-03
0.641139      	2.673331e-03	1.138089e-03	1.535242e-03	1.024730e-02	5.290066e-03	4.957236e-03	1.664152e-04	-1.985764e-04	1.397478e-03	-1.508764e-03	6.430961e-04	-2.151860e-03
0.641144      	2.670754e-03	1.136973e-03	1.533781e-03	1.024480e-02	5.288745e-03	4.956057e-03	1.663439e-04	-1.984040e-04	1.397145e-03	-1.508259e-03	6.430151e-04	-2.151275e-03
0.641149      	2.668190e-03	1.135863e-03	1.532328e-03	1.024230e-02	5.287425e-03	4.954880e-03	1.662727e-04	-1.982325e-04	1.396812e-03	-1.507759e-03	6.429328e-04	-2.150692e-03
0.641154      	2.665638e-03	1.134758e-03	1.530881e-03	1.023983e-02	5.286117e-03	4.953714e-03	1.662016e-04	-1.980616e-04	1.396483e-03	-1.507264e-03	6.428506e-04	-2.150115e-03
0.641159      	2.663096e-03	1.133656e-03	1.529439e-03	1.023735e-02	5.284807e-03	4.952545e-03	1.661308e-04	-1.978916e-04	1.396152e-03	-1.506771e-03	6.427670e-04	-2.149538e-03
0.641164      	2.660550e-03	1.132554e-03	1.527996e-03	1.023488e-02	5.283498e-03	4.951379e-03	1.660598e-04	-1.977209e-04	1.395821e-03	-1.506271e-03	6.426860e-04	-2.148957e-03
0.641169      	2.658011e-03	1.131455e-03	1.526557e-03	1.023242e-02	5.282197e-03	4.950219e-03	1.659886e-04	-1.975510e-04	1.395493e-03	-1.505770e-03	6.426087e-04	-2.148378e-03
0.641174      	2.655449e-03	1.130344e-03	1.525105e-03	1.022995e-02	5.280893e-03	4.949056e-03	1.659187e-04	-1.973807e-04	1.395166e-03	-1.505290e-03	6.425204e-04	-2.147811e-03
0.641179      	2.652942e-03	1.129258e-03	1.523684e-03	1.022751e-02	5.279604e-03	4.947908e-03	1.658480e-04	-1.972131e-04	1.394840e-03	-1.504801e-03	6.424394e-04	-2.147240e-03
0.641184      	2.650414e-03	1.128163e-03	1.522251e-03	1.022507e-02	5.278310e-03	4.946755e-03	1.657774e-04	-1.970441e-04	1.394512e-03	-1.504305e-03	6.423597e-04	-2.146665e-03
0.641189      	2.647887e-03	1.127068e-03	1.520819e-03	1.022262e-02	5.277017e-03	4.945603e-03	1.657071e-04	-1.968758e-04	1.394187e-03	-1.503811e-03	6.422818e-04	-2.146093e-03
0.641194      	2.645398e-03	1.125990e-03	1.519408e-03	1.022018e-02	5.275726e-03	4.944452e-03	1.656372e-04	-1.967087e-04	1.393863e-03	-1.503325e-03	6.422008e-04	-2.145526e-03
0.641199      	2.642896e-03	1.124906e-03	1.517990e-03	1.021775e-02	5.274442e-03	4.943307e-03	1.655673e-04	-1.965417e-04	1.393540e-03	-1.502840e-03	6.421201e-04	-2.144960e-03
0.641204      	2.640396e-03	1.123823e-03	1.516573e-03	1.021533e-02	5.273163e-03	4.942168e-03	1.654974e-04	-1.963749e-04	1.393217e-03	-1.502354e-03	6.420405e-04	-2.144394e-03
0.641209      	2.637895e-03	1.122740e-03	1.515155e-03	1.021293e-02	5.271892e-03	4.941037e-03	1.654277e-04	-1.962075e-04	1.392895e-03	-1.501874e-03	6.419580e-04	-2.143832e-03
0.641214      	2.635401e-03	1.121659e-03	1.513742e-03	1.021051e-02	5.270615e-03	4.939899e-03	1.653579e-04	-1.960417e-04	1.392574e-03	-1.501395e-03	6.418770e-04	-2.143272e-03
0.641219      	2.632910e-03	1.120580e-03	1.512330e-03	1.020812e-02	5.269350e-03	4.938773e-03	1.652885e-04	-1.958752e-04	1.392254e-03	-1.500920e-03	6.417938e-04	-2.142714e-03
0.641224      	2.630401e-03	1.119493e-03	1.510908e-03	1.020572e-02	5.268078e-03	4.937640e-03	1.652193e-04	-1.957079e-04	1.391933e-03	-1.500437e-03	6.417140e-04	-2.142151e-03
0.641229      	2.627923e-03	1.118419e-03	1.509504e-03	1.020334e-02	5.266820e-03	4.936520e-03	1.651501e-04	-1.955427e-04	1.391616e-03	-1.499962e-03	6.416348e-04	-2.141597e-03
0.641234      	2.625454e-03	1.117349e-03	1.508105e-03	1.020097e-02	5.265564e-03	4.935403e-03	1.650808e-04	-1.953782e-04	1.391298e-03	-1.499487e-03	6.415547e-04	-2.141041e-03
0.641239      	2.622984e-03	1.116279e-03	1.506706e-03	1.019858e-02	5.264303e-03	4.934280e-03	1.650119e-04	-1.952134e-04	1.390980e-03	-1.499012e-03	6.414741e-04	-2.140486e-03
0.641244      	2.620511e-03	1.115207e-03	1.505304e-03	1.019621e-02	5.263048e-03	4.933163e-03	1.649424e-04	-1.950483e-04	1.390662e-03	-1.498528e-03	6.413978e-04	-2.139926e-03
0.641249      	2.618054e-03	1.114143e-03	1.503911e-03	1.019385e-02	5.261798e-03	4.932052e-03	1.648734e-04	-1.948840e-04	1.390346e-03	-1.498063e-03	6.413141e-04	-2.139377e-03
0.641254      	2.615596e-03	1.113078e-03	1.502518e-03	1.019149e-02	5.260549e-03	4.930939e-03	1.648050e-04	-1.947199e-04	1.390030e-03	-1.497595e-03	6.412325e-04	-2.138827e-03
0.641259      	2.613140e-03	1.112014e-03	1.501127e-03	1.018914e-02	5.259306e-03	4.929834e-03	1.647360e-04	-1.945565e-04	1.389715e-03	-1.497102e-03	6.411642e-04	-2.138266e-03
0.641264      	2.610683e-03	1.110949e-03	1.499734e-03	1.018679e-02	5.258062e-03	4.928726e-03	1.646679e-04	-1.943922e-04	1.389401e-03	-1.496636e-03	6.410830e-04	-2.137719e-03
0.641269      	2.608234e-03	1.109888e-03	1.498346e-03	1.018443e-02	5.256816e-03	4.927618e-03	1.645993e-04	-1.942293e-04	1.389087e-03	-1.496161e-03	6.410060e-04	-2.137167e-03
0.641274      	2.605794e-03	1.108830e-03	1.496964e-03	1.018210e-02	5.255578e-03	4.926517e-03	1.645308e-04	-1.940669e-04	1.388773e-03	-1.495696e-03	6.409247e-04	-2.136621e-03
0.641279      	2.603348e-03	1.107770e-03	1.495578e-03	1.017976e-02	5.254344e-03	4.925419e-03	1.644628e-04	-1.939042e-04	1.388461e-03	-1.495234e-03	6.408445e-04	-2.136078e-03
0.641284      	2.600924e-03	1.106719e-03	1.494205e-03	1.017743e-02	5.253112e-03	4.924322e-03	1.643950e-04	-1.937427e-04	1.388150e-03	-1.494771e-03	6.407647e-04	-2.135536e-03
0.641289      	2.598492e-03	1.105665e-03	1.492827e-03	1.017511e-02	5.251883e-03	4.923229e-03	1.643271e-04	-1.935808e-04	1.387839e-03	-1.494305e-03	6.406870e-04	-2.134992e-03
0.641294      	2.596071e-03	1.104616e-03	1.491454e-03	1.017280e-02	5.250660e-03	4.922141e-03	1.642594e-04	-1.934190e-04	1.387529e-03	-1.493842e-03	6.406075e-04	-2.134450e-03
0.641299      	2.593662e-03	1.103572e-03	1.490090e-03	1.017048e-02	5.249434e-03	4.921051e-03	1.641916e-04	-1.932589e-04	1.387219e-03	-1.493385e-03	6.405267e-04	-2.133912e-03
0.641304      	2.591241e-03	1.102523e-03	1.488718e-03	1.016820e-02	5.248225e-03	4.919974e-03	1.641256e-04	-1.930973e-04	1.386913e-03	-1.492932e-03	6.404465e-04	-2.133379e-03
0.641309      	2.588831e-03	1.101478e-03	1.487353e-03	1.016591e-02	5.247011e-03	4.918896e-03	1.640579e-04	-1.929372e-04	1.386606e-03	-1.492468e-03	6.403725e-04	-2.132840e-03
0.641314      	2.586421e-03	1.100434e-03	1.485987e-03	1.016361e-02	5.245798e-03	4.917816e-03	1.639910e-04	-1.927767e-04	1.386299e-03	-1.492013e-03	6.402930e-04	-2.132306e-03
0.641319      	2.584032e-03	1.099398e-03	1.484634e-03	1.016134e-02	5.244593e-03	4.916746e-03	1.639235e-04	-1.926179e-04	1.385995e-03	-1.491549e-03	6.402204e-04	-2.131769e-03
0.641324      	2.581637e-03	1.098360e-03	1.483277e-03	1.015906e-02	5.243384e-03	4.915672e-03	1.638561e-04	-1.924586e-04	1.385689e-03	-1.491097e-03	6.401408e-04	-2.131238e-03
0.641329      	2.579260e-03	1.097330e-03	1.481931e-03	1.015680e-02	5.242188e-03	4.914609e-03	1.637892e-04	-1.923005e-04	1.385386e-03	-1.490644e-03	6.400644e-04	-2.130708e-03
0.641334      	2.576873e-03	1.096295e-03	1.480578e-03	1.015452e-02	5.240983e-03	4.913538e-03	1.637224e-04	-1.921415e-04	1.385081e-03	-1.490183e-03	6.399897e-04	-2.130173e-03
0.641339      	2.574503e-03	1.095267e-03	1.479236e-03	1.015226e-02	5.239787e-03	4.912475e-03	1.636557e-04	-1.919841e-04	1.384779e-03	-1.489742e-03	6.399077e-04	-2.129650e-03
0.641344      	2.572133e-03	1.094239e-03	1.477893e-03	1.015001e-02	5.238596e-03	4.911417e-03	1.635893e-04	-1.918269e-04	1.384478e-03	-1.489295e-03	6.398300e-04	-2.129126e-03
0.641349      	2.569757e-03	1.093210e-03	1.476547e-03	1.014776e-02	5.237402e-03	4.910356e-03	1.635232e-04	-1.916687e-04	1.384176e-03	-1.488847e-03	6.397524e-04	-2.128599e-03
0.641354      	2.567395e-03	1.092186e-03	1.475210e-03	1.014552e-02	5.236215e-03	4.909301e-03	1.634567e-04	-1.915119e-04	1.383875e-03	-1.488407e-03	6.396713e-04	-2.128079e-03
0.641359      	2.565022e-03	1.091157e-03	1.473864e-03	1.014326e-02	5.235019e-03	4.908238e-03	1.633901e-04	-1.913535e-04	1.383573e-03	-1.487960e-03	6.395924e-04	-2.127553e-03
0.641364      	2.562666e-03	1.090136e-03	1.472530e-03	1.014102e-02	5.233833e-03	4.907184e-03	1.633244e-04	-1.911969e-04	1.383274e-03	-1.487523e-03	6.395123e-04	-2.127035e-03
0.641369      	2.560320e-03	1.089119e-03	1.471201e-03	1.013880e-02	5.232657e-03	4.906140e-03	1.632584e-04	-1.910410e-04	1.382976e-03	-1.487081e-03	6.394351e-04	-2.126516e-03
0.641374      	2.557986e-03	1.088107e-03	1.469879e-03	1.013658e-02	5.231484e-03	4.905100e-03	1.631920e-04	-1.908861e-04	1.382679e-03	-1.486635e-03	6.393617e-04	-2.125997e-03
0.641379      	2.555628e-03	1.087084e-03	1.468544e-03	1.013436e-02	5.230305e-03	4.904052e-03	1.631264e-04	-1.907299e-04	1.382381e-03	-1.486204e-03	6.392795e-04	-2.125483e-03
0.641384      	2.553281e-03	1.086066e-03	1.467215e-03	1.013214e-02	5.229130e-03	4.903009e-03	1.630603e-04	-1.905744e-04	1.382085e-03	-1.485761e-03	6.392040e-04	-2.124965e-03
0.641389      	2.550952e-03	1.085056e-03	1.465896e-03	1.012994e-02	5.227963e-03	4.901974e-03	1.629947e-04	-1.904199e-04	1.381789e-03	-1.485326e-03	6.391263e-04	-2.124452e-03
0.641394      	2.548622e-03	1.084046e-03	1.464576e-03	1.012773e-02	5.226795e-03	4.900937e-03	1.629290e-04	-1.902653e-04	1.381494e-03	-1.484884e-03	6.390518e-04	-2.123936e-03
0.641399      	2.546298e-03	1.083038e-03	1.463261e-03	1.012554e-02	5.225634e-03	4.899906e-03	1.628640e-04	-1.901115e-04	1.381201e-03	-1.484457e-03	6.389726e-04	-2.123429e-03
0.641404      	2.543980e-03	1.082032e-03	1.461948e-03	1.012336e-02	5.224478e-03	4.898881e-03	1.627986e-04	-1.899576e-04	1.380908e-03	-1.484022e-03	6.388969e-04	-2.122919e-03
0.641409      	2.541669e-03	1.081029e-03	1.460640e-03	1.012118e-02	5.223324e-03	4.897858e-03	1.627329e-04	-1.898052e-04	1.380617e-03	-1.483582e-03	6.388260e-04	-2.122408e-03
0.641414      	2.539358e-03	1.080028e-03	1.459331e-03	1.011900e-02	5.222167e-03	4.896831e-03	1.626680e-04	-1.896514e-04	1.380324e-03	-1.483151e-03	6.387488e-04	-2.121900e-03
0.641419      	2.537036e-03	1.079021e-03	1.458015e-03	1.011681e-02	5.221009e-03	4.895802e-03	1.626032e-04	-1.894967e-04	1.380031e-03	-1.482723e-03	6.386694e-04	-2.121393e-03
0.641424      	2.534737e-03	1.078024e-03	1.456713e-03	1.011465e-02	5.219861e-03	4.894785e-03	1.625378e-04	-1.893444e-04	1.379740e-03	-1.482293e-03	6.385937e-04	-2.120887e-03
0.641429      	2.532434e-03	1.077025e-03	1.455409e-03	1.011248e-02	5.218713e-03	4.893766e-03	1.624733e-04	-1.891917e-04	1.379450e-03	-1.481868e-03	6.385164e-04	-2.120384e-03
0.641434      	2.530145e-03	1.076032e-03	1.454113e-03	1.011032e-02	5.217569e-03	4.892752e-03	1.624086e-04	-1.890403e-04	1.379162e-03	-1.481440e-03	6.384423e-04	-2.119882e-03
0.641439      	2.527842e-03	1.075034e-03	1.452809e-03	1.010816e-02	5.216423e-03	4.891734e-03	1.623443e-04	-1.888874e-04	1.378872e-03	-1.481017e-03	6.383638e-04	-2.119381e-03
0.641444      	2.525570e-03	1.074048e-03	1.451522e-03	1.010602e-02	5.215291e-03	4.890730e-03	1.622807e-04	-1.887367e-04	1.378586e-03	-1.480603e-03	6.382843e-04	-2.118887e-03
0.641449      	2.523284e-03	1.073057e-03	1.450227e-03	1.010388e-02	5.214155e-03	4.889721e-03	1.622166e-04	-1.885850e-04	1.378298e-03	-1.480181e-03	6.382081e-04	-2.118389e-03
0.641454      	2.520993e-03	1.072063e-03	1.448930e-03	1.010175e-02	5.213026e-03	4.888722e-03	1.621520e-04	-1.884336e-04	1.378011e-03	-1.479754e-03	6.381343e-04	-2.117888e-03
0.641459      	2.518715e-03	1.071075e-03	1.447641e-03	1.009962e-02	5.211897e-03	4.887721e-03	1.620880e-04	-1.882830e-04	1.377726e-03	-1.479342e-03	6.380543e-04	-2.117397e-03
0.641464      	2.516450e-03	1.070092e-03	1.446358e-03	1.009751e-02	5.210777e-03	4.886728e-03	1.620244e-04	-1.881329e-04	1.377442e-03	-1.478931e-03	6.379761e-04	-2.116907e-03
0.641469      	2.514194e-03	1.069114e-03	1.445080e-03	1.009538e-02	5.209650e-03	4.885730e-03	1.619604e-04	-1.879828e-04	1.377156e-03	-1.478508e-03	6.379020e-04	-2.116410e-03
0.641474      	2.511938e-03	1.068137e-03	1.443801e-03	1.009325e-02	5.208522e-03	4.884730e-03	1.618960e-04	-1.878324e-04	1.376870e-03	-1.478077e-03	6.378315e-04	-2.115909e-03
0.641479      	2.509664e-03	1.067149e-03	1.442514e-03	1.009114e-02	5.207401e-03	4.883736e-03	1.618326e-04	-1.876826e-04	1.376586e-03	-1.477672e-03	6.377503e-04	-2.115422e-03
0.641484      	2.507424e-03	1.066178e-03	1.441246e-03	1.008905e-02	5.206293e-03	4.882756e-03	1.617688e-04	-1.875344e-04	1.376305e-03	-1.477248e-03	6.376804e-04	-2.114929e-03
0.641489      	2.505171e-03	1.065200e-03	1.439971e-03	1.008694e-02	5.205176e-03	4.881764e-03	1.617056e-04	-1.873854e-04	1.376022e-03	-1.476840e-03	6.376023e-04	-2.114442e-03
0.641494      	2.502923e-03	1.064225e-03	1.438698e-03	1.008484e-02	5.204064e-03	4.880780e-03	1.616423e-04	-1.872368e-04	1.375741e-03	-1.476424e-03	6.375286e-04	-2.113953e-03
0.641499      	2.500683e-03	1.063253e-03	1.437429e-03	1.008275e-02	5.202955e-03	4.879796e-03	1.615792e-04	-1.870879e-04	1.375459e-03	-1.476024e-03	6.374469e-04	-2.113471e-03
0.641504      	2.498446e-03	1.062283e-03	1.436163e-03	1.008067e-02	5.201849e-03	4.878817e-03	1.615158e-04	-1.869400e-04	1.375179e-03	-1.475615e-03	6.373715e-04	-2.112987e-03
0.641509      	2.496209e-03	1.061312e-03	1.434896e-03	1.007859e-02	5.200748e-03	4.877843e-03	1.614524e-04	-1.867920e-04	1.374901e-03	-1.475188e-03	6.373066e-04	-2.112495e-03
0.641514      	2.493992e-03	1.060351e-03	1.433641e-03	1.007652e-02	5.199652e-03	4.876872e-03	1.613898e-04	-1.866451e-04	1.374623e-03	-1.474794e-03	6.372256e-04	-2.112020e-03
0.641519      	2.491757e-03	1.059381e-03	1.432376e-03	1.007445e-02	5.198553e-03	4.875900e-03	1.613269e-04	-1.864975e-04	1.374346e-03	-1.474390e-03	6.371507e-04	-2.111541e-03
0.641524      	2.489532e-03	1.058415e-03	1.431117e-03	1.007238e-02	5.197455e-03	4.874924e-03	1.612651e-04	-1.863506e-04	1.374069e-03	-1.474001e-03	6.370681e-04	-2.111069e-03
0.641529      	2.487314e-03	1.057454e-03	1.429861e-03	1.007032e-02	5.196364e-03	4.873959e-03	1.612026e-04	-1.862036e-04	1.373791e-03	-1.473594e-03	6.369937e-04	-2.110588e-03
0.641534      	2.485101e-03	1.056493e-03	1.428608e-03	1.006826e-02	5.195270e-03	4.872989e-03	1.611402e-04	-1.860576e-04	1.373514e-03	-1.473191e-03	6.369190e-04	-2.110110e-03
0.641539      	2.482894e-03	1.055536e-03	1.427358e-03	1.006621e-02	5.194184e-03	4.872028e-03	1.610780e-04	-1.859112e-04	1.373239e-03	-1.472787e-03	6.368453e-04	-2.109632e-03
0.641544      	2.480683e-03	1.054576e-03	1.426107e-03	1.006417e-02	5.193101e-03	4.871070e-03	1.610157e-04	-1.857653e-04	1.372965e-03	-1.472389e-03	6.367707e-04	-2.109159e-03
0.641549      	2.478480e-03	1.053620e-03	1.424860e-03	1.006213e-02	5.192016e-03	4.870110e-03	1.609530e-04	-1.856198e-04	1.372691e-03	-1.471979e-03	6.367021e-04	-2.108681e-03
0.641554      	2.476305e-03	1.052676e-03	1.423629e-03	1.006010e-02	5.190941e-03	4.869160e-03	1.608902e-04	-1.854767e-04	1.372419e-03	-1.471574e-03	6.366320e-04	-2.108206e-03
0.641559      	2.474099e-03	1.051719e-03	1.422380e-03	1.005805e-02	5.189854e-03	4.868198e-03	1.608279e-04	-1.853307e-04	1.372144e-03	-1.471174e-03	6.365570e-04	-2.107731e-03
0.641564      	2.471906e-03	1.050768e-03	1.421139e-03	1.005602e-02	5.188776e-03	4.867244e-03	1.607660e-04	-1.851857e-04	1.371871e-03	-1.470777e-03	6.364823e-04	-2.107259e-03
0.641569      	2.469722e-03	1.049820e-03	1.419903e-03	1.005399e-02	5.187698e-03	4.866291e-03	1.607038e-04	-1.850416e-04	1.371598e-03	-1.470376e-03	6.364099e-04	-2.106786e-03
0.641574      	2.467532e-03	1.048869e-03	1.418663e-03	1.005197e-02	5.186627e-03	4.865342e-03	1.606422e-04	-1.848970e-04	1.371326e-03	-1.469978e-03	6.363372e-04	-2.106316e-03
0.641579      	2.465373e-03	1.047932e-03	1.417440e-03	1.004996e-02	5.185561e-03	4.864400e-03	1.605805e-04	-1.847541e-04	1.371057e-03	-1.469585e-03	6.362643e-04	-2.105849e-03
0.641584      	2.463196e-03	1.046988e-03	1.416208e-03	1.004795e-02	5.184492e-03	4.863455e-03	1.605186e-04	-1.846103e-04	1.370787e-03	-1.469186e-03	6.361936e-04	-2.105380e-03
0.641589      	2.461037e-03	1.046051e-03	1.414986e-03	1.004595e-02	5.183431e-03	4.862517e-03	1.604568e-04	-1.844675e-04	1.370517e-03	-1.468794e-03	6.361199e-04	-2.104914e-03
0.641594      	2.458880e-03	1.045115e-03	1.413765e-03	1.004395e-02	5.182370e-03	4.861580e-03	1.603953e-04	-1.843248e-04	1.370247e-03	-1.468406e-03	6.360443e-04	-2.104450e-03
0.641599      	2.456711e-03	1.044173e-03	1.412537e-03	1.004195e-02	5.181309e-03	4.860641e-03	1.603337e-04	-1.841820e-04	1.369979e-03	-1.468009e-03	6.359742e-04	-2.103983e-03
0.641604      	2.454567e-03	1.043243e-03	1.411323e-03	1.003996e-02	5.180254e-03	4.859709e-03	1.602726e-04	-1.840402e-04	1.369712e-03	-1.467620e-03	6.359018e-04	-2.103522e-03
0.641609      	2.452413e-03	1.042308e-03	1.410104e-03	1.003798e-02	5.179204e-03	4.858781e-03	1.602114e-04	-1.838980e-04	1.369445e-03	-1.467232e-03	6.358296e-04	-2.103061e-03
0.641614      	2.450254e-03	1.041371e-03	1.408882e-03	1.003600e-02	5.178149e-03	4.857848e-03	1.601507e-04	-1.837554e-04	1.369178e-03	-1.466849e-03	6.357537e-04	-2.102603e-03
0.641619      	2.448100e-03	1.040437e-03	1.407663e-03	1.003401e-02	5.177097e-03	4.856917e-03	1.600899e-04	-1.836129e-04	1.368911e-03	-1.466461e-03	6.356805e-04	-2.102142e-03
0.641624      	2.445960e-03	1.039508e-03	1.406452e-03	1.003205e-02	5.176055e-03	4.855996e-03	1.600296e-04	-1.834716e-04	1.368647e-03	-1.466084e-03	6.356047e-04	-2.101688e-03
0.641629      	2.443812e-03	1.038576e-03	1.405236e-03	1.003008e-02	5.175008e-03	4.855070e-03	1.599689e-04	-1.833297e-04	1.368382e-03	-1.465703e-03	6.355299e-04	-2.101233e-03
0.641634      	2.441694e-03	1.037657e-03	1.404037e-03	1.002812e-02	5.173969e-03	4.854153e-03	1.599081e-04	-1.831898e-04	1.368119e-03	-1.465315e-03	6.354611e-04	-2.100776e-03
0.641639      	2.439564e-03	1.036733e-03	1.402831e-03	1.002616e-02	5.172931e-03	4.853234e-03	1.598482e-04	-1.830492e-04	1.367855e-03	-1.464943e-03	6.353838e-04	-2.100327e-03
0.641644      	2.437441e-03	1.035811e-03	1.401630e-03	1.002422e-02	5.171897e-03	4.852320e-03	1.597883e-04	-1.829095e-04	1.367593e-03	-1.464565e-03	6.353111e-04	-2.099876e-03
0.641649      	2.435302e-03	1.034883e-03	1.400419e-03	1.002226e-02	5.170856e-03	4.851399e-03	1.597283e-04	-1.827677e-04	1.367329e-03	-1.464190e-03	6.352344e-04	-2.099424e-03
0.641654      	2.433176e-03	1.033960e-03	1.399216e-03	1.002033e-02	5.169832e-03	4.850497e-03	1.596675e-04	-1.826276e-04	1.367070e-03	-1.463803e-03	6.351685e-04	-2.098971e-03
0.641659      	2.431047e-03	1.033037e-03	1.398010e-03	1.001839e-02	5.168805e-03	4.849590e-03	1.596071e-04	-1.824868e-04	1.366808e-03	-1.463418e-03	6.350995e-04	-2.098517e-03
0.641664      	2.428932e-03	1.032118e-03	1.396813e-03	1.001646e-02	5.167777e-03	4.848684e-03	1.595466e-04	-1.823474e-04	1.366548e-03	-1.463030e-03	6.350336e-04	-2.098063e-03
0.641669      	2.426825e-03	1.031204e-03	1.395621e-03	1.001454e-02	5.166757e-03	4.847784e-03	1.594865e-04	-1.822086e-04	1.366290e-03	-1.462647e-03	6.349666e-04	-2.097613e-03
0.641674      	2.424727e-03	1.030293e-03	1.394434e-03	1.001263e-02	5.165739e-03	4.846887e-03	1.594263e-04	-1.820708e-04	1.366033e-03	-1.462262e-03	6.349015e-04	-2.097164e-03
0.641679      	2.422629e-03	1.029382e-03	1.393247e-03	1.001071e-02	5.164723e-03	4.845989e-03	1.593670e-04	-1.819327e-04	1.365775e-03	-1.461900e-03	6.348254e-04	-2.096725e-03
0.641684      	2.420532e-03	1.028471e-03	1.392060e-03	1.000880e-02	5.163708e-03	4.845093e-03	1.593071e-04	-1.817946e-04	1.365518e-03	-1.461523e-03	6.347569e-04	-2.096280e-03
0.641689      	2.418432e-03	1.027560e-03	1.390872e-03	1.000692e-02	5.162704e-03	4.844211e-03	1.592465e-04	-1.816560e-04	1.365262e-03	-1.461134e-03	6.346953e-04	-2.095829e-03
0.641694      	2.416336e-03	1.026651e-03	1.389685e-03	1.000499e-02	5.161684e-03	4.843309e-03	1.591875e-04	-1.815170e-04	1.365003e-03	-1.460768e-03	6.346191e-04	-2.095387e-03
0.641699      	2.414244e-03	1.025743e-03	1.388501e-03	1.000309e-02	5.160675e-03	4.842419e-03	1.591282e-04	-1.813790e-04	1.364747e-03	-1.460388e-03	6.345528e-04	-2.094941e-03
0.641704      	2.412139e-03	1.024829e-03	1.387310e-03	1.000119e-02	5.159665e-03	4.841526e-03	1.590691e-04	-1.812401e-04	1.364490e-03	-1.460025e-03	6.344782e-04	-2.094503e-03
0.641709      	2.410053e-03	1.023923e-03	1.386130e-03	9.999297e-03	5.158658e-03	4.840639e-03	1.590098e-04	-1.811035e-04	1.364236e-03	-1.459653e-03	6.344096e-04	-2.094063e-03
0.641714      	2.407986e-03	1.023026e-03	1.384960e-03	9.997423e-03	5.157663e-03	4.839760e-03	1.589513e-04	-1.809668e-04	1.363983e-03	-1.459295e-03	6.343359e-04	-2.093630e-03
0.641719      	2.405913e-03	1.022126e-03	1.383787e-03	9.995540e-03	5.156662e-03	4.838878e-03	1.588920e-04	-1.808303e-04	1.363729e-03	-1.458923e-03	6.342672e-04	-2.093190e-03
0.641724      	2.403843e-03	1.021227e-03	1.382616e-03	9.993658e-03	5.155662e-03	4.837996e-03	1.588329e-04	-1.806942e-04	1.363475e-03	-1.458554e-03	6.341984e-04	-2.092753e-03
0.641729      	2.401778e-03	1.020331e-03	1.381448e-03	9.991783e-03	5.154666e-03	4.837118e-03	1.587739e-04	-1.805586e-04	1.363224e-03	-1.458187e-03	6.341299e-04	-2.092317e-03
0.641734      	2.399722e-03	1.019438e-03	1.380284e-03	9.989930e-03	5.153680e-03	4.836250e-03	1.587151e-04	-1.804232e-04	1.362973e-03	-1.457813e-03	6.340665e-04	-2.091879e-03
0.641739      	2.397652e-03	1.018539e-03	1.379113e-03	9.988077e-03	5.152694e-03	4.835382e-03	1.586560e-04	-1.802868e-04	1.362722e-03	-1.457437e-03	6.340034e-04	-2.091440e-03
0.641744      	2.395588e-03	1.017643e-03	1.377945e-03	9.986223e-03	5.151709e-03	4.834515e-03	1.585970e-04	-1.801511e-04	1.362471e-03	-1.457064e-03	6.339386e-04	-2.091003e-03
0.641749      	2.393531e-03	1.016750e-03	1.376781e-03	9.984361e-03	5.150719e-03	4.833642e-03	1.585383e-04	-1.800155e-04	1.362220e-03	-1.456704e-03	6.338680e-04	-2.090572e-03
0.641754      	2.391487e-03	1.015863e-03	1.375624e-03	9.982518e-03	5.149739e-03	4.832779e-03	1.584802e-04	-1.798809e-04	1.361971e-03	-1.456352e-03	6.337949e-04	-2.090147e-03
0.641759      	2.389434e-03	1.014971e-03	1.374463e-03	9.980657e-03	5.148750e-03	4.831906e-03	1.584221e-04	-1.797458e-04	1.361720e-03	-1.455997e-03	6.337219e-04	-2.089719e-03
0.641764      	2.387389e-03	1.014083e-03	1.373306e-03	9.978829e-03	5.147778e-03	4.831051e-03	1.583633e-04	-1.796113e-04	1.361472e-03	-1.455627e-03	6.336585e-04	-2.089285e-03
0.641769      	2.385338e-03	1.013193e-03	1.372146e-03	9.977005e-03	5.146807e-03	4.830197e-03	1.583049e-04	-1.794765e-04	1.361225e-03	-1.455257e-03	6.335964e-04	-2.088853e-03
0.641774      	2.383310e-03	1.012312e-03	1.370998e-03	9.975163e-03	5.145829e-03	4.829334e-03	1.582473e-04	-1.793431e-04	1.360978e-03	-1.454908e-03	6.335234e-04	-2.088432e-03
0.641779      	2.381278e-03	1.011430e-03	1.369849e-03	9.973333e-03	5.144856e-03	4.828477e-03	1.581896e-04	-1.792094e-04	1.360731e-03	-1.454558e-03	6.334519e-04	-2.088010e-03
0.641784      	2.379251e-03	1.010550e-03	1.368702e-03	9.971515e-03	5.143889e-03	4.827626e-03	1.581317e-04	-1.790762e-04	1.360485e-03	-1.454201e-03	6.333848e-04	-2.087586e-03
0.641789      	2.377226e-03	1.009670e-03	1.367556e-03	9.969693e-03	5.142920e-03	4.826773e-03	1.580738e-04	-1.789432e-04	1.360239e-03	-1.453842e-03	6.333186e-04	-2.087160e-03
0.641794      	2.375210e-03	1.008795e-03	1.366415e-03	9.967869e-03	5.141951e-03	4.825918e-03	1.580165e-04	-1.788103e-04	1.359994e-03	-1.453494e-03	6.332465e-04	-2.086741e-03
0.641799      	2.373182e-03	1.007914e-03	1.365269e-03	9.966063e-03	5.140990e-03	4.825073e-03	1.579589e-04	-1.786775e-04	1.359749e-03	-1.453138e-03	6.331801e-04	-2.086319e-03
0.641804      	2.371170e-03	1.007040e-03	1.364130e-03	9.964258e-03	5.140030e-03	4.824228e-03	1.579013e-04	-1.785447e-04	1.359505e-03	-1.452784e-03	6.331134e-04	-2.085897e-03
0.641809      	2.369165e-03	1.006169e-03	1.362995e-03	9.962456e-03	5.139072e-03	4.823384e-03	1.578439e-04	-1.784130e-04	1.359262e-03	-1.452431e-03	6.330469e-04	-2.085478e-03
0.641814      	2.367153e-03	1.005295e-03	1.361858e-03	9.960658e-03	5.138115e-03	4.822543e-03	1.577863e-04	-1.782811e-04	1.359019e-03	-1.452078e-03	6.329802e-04	-2.085059e-03
0.641819      	2.365138e-03	1.004420e-03	1.360718e-03	9.958858e-03	5.137159e-03	4.821700e-03	1.577295e-04	-1.781487e-04	1.358777e-03	-1.451730e-03	6.329119e-04	-2.084642e-03
0.641824      	2.363140e-03	1.003553e-03	1.359587e-03	9.957068e-03	5.136205e-03	4.820862e-03	1.576715e-04	-1.780174e-04	1.358535e-03	-1.451374e-03	6.328477e-04	-2.084222e-03
0.641829      	2.361136e-03	1.002682e-03	1.358453e-03	9.955268e-03	5.135249e-03	4.820020e-03	1.576146e-04	-1.778855e-04	1.358293e-03	-1.451029e-03	6.327787e-04	-2.083807e-03
0.641834      	2.359143e-03	1.001817e-03	1.357326e-03	9.953485e-03	5.134300e-03	4.819185e-03	1.575579e-04	-1.777549e-04	1.358052e-03	-1.450686e-03	6.327092e-04	-2.083396e-03
0.641839      	2.357145e-03	1.000948e-03	1.356197e-03	9.951709e-03	5.133355e-03	4.818353e-03	1.575009e-04	-1.776243e-04	1.357813e-03	-1.450339e-03	6.326442e-04	-2.082983e-03
0.641844      	2.355161e-03	1.000086e-03	1.355075e-03	9.949942e-03	5.132415e-03	4.817527e-03	1.574441e-04	-1.774944e-04	1.357575e-03	-1.449991e-03	6.325799e-04	-2.082570e-03
0.641849      	2.353169e-03	9.992206e-04	1.353948e-03	9.948184e-03	5.131479e-03	4.816705e-03	1.573870e-04	-1.773637e-04	1.357336e-03	-1.449635e-03	6.325180e-04	-2.082153e-03
0.641854      	2.351170e-03	9.983528e-04	1.352817e-03	9.946419e-03	5.130540e-03	4.815879e-03	1.573302e-04	-1.772322e-04	1.357097e-03	-1.449292e-03	6.324512e-04	-2.081744e-03
0.641859      	2.349192e-03	9.974935e-04	1.351699e-03	9.944656e-03	5.129601e-03	4.815055e-03	1.572731e-04	-1.771027e-04	1.356859e-03	-1.448940e-03	6.323887e-04	-2.081329e-03
0.641864      	2.347208e-03	9.966313e-04	1.350577e-03	9.942895e-03	5.128664e-03	4.814231e-03	1.572168e-04	-1.769729e-04	1.356621e-03	-1.448606e-03	6.323181e-04	-2.080924e-03
0.641869      	2.345244e-03	9.957779e-04	1.349466e-03	9.941134e-03	5.127728e-03	4.813407e-03	1.571605e-04	-1.768443e-04	1.356384e-03	-1.448261e-03	6.322534e-04	-2.080514e-03
0.641874      	2.343258e-03	9.949140e-04	1.348344e-03	9.939386e-03	5.126797e-03	4.812589e-03	1.571042e-04	-1.767150e-04	1.356148e-03	-1.447921e-03	6.321872e-04	-2.080108e-03
0.641879      	2.341294e-03	9.940611e-04	1.347233e-03	9.937637e-03	5.125866e-03	4.811770e-03	1.570480e-04	-1.765860e-04	1.355912e-03	-1.447586e-03	6.321187e-04	-2.079704e-03
0.641884      	2.339329e-03	9.932071e-04	1.346121e-03	9.935886e-03	5.124935e-03	4.810951e-03	1.569918e-04	-1.764572e-04	1.355676e-03	-1.447252e-03	6.320502e-04	-2.079302e-03
0.641889      	2.337358e-03	9.923500e-04	1.345008e-03	9.934148e-03	5.124010e-03	4.810138e-03	1.569358e-04	-1.763288e-04	1.355441e-03	-1.446909e-03	6.319866e-04	-2.078896e-03
0.641894      	2.335399e-03	9.914992e-04	1.343900e-03	9.932401e-03	5.123080e-03	4.809321e-03	1.568795e-04	-1.762004e-04	1.355206e-03	-1.446564e-03	6.319240e-04	-2.078488e-03
0.641899      	2.333449e-03	9.906517e-04	1.342797e-03	9.930673e-03	5.122160e-03	4.808512e-03	1.568239e-04	-1.760728e-04	1.354973e-03	-1.446230e-03	6.318580e-04	-2.078088e-03
0.641904      	2.331472e-03	9.897922e-04	1.341679e-03	9.928926e-03	5.121231e-03	4.807695e-03	1.567679e-04	-1.759436e-04	1.354737e-03	-1.445887e-03	6.317935e-04	-2.077681e-03
0.641909      	2.329564e-03	9.889650e-04	1.340599e-03	9.927206e-03	5.120315e-03	4.806892e-03	1.567115e-04	-1.758168e-04	1.354505e-03	-1.445553e-03	6.317287e-04	-2.077282e-03
0.641914      	2.327627e-03	9.881234e-04	1.339503e-03	9.925492e-03	5.119402e-03	4.806090e-03	1.566558e-04	-1.756900e-04	1.354274e-03	-1.445224e-03	6.316617e-04	-2.076886e-03
0.641919      	2.325677e-03	9.872755e-04	1.338401e-03	9.923777e-03	5.118489e-03	4.805288e-03	1.566004e-04	-1.755629e-04	1.354042e-03	-1.444891e-03	6.315962e-04	-2.076488e-03
0.641924      	2.323742e-03	9.864345e-04	1.337307e-03	9.922071e-03	5.117580e-03	4.804492e-03	1.565440e-04	-1.754364e-04	1.353811e-03	-1.444557e-03	6.315326e-04	-2.076089e-03
0.641929      	2.321787e-03	9.855852e-04	1.336202e-03	9.920352e-03	5.116664e-03	4.803688e-03	1.564884e-04	-1.753084e-04	1.353579e-03	-1.444223e-03	6.314672e-04	-2.075690e-03
0.641934      	2.319879e-03	9.847557e-04	1.335123e-03	9.918655e-03	5.115760e-03	4.802896e-03	1.564322e-04	-1.751839e-04	1.353351e-03	-1.443881e-03	6.314109e-04	-2.075292e-03
0.641939      	2.317917e-03	9.839041e-04	1.334013e-03	9.916931e-03	5.114843e-03	4.802088e-03	1.563774e-04	-1.750545e-04	1.353118e-03	-1.443559e-03	6.313380e-04	-2.074897e-03
0.641944      	2.315999e-03	9.830708e-04	1.332928e-03	9.915241e-03	5.113943e-03	4.801298e-03	1.563225e-04	-1.749288e-04	1.352889e-03	-1.443231e-03	6.312732e-04	-2.074504e-03
0.641949      	2.314061e-03	9.822280e-04	1.331832e-03	9.913549e-03	5.113041e-03	4.800507e-03	1.562671e-04	-1.748022e-04	1.352660e-03	-1.442901e-03	6.312096e-04	-2.074111e-03
0.641954      	2.312129e-03	9.813888e-04	1.330740e-03	9.911864e-03	5.112144e-03	4.799720e-03	1.562122e-04	-1.746755e-04	1.352433e-03	-1.442575e-03	6.311454e-04	-2.073720e-03
0.641959      	2.310202e-03	9.805520e-04	1.329650e-03	9.910173e-03	5.111243e-03	4.798930e-03	1.561568e-04	-1.745492e-04	1.352204e-03	-1.442243e-03	6.310824e-04	-2.073326e-03
0.641964      	2.308304e-03	9.797276e-04	1.328577e-03	9.908486e-03	5.110344e-03	4.798142e-03	1.561011e-04	-1.744246e-04	1.351977e-03	-1.441909e-03	6.310225e-04	-2.072931e-03
0.641969      	2.306365e-03	9.788854e-04	1.327479e-03	9.906787e-03	5.109440e-03	4.797347e-03	1.560467e-04	-1.742969e-04	1.351746e-03	-1.441592e-03	6.309505e-04	-2.072542e-03
0.641974      	2.304450e-03	9.780531e-04	1.326397e-03	9.905116e-03	5.108550e-03	4.796566e-03	1.559917e-04	-1.741718e-04	1.351521e-03	-1.441264e-03	6.308886e-04	-2.072153e-03
0.641979      	2.302551e-03	9.772288e-04	1.325323e-03	9.903458e-03	5.107666e-03	4.795792e-03	1.559370e-04	-1.740469e-04	1.351298e-03	-1.440939e-03	6.308281e-04	-2.071767e-03
0.641984      	2.300670e-03	9.764098e-04	1.324260e-03	9.901807e-03	5.106785e-03	4.795022e-03	1.558818e-04	-1.739253e-04	1.351074e-03	-1.440614e-03	6.307665e-04	-2.071381e-03
0.641989      	2.298753e-03	9.755766e-04	1.323176e-03	9.900127e-03	5.105891e-03	4.794236e-03	1.558276e-04	-1.737999e-04	1.350847e-03	-1.440294e-03	6.306995e-04	-2.070994e-03
0.641994      	2.296861e-03	9.747543e-04	1.322106e-03	9.898461e-03	5.105003e-03	4.793458e-03	1.557729e-04	-1.736760e-04	1.350622e-03	-1.439970e-03	6.306365e-04	-2.070607e-03
0.641999      	2.294955e-03	9.739259e-04	1.321030e-03	9.896794e-03	5.104116e-03	4.792678e-03	1.557187e-04	-1.735518e-04	1.350397e-03	-1.439649e-03	6.305727e-04	-2.070221e-03
0.642004      	2.293068e-03	9.731063e-04	1.319962e-03	9.895141e-03	5.103235e-03	4.791906e-03	1.556644e-04	-1.734277e-04	1.350173e-03	-1.439333e-03	6.305070e-04	-2.069840e-03
0.642009      	2.291177e-03	9.722842e-04	1.318893e-03	9.893494e-03	5.102357e-03	4.791137e-03	1.556099e-04	-1.733043e-04	1.349951e-03	-1.439013e-03	6.304443e-04	-2.069458e-03
0.642014      	2.289283e-03	9.714603e-04	1.317823e-03	9.891849e-03	5.101480e-03	4.790369e-03	1.555556e-04	-1.731812e-04	1.349729e-03	-1.438695e-03	6.303816e-04	-2.069077e-03
0.642019      	2.287395e-03	9.706399e-04	1.316755e-03	9.890199e-03	5.100601e-03	4.789598e-03	1.555013e-04	-1.730576e-04	1.349507e-03	-1.438375e-03	6.303197e-04	-2.068694e-03
0.642024      	2.285527e-03	9.698288e-04	1.315698e-03	9.888558e-03	5.099727e-03	4.788832e-03	1.554474e-04	-1.729348e-04	1.349286e-03	-1.438057e-03	6.302576e-04	-2.068315e-03
0.642029      	2.283659e-03	9.690166e-04	1.314642e-03	9.886932e-03	5.098859e-03	4.788073e-03	1.553933e-04	-1.728127e-04	1.349066e-03	-1.437738e-03	6.301972e-04	-2.067936e-03
0.642034      	2.281784e-03	9.682020e-04	1.313582e-03	9.885299e-03	5.097989e-03	4.787310e-03	1.553395e-04	-1.726901e-04	1.348847e-03	-1.437435e-03	6.301292e-04	-2.067564e-03
0.642039      	2.279922e-03	9.673929e-04	1.312529e-03	9.883677e-03	5.097124e-03	4.786553e-03	1.552853e-04	-1.725680e-04	1.348627e-03	-1.437113e-03	6.300708e-04	-2.067183e-03
0.642044      	2.278042e-03	9.665759e-04	1.311466e-03	9.882046e-03	5.096255e-03	4.785791e-03	1.552317e-04	-1.724450e-04	1.348407e-03	-1.436800e-03	6.300071e-04	-2.066807e-03
0.642049      	2.276160e-03	9.657591e-04	1.310401e-03	9.880412e-03	5.095384e-03	4.785028e-03	1.551782e-04	-1.723209e-04	1.348187e-03	-1.436490e-03	6.299416e-04	-2.066431e-03
0.642054      	2.274290e-03	9.649464e-04	1.309343e-03	9.878788e-03	5.094518e-03	4.784270e-03	1.551245e-04	-1.721985e-04	1.347967e-03	-1.436169e-03	6.298829e-04	-2.066052e-03
0.642059      	2.272433e-03	9.641398e-04	1.308293e-03	9.877167e-03	5.093655e-03	4.783513e-03	1.550711e-04	-1.720766e-04	1.347747e-03	-1.435859e-03	6.298172e-04	-2.065677e-03
0.642064      	2.270583e-03	9.633362e-04	1.307247e-03	9.875546e-03	5.092791e-03	4.782755e-03	1.550176e-04	-1.719555e-04	1.347528e-03	-1.435541e-03	6.297581e-04	-2.065299e-03
0.642069      	2.268725e-03	9.625288e-04	1.306197e-03	9.873942e-03	5.091935e-03	4.782007e-03	1.549644e-04	-1.718339e-04	1.347312e-03	-1.435231e-03	6.296963e-04	-2.064927e-03
0.642074      	2.266869e-03	9.617218e-04	1.305147e-03	9.872340e-03	5.091080e-03	4.781259e-03	1.549107e-04	-1.717127e-04	1.347096e-03	-1.434913e-03	6.296393e-04	-2.064552e-03
0.642079      	2.265009e-03	9.609132e-04	1.304096e-03	9.870751e-03	5.090233e-03	4.780518e-03	1.548571e-04	-1.715912e-04	1.346881e-03	-1.434595e-03	6.295834e-04	-2.064178e-03
0.642084      	2.263170e-03	9.601143e-04	1.303056e-03	9.869160e-03	5.089384e-03	4.779776e-03	1.548039e-04	-1.714707e-04	1.346666e-03	-1.434284e-03	6.295236e-04	-2.063808e-03
0.642089      	2.261328e-03	9.593141e-04	1.302014e-03	9.867563e-03	5.088532e-03	4.779030e-03	1.547511e-04	-1.713498e-04	1.346450e-03	-1.433985e-03	6.294576e-04	-2.063442e-03
0.642094      	2.259472e-03	9.585072e-04	1.300964e-03	9.865964e-03	5.087679e-03	4.778285e-03	1.546972e-04	-1.712285e-04	1.346234e-03	-1.433666e-03	6.294008e-04	-2.063067e-03
0.642099      	2.257624e-03	9.577032e-04	1.299921e-03	9.864418e-03	5.086853e-03	4.777565e-03	1.546438e-04	-1.711087e-04	1.346022e-03	-1.433345e-03	6.293498e-04	-2.062694e-03
0.642104      	2.255793e-03	9.569078e-04	1.298886e-03	9.862836e-03	5.086009e-03	4.776827e-03	1.545907e-04	-1.709888e-04	1.345809e-03	-1.433037e-03	6.292903e-04	-2.062327e-03
0.642109      	2.253968e-03	9.561138e-04	1.297854e-03	9.861272e-03	5.085174e-03	4.776098e-03	1.545381e-04	-1.708702e-04	1.345597e-03	-1.432734e-03	6.292303e-04	-2.061964e-03
0.642114      	2.252123e-03	9.553120e-04	1.296811e-03	9.859688e-03	5.084329e-03	4.775359e-03	1.544852e-04	-1.707494e-04	1.345383e-03	-1.432425e-03	6.291710e-04	-2.061596e-03
0.642119      	2.250297e-03	9.545190e-04	1.295778e-03	9.858120e-03	5.083493e-03	4.774627e-03	1.544326e-04	-1.706297e-04	1.345171e-03	-1.432120e-03	6.291112e-04	-2.061231e-03
0.642124      	2.248470e-03	9.537248e-04	1.294745e-03	9.856546e-03	5.082653e-03	4.773893e-03	1.543800e-04	-1.705100e-04	1.344959e-03	-1.431816e-03	6.290514e-04	-2.060867e-03
0.642129      	2.246651e-03	9.529336e-04	1.293717e-03	9.854980e-03	5.081818e-03	4.773163e-03	1.543274e-04	-1.703917e-04	1.344748e-03	-1.431512e-03	6.289920e-04	-2.060504e-03
0.642134      	2.244835e-03	9.521444e-04	1.292691e-03	9.853435e-03	5.080992e-03	4.772443e-03	1.542747e-04	-1.702731e-04	1.344538e-03	-1.431202e-03	6.289373e-04	-2.060139e-03
0.642139      	2.242995e-03	9.513441e-04	1.291651e-03	9.851864e-03	5.080154e-03	4.771710e-03	1.542221e-04	-1.701533e-04	1.344327e-03	-1.430902e-03	6.288757e-04	-2.059778e-03
0.642144      	2.241198e-03	9.505638e-04	1.290634e-03	9.850317e-03	5.079328e-03	4.770989e-03	1.541692e-04	-1.700351e-04	1.344117e-03	-1.430590e-03	6.288223e-04	-2.059412e-03
0.642149      	2.239369e-03	9.497673e-04	1.289601e-03	9.848773e-03	5.078503e-03	4.770270e-03	1.541167e-04	-1.699169e-04	1.343908e-03	-1.430287e-03	6.287647e-04	-2.059052e-03
0.642154      	2.237558e-03	9.489810e-04	1.288577e-03	9.847228e-03	5.077679e-03	4.769549e-03	1.540647e-04	-1.697981e-04	1.343699e-03	-1.429990e-03	6.287037e-04	-2.058694e-03
0.642159      	2.235745e-03	9.481929e-04	1.287553e-03	9.845685e-03	5.076855e-03	4.768830e-03	1.540123e-04	-1.696799e-04	1.343491e-03	-1.429687e-03	6.286469e-04	-2.058334e-03
0.642164      	2.233940e-03	9.474084e-04	1.286532e-03	9.844147e-03	5.076033e-03	4.768113e-03	1.539600e-04	-1.695618e-04	1.343282e-03	-1.429382e-03	6.285916e-04	-2.057973e-03
0.642169      	2.232129e-03	9.466207e-04	1.285508e-03	9.842600e-03	5.075208e-03	4.767392e-03	1.539083e-04	-1.694435e-04	1.343074e-03	-1.429090e-03	6.285289e-04	-2.057619e-03
0.642174      	2.230325e-03	9.458374e-04	1.284488e-03	9.841071e-03	5.074392e-03	4.766679e-03	1.538564e-04	-1.693254e-04	1.342866e-03	-1.428795e-03	6.284688e-04	-2.057263e-03
0.642179      	2.228527e-03	9.450554e-04	1.283471e-03	9.839545e-03	5.073577e-03	4.765968e-03	1.538044e-04	-1.692080e-04	1.342660e-03	-1.428496e-03	6.284116e-04	-2.056908e-03
0.642184      	2.226740e-03	9.442794e-04	1.282461e-03	9.838024e-03	5.072764e-03	4.765260e-03	1.537519e-04	-1.690906e-04	1.342454e-03	-1.428187e-03	6.283608e-04	-2.056548e-03
0.642189      	2.224939e-03	9.434960e-04	1.281443e-03	9.836504e-03	5.071952e-03	4.764552e-03	1.536999e-04	-1.689734e-04	1.342248e-03	-1.427892e-03	6.283021e-04	-2.056194e-03
0.642194      	2.223137e-03	9.427124e-04	1.280424e-03	9.834984e-03	5.071141e-03	4.763844e-03	1.536485e-04	-1.688560e-04	1.342042e-03	-1.427600e-03	6.282417e-04	-2.055842e-03
0.642199      	2.221348e-03	9.419351e-04	1.279413e-03	9.833463e-03	5.070328e-03	4.763135e-03	1.535967e-04	-1.687389e-04	1.341836e-03	-1.427299e-03	6.281867e-04	-2.055486e-03
0.642204      	2.219551e-03	9.411538e-04	1.278398e-03	9.831955e-03	5.069522e-03	4.762433e-03	1.535448e-04	-1.686219e-04	1.341632e-03	-1.426995e-03	6.281348e-04	-2.055130e-03
0.642209      	2.217779e-03	9.403833e-04	1.277396e-03	9.830447e-03	5.068716e-03	4.761730e-03	1.534932e-04	-1.685062e-04	1.341428e-03	-1.426699e-03	6.280787e-04	-2.054777e-03
0.642214      	2.215999e-03	9.396096e-04	1.276390e-03	9.828940e-03	5.067912e-03	4.761028e-03	1.534419e-04	-1.683902e-04	1.341224e-03	-1.426408e-03	6.280203e-04	-2.054429e-03
0.642219      	2.214226e-03	9.388385e-04	1.275387e-03	9.827446e-03	5.067113e-03	4.760333e-03	1.533904e-04	-1.682743e-04	1.341021e-03	-1.426120e-03	6.279615e-04	-2.054081e-03
0.642224      	2.212456e-03	9.380691e-04	1.274387e-03	9.825944e-03	5.066311e-03	4.759633e-03	1.533389e-04	-1.681590e-04	1.340819e-03	-1.425824e-03	6.279069e-04	-2.053731e-03
0.642229      	2.210681e-03	9.372968e-04	1.273384e-03	9.824447e-03	5.065511e-03	4.758936e-03	1.532877e-04	-1.680435e-04	1.340616e-03	-1.425539e-03	6.278467e-04	-2.053386e-03
0.642234      	2.208903e-03	9.365240e-04	1.272379e-03	9.822951e-03	5.064712e-03	4.758239e-03	1.532365e-04	-1.679274e-04	1.340415e-03	-1.425252e-03	6.277888e-04	-2.053040e-03
0.642239      	2.207139e-03	9.357574e-04	1.271381e-03	9.821468e-03	5.063919e-03	4.757549e-03	1.531852e-04	-1.678120e-04	1.340213e-03	-1.424953e-03	6.277371e-04	-2.052690e-03
0.642244      	2.205380e-03	9.349925e-04	1.270388e-03	9.819985e-03	5.063127e-03	4.756858e-03	1.531342e-04	-1.676975e-04	1.340013e-03	-1.424663e-03	6.276811e-04	-2.052344e-03
0.642249      	2.203597e-03	9.342175e-04	1.269379e-03	9.818500e-03	5.062333e-03	4.756167e-03	1.530832e-04	-1.675808e-04	1.339811e-03	-1.424382e-03	6.276199e-04	-2.052001e-03
0.642254      	2.201848e-03	9.334576e-04	1.268391e-03	9.817011e-03	5.061537e-03	4.755473e-03	1.530321e-04	-1.674664e-04	1.339610e-03	-1.424085e-03	6.275677e-04	-2.051653e-03
0.642259      	2.200090e-03	9.326932e-04	1.267397e-03	9.815536e-03	5.060750e-03	4.754786e-03	1.529817e-04	-1.673517e-04	1.339411e-03	-1.423804e-03	6.275087e-04	-2.051313e-03
0.642264      	2.198333e-03	9.319294e-04	1.266404e-03	9.814061e-03	5.059960e-03	4.754101e-03	1.529299e-04	-1.672372e-04	1.339211e-03	-1.423503e-03	6.274592e-04	-2.050962e-03
0.642269      	2.196585e-03	9.311695e-04	1.265415e-03	9.812597e-03	5.059178e-03	4.753419e-03	1.528793e-04	-1.671229e-04	1.339012e-03	-1.423218e-03	6.274034e-04	-2.050621e-03
0.642274      	2.194838e-03	9.304102e-04	1.264428e-03	9.811131e-03	5.058395e-03	4.752736e-03	1.528291e-04	-1.670088e-04	1.338814e-03	-1.422935e-03	6.273466e-04	-2.050282e-03
0.642279      	2.193076e-03	9.296441e-04	1.263432e-03	9.809659e-03	5.057608e-03	4.752051e-03	1.527783e-04	-1.668940e-04	1.338616e-03	-1.422649e-03	6.272915e-04	-2.049940e-03
0.642284      	2.191322e-03	9.288816e-04	1.262441e-03	9.808202e-03	5.056828e-03	4.751373e-03	1.527276e-04	-1.667796e-04	1.338418e-03	-1.422362e-03	6.272376e-04	-2.049599e-03
0.642289      	2.189578e-03	9.281234e-04	1.261455e-03	9.806739e-03	5.056047e-03	4.750692e-03	1.526773e-04	-1.666656e-04	1.338221e-03	-1.422085e-03	6.271787e-04	-2.049264e-03
0.642294      	2.187838e-03	9.273665e-04	1.260471e-03	9.805287e-03	5.055270e-03	4.750017e-03	1.526269e-04	-1.665525e-04	1.338025e-03	-1.421790e-03	6.271298e-04	-2.048920e-03
0.642299      	2.186100e-03	9.266107e-04	1.259489e-03	9.803831e-03	5.054492e-03	4.749339e-03	1.525764e-04	-1.664391e-04	1.337828e-03	-1.421510e-03	6.270732e-04	-2.048583e-03
0.642304      	2.184361e-03	9.258549e-04	1.258506e-03	9.802385e-03	5.053718e-03	4.748667e-03	1.525258e-04	-1.663257e-04	1.337632e-03	-1.421224e-03	6.270204e-04	-2.048244e-03
0.642309      	2.182632e-03	9.251031e-04	1.257529e-03	9.800940e-03	5.052946e-03	4.747995e-03	1.524756e-04	-1.662131e-04	1.337437e-03	-1.420943e-03	6.269656e-04	-2.047908e-03
0.642314      	2.180909e-03	9.243540e-04	1.256555e-03	9.799499e-03	5.052175e-03	4.747324e-03	1.524252e-04	-1.661007e-04	1.337241e-03	-1.420660e-03	6.269115e-04	-2.047571e-03
0.642319      	2.179188e-03	9.236058e-04	1.255583e-03	9.798058e-03	5.051404e-03	4.746654e-03	1.523751e-04	-1.659885e-04	1.337048e-03	-1.420382e-03	6.268566e-04	-2.047239e-03
0.642324      	2.177468e-03	9.228578e-04	1.254610e-03	9.796618e-03	5.050634e-03	4.745983e-03	1.523253e-04	-1.658761e-04	1.336854e-03	-1.420107e-03	6.268005e-04	-2.046907e-03
0.642329      	2.175751e-03	9.221119e-04	1.253639e-03	9.795177e-03	5.049864e-03	4.745313e-03	1.522752e-04	-1.657635e-04	1.336660e-03	-1.419827e-03	6.267462e-04	-2.046573e-03
0.642334      	2.174031e-03	9.213641e-04	1.252667e-03	9.793743e-03	5.049097e-03	4.744646e-03	1.522252e-04	-1.656515e-04	1.336466e-03	-1.419547e-03	6.266926e-04	-2.046239e-03
0.642339      	2.172312e-03	9.206166e-04	1.251695e-03	9.792307e-03	5.048329e-03	4.743978e-03	1.521752e-04	-1.655392e-04	1.336271e-03	-1.419265e-03	6.266389e-04	-2.045904e-03
0.642344      	2.170592e-03	9.198687e-04	1.250723e-03	9.790870e-03	5.047560e-03	4.743310e-03	1.521251e-04	-1.654271e-04	1.336078e-03	-1.418980e-03	6.265878e-04	-2.045568e-03
0.642349      	2.168882e-03	9.191251e-04	1.249757e-03	9.789449e-03	5.046800e-03	4.742649e-03	1.520752e-04	-1.653160e-04	1.335886e-03	-1.418699e-03	6.265364e-04	-2.045235e-03
0.642354      	2.167173e-03	9.183820e-04	1.248791e-03	9.788024e-03	5.046037e-03	4.741986e-03	1.520255e-04	-1.652045e-04	1.335694e-03	-1.418421e-03	6.264835e-04	-2.044905e-03
0.642359      	2.165461e-03	9.176378e-04	1.247823e-03	9.786605e-03	5.045278e-03	4.741326e-03	1.519761e-04	-1.650927e-04	1.335502e-03	-1.418148e-03	6.264286e-04	-2.044576e-03
0.642364      	2.163759e-03	9.168981e-04	1.246861e-03	9.785191e-03	5.044522e-03	4.740669e-03	1.519265e-04	-1.649812e-04	1.335311e-03	-1.417871e-03	6.263755e-04	-2.044247e-03
0.642369      	2.162069e-03	9.161631e-04	1.245906e-03	9.783795e-03	5.043774e-03	4.740021e-03	1.518767e-04	-1.648713e-04	1.335123e-03	-1.417592e-03	6.263265e-04	-2.043919e-03
0.642374      	2.160365e-03	9.154219e-04	1.244944e-03	9.782385e-03	5.043020e-03	4.739366e-03	1.518271e-04	-1.647609e-04	1.334933e-03	-1.417320e-03	6.262729e-04	-2.043593e-03
0.642379      	2.158659e-03	9.146798e-04	1.243979e-03	9.780974e-03	5.042264e-03	4.738710e-03	1.517773e-04	-1.646498e-04	1.334742e-03	-1.417030e-03	6.262265e-04	-2.043257e-03
0.642384      	2.156971e-03	9.139461e-04	1.243025e-03	9.779570e-03	5.041513e-03	4.738057e-03	1.517280e-04	-1.645392e-04	1.334553e-03	-1.416762e-03	6.261713e-04	-2.042934e-03
0.642389      	2.155277e-03	9.132098e-04	1.242067e-03	9.778171e-03	5.040764e-03	4.737407e-03	1.516785e-04	-1.644285e-04	1.334363e-03	-1.416484e-03	6.261208e-04	-2.042605e-03
0.642394      	2.153572e-03	9.124682e-04	1.241104e-03	9.776762e-03	5.040010e-03	4.736752e-03	1.516293e-04	-1.643178e-04	1.334174e-03	-1.416216e-03	6.260656e-04	-2.042281e-03
0.642399      	2.151892e-03	9.117378e-04	1.240154e-03	9.775372e-03	5.039266e-03	4.736106e-03	1.515800e-04	-1.642082e-04	1.333986e-03	-1.415942e-03	6.260149e-04	-2.041956e-03
0.642404      	2.150218e-03	9.110104e-04	1.239208e-03	9.773977e-03	5.038520e-03	4.735458e-03	1.515310e-04	-1.640987e-04	1.333798e-03	-1.415671e-03	6.259626e-04	-2.041634e-03
0.642409      	2.148537e-03	9.102792e-04	1.238258e-03	9.772597e-03	5.037780e-03	4.734817e-03	1.514816e-04	-1.639893e-04	1.333611e-03	-1.415402e-03	6.259096e-04	-2.041312e-03
0.642414      	2.146851e-03	9.095462e-04	1.237305e-03	9.771218e-03	5.037041e-03	4.734177e-03	1.514320e-04	-1.638795e-04	1.333423e-03	-1.415119e-03	6.258637e-04	-2.040982e-03
0.642419      	2.145171e-03	9.088152e-04	1.236356e-03	9.769831e-03	5.036299e-03	4.733533e-03	1.513829e-04	-1.637702e-04	1.333236e-03	-1.414850e-03	6.258111e-04	-2.040662e-03
0.642424      	2.143497e-03	9.080874e-04	1.235410e-03	9.768447e-03	5.035557e-03	4.732890e-03	1.513340e-04	-1.636613e-04	1.333050e-03	-1.414577e-03	6.257613e-04	-2.040339e-03
0.642429      	2.141825e-03	9.073604e-04	1.234464e-03	9.767073e-03	5.034822e-03	4.732251e-03	1.512852e-04	-1.635520e-04	1.332864e-03	-1.414311e-03	6.257087e-04	-2.040019e-03
0.642434      	2.140153e-03	9.066332e-04	1.233520e-03	9.765693e-03	5.034083e-03	4.731610e-03	1.512362e-04	-1.634434e-04	1.332678e-03	-1.414033e-03	6.256618e-04	-2.039695e-03
0.642439      	2.138489e-03	9.059093e-04	1.232579e-03	9.764324e-03	5.033349e-03	4.730975e-03	1.511873e-04	-1.633349e-04	1.332494e-03	-1.413756e-03	6.256159e-04	-2.039372e-03
0.642444      	2.136825e-03	9.051857e-04	1.231640e-03	9.762954e-03	5.032616e-03	4.730338e-03	1.511389e-04	-1.632269e-04	1.332309e-03	-1.413493e-03	6.255628e-04	-2.039056e-03
0.642449      	2.135160e-03	9.044614e-04	1.230698e-03	9.761589e-03	5.031884e-03	4.729704e-03	1.510900e-04	-1.631185e-04	1.332125e-03	-1.413225e-03	6.255121e-04	-2.038738e-03
0.642454      	2.133512e-03	9.037449e-04	1.229767e-03	9.760240e-03	5.031162e-03	4.729079e-03	1.510414e-04	-1.630109e-04	1.331942e-03	-1.412954e-03	6.254650e-04	-2.038419e-03
0.642459      	2.131858e-03	9.030260e-04	1.228832e-03	9.758890e-03	5.030437e-03	4.728452e-03	1.509926e-04	-1.629032e-04	1.331759e-03	-1.412688e-03	6.254154e-04	-2.038103e-03
0.642464      	2.130205e-03	9.023073e-04	1.227898e-03	9.757514e-03	5.029702e-03	4.727812e-03	1.509446e-04	-1.627952e-04	1.331576e-03	-1.412423e-03	6.253641e-04	-2.037787e-03
0.642469      	2.128551e-03	9.015880e-04	1.226963e-03	9.756170e-03	5.028981e-03	4.727189e-03	1.508961e-04	-1.626873e-04	1.331393e-03	-1.412156e-03	6.253146e-04	-2.037471e-03
0.642474      	2.126887e-03	9.008647e-04	1.226022e-03	9.754809e-03	5.028252e-03	4.726557e-03	1.508478e-04	-1.625788e-04	1.331209e-03	-1.411893e-03	6.252630e-04	-2.037156e-03
0.642479      	2.125260e-03	9.001577e-04	1.225102e-03	9.753456e-03	5.027528e-03	4.725928e-03	1.508000e-04	-1.624720e-04	1.331029e-03	-1.411632e-03	6.252126e-04	-2.036845e-03
0.642484      	2.123625e-03	8.994459e-04	1.224179e-03	9.752123e-03	5.026812e-03	4.725311e-03	1.507509e-04	-1.623664e-04	1.330848e-03	-1.411357e-03	6.251699e-04	-2.036527e-03
0.642489      	2.121966e-03	8.987251e-04	1.223241e-03	9.750775e-03	5.026091e-03	4.724684e-03	1.507032e-04	-1.622581e-04	1.330666e-03	-1.411096e-03	6.251185e-04	-2.036214e-03
0.642494      	2.120329e-03	8.980128e-04	1.222316e-03	9.749440e-03	5.025375e-03	4.724065e-03	1.506550e-04	-1.621516e-04	1.330486e-03	-1.410833e-03	6.250696e-04	-2.035903e-03
0.642499      	2.118682e-03	8.972964e-04	1.221385e-03	9.748111e-03	5.024662e-03	4.723449e-03	1.506068e-04	-1.620444e-04	1.330306e-03	-1.410567e-03	6.250225e-04	-2.035590e-03
0.642504      	2.117034e-03	8.965799e-04	1.220454e-03	9.746776e-03	5.023947e-03	4.722829e-03	1.505588e-04	-1.619371e-04	1.330126e-03	-1.410300e-03	6.249757e-04	-2.035276e-03
0.642509      	2.115390e-03	8.958647e-04	1.219525e-03	9.745439e-03	5.023231e-03	4.722208e-03	1.505111e-04	-1.618303e-04	1.329946e-03	-1.410040e-03	6.249261e-04	-2.034966e-03
0.642514      	2.113755e-03	8.951544e-04	1.218601e-03	9.744104e-03	5.022515e-03	4.721589e-03	1.504631e-04	-1.617232e-04	1.329766e-03	-1.409780e-03	6.248760e-04	-2.034656e-03
0.642519      	2.112126e-03	8.944455e-04	1.217680e-03	9.742782e-03	5.021806e-03	4.720975e-03	1.504154e-04	-1.616175e-04	1.329587e-03	-1.409521e-03	6.248269e-04	-2.034348e-03
0.642524      	2.110500e-03	8.937385e-04	1.216762e-03	9.741467e-03	5.021101e-03	4.720366e-03	1.503674e-04	-1.615115e-04	1.329410e-03	-1.409259e-03	6.247804e-04	-2.034039e-03
0.642529      	2.108870e-03	8.930293e-04	1.215840e-03	9.740144e-03	5.020392e-03	4.719752e-03	1.503198e-04	-1.614056e-04	1.329232e-03	-1.409002e-03	6.247305e-04	-2.033733e-03
0.642534      	2.107238e-03	8.923196e-04	1.214919e-03	9.738827e-03	5.019685e-03	4.719142e-03	1.502716e-04	-1.612996e-04	1.329054e-03	-1.408733e-03	6.246874e-04	-2.033420e-03
0.642539      	2.105601e-03	8.916071e-04	1.213994e-03	9.737504e-03	5.018976e-03	4.718528e-03	1.502237e-04	-1.611932e-04	1.328876e-03	-1.408473e-03	6.246392e-04	-2.033112e-03
0.642544      	2.103991e-03	8.909072e-04	1.213084e-03	9.736195e-03	5.018274e-03	4.717921e-03	1.501763e-04	-1.610883e-04	1.328699e-03	-1.408212e-03	6.245932e-04	-2.032805e-03
0.642549      	2.102365e-03	8.901996e-04	1.212165e-03	9.734889e-03	5.017573e-03	4.717316e-03	1.501283e-04	-1.609827e-04	1.328523e-03	-1.407945e-03	6.245506e-04	-2.032496e-03
0.642554      	2.100736e-03	8.894915e-04	1.211245e-03	9.733579e-03	5.016870e-03	4.716709e-03	1.500809e-04	-1.608767e-04	1.328346e-03	-1.407689e-03	6.245015e-04	-2.032190e-03
0.642559      	2.099120e-03	8.887885e-04	1.210331e-03	9.732280e-03	5.016174e-03	4.716106e-03	1.500340e-04	-1.607713e-04	1.328170e-03	-1.407442e-03	6.244489e-04	-2.031891e-03
0.642564      	2.097498e-03	8.880831e-04	1.209415e-03	9.730975e-03	5.015474e-03	4.715501e-03	1.499866e-04	-1.606660e-04	1.327994e-03	-1.407183e-03	6.244024e-04	-2.031585e-03
0.642569      	2.095879e-03	8.873789e-04	1.208500e-03	9.729675e-03	5.014777e-03	4.714898e-03	1.499392e-04	-1.605605e-04	1.327819e-03	-1.406924e-03	6.243567e-04	-2.031281e-03
0.642574      	2.094256e-03	8.866733e-04	1.207583e-03	9.728376e-03	5.014080e-03	4.714296e-03	1.498923e-04	-1.604549e-04	1.327644e-03	-1.406674e-03	6.243071e-04	-2.030981e-03
0.642579      	2.092633e-03	8.859672e-04	1.206666e-03	9.727081e-03	5.013386e-03	4.713695e-03	1.498454e-04	-1.603493e-04	1.327469e-03	-1.406421e-03	6.242585e-04	-2.030680e-03
0.642584      	2.091036e-03	8.852727e-04	1.205764e-03	9.725794e-03	5.012695e-03	4.713099e-03	1.497982e-04	-1.602455e-04	1.327296e-03	-1.406168e-03	6.242118e-04	-2.030380e-03
0.642589      	2.089437e-03	8.845772e-04	1.204860e-03	9.724513e-03	5.012008e-03	4.712506e-03	1.497509e-04	-1.601414e-04	1.327122e-03	-1.405907e-03	6.241684e-04	-2.030076e-03
0.642594      	2.087838e-03	8.838815e-04	1.203957e-03	9.723233e-03	5.011320e-03	4.711912e-03	1.497038e-04	-1.600375e-04	1.326949e-03	-1.405652e-03	6.241229e-04	-2.029775e-03
0.642599      	2.086243e-03	8.831878e-04	1.203056e-03	9.721955e-03	5.010634e-03	4.711320e-03	1.496570e-04	-1.599339e-04	1.326777e-03	-1.405399e-03	6.240769e-04	-2.029476e-03
0.642604      	2.084626e-03	8.824844e-04	1.202142e-03	9.720680e-03	5.009950e-03	4.710729e-03	1.496106e-04	-1.598288e-04	1.326605e-03	-1.405146e-03	6.240318e-04	-2.029178e-03
0.642609      	2.083037e-03	8.817933e-04	1.201244e-03	9.719399e-03	5.009263e-03	4.710136e-03	1.495634e-04	-1.597252e-04	1.326432e-03	-1.404888e-03	6.239886e-04	-2.028876e-03
0.642614      	2.081448e-03	8.811022e-04	1.200346e-03	9.718120e-03	5.008576e-03	4.709544e-03	1.495162e-04	-1.596221e-04	1.326260e-03	-1.404631e-03	6.239443e-04	-2.028575e-03
0.642619      	2.079858e-03	8.804105e-04	1.199447e-03	9.716847e-03	5.007893e-03	4.708954e-03	1.494693e-04	-1.595184e-04	1.326088e-03	-1.404375e-03	6.239006e-04	-2.028275e-03
0.642624      	2.078264e-03	8.797169e-04	1.198547e-03	9.715575e-03	5.007210e-03	4.708365e-03	1.494226e-04	-1.594150e-04	1.325916e-03	-1.404125e-03	6.238542e-04	-2.027979e-03
0.642629      	2.076668e-03	8.790231e-04	1.197645e-03	9.714297e-03	5.006524e-03	4.707772e-03	1.493760e-04	-1.593108e-04	1.325744e-03	-1.403875e-03	6.238061e-04	-2.027681e-03
0.642634      	2.075081e-03	8.783329e-04	1.196748e-03	9.713041e-03	5.005850e-03	4.707191e-03	1.493294e-04	-1.592075e-04	1.325573e-03	-1.403628e-03	6.237593e-04	-2.027387e-03
0.642639      	2.073502e-03	8.776459e-04	1.195856e-03	9.711789e-03	5.005177e-03	4.706613e-03	1.492819e-04	-1.591053e-04	1.325405e-03	-1.403358e-03	6.237262e-04	-2.027084e-03
0.642644      	2.071922e-03	8.769588e-04	1.194963e-03	9.710531e-03	5.004502e-03	4.706030e-03	1.492358e-04	-1.590023e-04	1.325235e-03	-1.403114e-03	6.236784e-04	-2.026792e-03
0.642649      	2.070345e-03	8.762725e-04	1.194072e-03	9.709274e-03	5.003826e-03	4.705448e-03	1.491889e-04	-1.588999e-04	1.325066e-03	-1.402858e-03	6.236369e-04	-2.026495e-03
0.642654      	2.068767e-03	8.755868e-04	1.193180e-03	9.708014e-03	5.003149e-03	4.704865e-03	1.491422e-04	-1.587967e-04	1.324896e-03	-1.402601e-03	6.235954e-04	-2.026197e-03
0.642659      	2.067189e-03	8.749000e-04	1.192289e-03	9.706765e-03	5.002478e-03	4.704287e-03	1.490958e-04	-1.586944e-04	1.324727e-03	-1.402351e-03	6.235516e-04	-2.025903e-03
0.642664      	2.065610e-03	8.742131e-04	1.191397e-03	9.705512e-03	5.001805e-03	4.703707e-03	1.490494e-04	-1.585919e-04	1.324558e-03	-1.402099e-03	6.235091e-04	-2.025608e-03
0.642669      	2.064047e-03	8.735324e-04	1.190514e-03	9.704277e-03	5.001142e-03	4.703136e-03	1.490030e-04	-1.584909e-04	1.324391e-03	-1.401841e-03	6.234703e-04	-2.025311e-03
0.642674      	2.062473e-03	8.728476e-04	1.189625e-03	9.703035e-03	5.000474e-03	4.702561e-03	1.489568e-04	-1.583888e-04	1.324224e-03	-1.401600e-03	6.234236e-04	-2.025023e-03
0.642679      	2.060901e-03	8.721642e-04	1.188737e-03	9.701795e-03	4.999807e-03	4.701988e-03	1.489098e-04	-1.582866e-04	1.324056e-03	-1.401339e-03	6.233868e-04	-2.024726e-03
0.642684      	2.059322e-03	8.714773e-04	1.187845e-03	9.700540e-03	4.999134e-03	4.701406e-03	1.488639e-04	-1.581839e-04	1.323887e-03	-1.401098e-03	6.233382e-04	-2.024436e-03
0.642689      	2.057766e-03	8.708004e-04	1.186966e-03	9.699297e-03	4.998466e-03	4.700831e-03	1.488179e-04	-1.580826e-04	1.323720e-03	-1.400852e-03	6.232938e-04	-2.024145e-03
0.642694      	2.056212e-03	8.701245e-04	1.186087e-03	9.698060e-03	4.997802e-03	4.700258e-03	1.487719e-04	-1.579813e-04	1.323553e-03	-1.400600e-03	6.232526e-04	-2.023853e-03
0.642699      	2.054653e-03	8.694462e-04	1.185207e-03	9.696834e-03	4.997143e-03	4.699691e-03	1.487264e-04	-1.578803e-04	1.323387e-03	-1.400360e-03	6.232072e-04	-2.023567e-03
0.642704      	2.053075e-03	8.687599e-04	1.184315e-03	9.695597e-03	4.996479e-03	4.699118e-03	1.486803e-04	-1.577775e-04	1.323219e-03	-1.400112e-03	6.231635e-04	-2.023275e-03
0.642709      	2.051515e-03	8.680817e-04	1.183434e-03	9.694364e-03	4.995817e-03	4.698547e-03	1.486348e-04	-1.576761e-04	1.323053e-03	-1.399869e-03	6.231191e-04	-2.022988e-03
0.642714      	2.049952e-03	8.674022e-04	1.182550e-03	9.693129e-03	4.995154e-03	4.697975e-03	1.485892e-04	-1.575740e-04	1.322887e-03	-1.399628e-03	6.230725e-04	-2.022701e-03
0.642719      	2.048407e-03	8.667297e-04	1.181677e-03	9.691914e-03	4.994501e-03	4.697413e-03	1.485439e-04	-1.574738e-04	1.322723e-03	-1.399386e-03	6.230296e-04	-2.022415e-03
0.642724      	2.046847e-03	8.660507e-04	1.180796e-03	9.690684e-03	4.993840e-03	4.696844e-03	1.484981e-04	-1.573727e-04	1.322557e-03	-1.399143e-03	6.229859e-04	-2.022128e-03
0.642729      	2.045295e-03	8.653759e-04	1.179920e-03	9.689467e-03	4.993186e-03	4.696281e-03	1.484526e-04	-1.572718e-04	1.322393e-03	-1.398897e-03	6.229443e-04	-2.021842e-03
0.642734      	2.043749e-03	8.647033e-04	1.179046e-03	9.688250e-03	4.992532e-03	4.695718e-03	1.484072e-04	-1.571713e-04	1.322228e-03	-1.398657e-03	6.228997e-04	-2.021557e-03
0.642739      	2.042211e-03	8.640340e-04	1.178178e-03	9.687037e-03	4.991880e-03	4.695157e-03	1.483614e-04	-1.570718e-04	1.322064e-03	-1.398411e-03	6.228587e-04	-2.021270e-03
0.642744      	2.040672e-03	8.633643e-04	1.177308e-03	9.685840e-03	4.991236e-03	4.694605e-03	1.483155e-04	-1.569718e-04	1.321902e-03	-1.398158e-03	6.228231e-04	-2.020981e-03
0.642749      	2.039128e-03	8.626924e-04	1.176436e-03	9.684629e-03	4.990583e-03	4.694045e-03	1.482689e-04	-1.568717e-04	1.321738e-03	-1.397912e-03	6.227825e-04	-2.020694e-03
0.642754      	2.037597e-03	8.620267e-04	1.175570e-03	9.683420e-03	4.989934e-03	4.693486e-03	1.482237e-04	-1.567716e-04	1.321575e-03	-1.397669e-03	6.227405e-04	-2.020409e-03
0.642759      	2.036039e-03	8.613488e-04	1.174690e-03	9.682199e-03	4.989278e-03	4.692921e-03	1.481786e-04	-1.566705e-04	1.321412e-03	-1.397431e-03	6.226962e-04	-2.020127e-03
0.642764      	2.034502e-03	8.606807e-04	1.173822e-03	9.681005e-03	4.988636e-03	4.692369e-03	1.481333e-04	-1.565704e-04	1.321249e-03	-1.397190e-03	6.226542e-04	-2.019845e-03
0.642769      	2.032972e-03	8.600144e-04	1.172958e-03	9.679812e-03	4.987994e-03	4.691818e-03	1.480881e-04	-1.564715e-04	1.321088e-03	-1.396954e-03	6.226111e-04	-2.019565e-03
0.642774      	2.031437e-03	8.593465e-04	1.172090e-03	9.678628e-03	4.987356e-03	4.691271e-03	1.480423e-04	-1.563720e-04	1.320928e-03	-1.396701e-03	6.225771e-04	-2.019278e-03
0.642779      	2.029911e-03	8.586822e-04	1.171228e-03	9.677434e-03	4.986714e-03	4.690720e-03	1.479968e-04	-1.562730e-04	1.320767e-03	-1.396453e-03	6.225402e-04	-2.018994e-03
0.642784      	2.028372e-03	8.580129e-04	1.170359e-03	9.676234e-03	4.986069e-03	4.690165e-03	1.479520e-04	-1.561730e-04	1.320605e-03	-1.396215e-03	6.224972e-04	-2.018712e-03
0.642789      	2.026844e-03	8.573484e-04	1.169495e-03	9.675043e-03	4.985429e-03	4.689614e-03	1.479073e-04	-1.560735e-04	1.320444e-03	-1.395981e-03	6.224533e-04	-2.018434e-03
0.642794      	2.025321e-03	8.566862e-04	1.168635e-03	9.673865e-03	4.984795e-03	4.689070e-03	1.478622e-04	-1.559745e-04	1.320283e-03	-1.395738e-03	6.224138e-04	-2.018152e-03
0.642799      	2.023803e-03	8.560248e-04	1.167778e-03	9.672692e-03	4.984163e-03	4.688529e-03	1.478174e-04	-1.558766e-04	1.320125e-03	-1.395507e-03	6.223719e-04	-2.017878e-03
0.642804      	2.022299e-03	8.553704e-04	1.166929e-03	9.671518e-03	4.983531e-03	4.687986e-03	1.477725e-04	-1.557792e-04	1.319967e-03	-1.395273e-03	6.223306e-04	-2.017604e-03
0.642809      	2.020769e-03	8.547046e-04	1.166064e-03	9.670335e-03	4.982895e-03	4.687440e-03	1.477273e-04	-1.556799e-04	1.319808e-03	-1.395027e-03	6.222941e-04	-2.017321e-03
0.642814      	2.019262e-03	8.540491e-04	1.165213e-03	9.669168e-03	4.982266e-03	4.686901e-03	1.476825e-04	-1.555820e-04	1.319649e-03	-1.394789e-03	6.222545e-04	-2.017043e-03
0.642819      	2.017740e-03	8.533874e-04	1.164353e-03	9.667989e-03	4.981632e-03	4.686357e-03	1.476378e-04	-1.554828e-04	1.319490e-03	-1.394560e-03	6.222096e-04	-2.016770e-03
0.642824      	2.016228e-03	8.527293e-04	1.163499e-03	9.666809e-03	4.980998e-03	4.685811e-03	1.475932e-04	-1.553848e-04	1.319331e-03	-1.394324e-03	6.221691e-04	-2.016493e-03
0.642829      	2.014721e-03	8.520736e-04	1.162647e-03	9.665641e-03	4.980369e-03	4.685272e-03	1.475486e-04	-1.552869e-04	1.319173e-03	-1.394086e-03	6.221304e-04	-2.016216e-03
0.642834      	2.013216e-03	8.514185e-04	1.161798e-03	9.664478e-03	4.979743e-03	4.684735e-03	1.475042e-04	-1.551895e-04	1.319016e-03	-1.393854e-03	6.220895e-04	-2.015943e-03
0.642839      	2.011708e-03	8.507623e-04	1.160946e-03	9.663312e-03	4.979116e-03	4.684196e-03	1.474597e-04	-1.550916e-04	1.318859e-03	-1.393616e-03	6.220510e-04	-2.015667e-03
0.642844      	2.010204e-03	8.501083e-04	1.160095e-03	9.662156e-03	4.978493e-03	4.683663e-03	1.474149e-04	-1.549935e-04	1.318701e-03	-1.393378e-03	6.220119e-04	-2.015390e-03
0.642849      	2.008716e-03	8.494612e-04	1.159254e-03	9.660994e-03	4.977868e-03	4.683127e-03	1.473703e-04	-1.548967e-04	1.318545e-03	-1.393137e-03	6.219761e-04	-2.015113e-03
0.642854      	2.007214e-03	8.488075e-04	1.158406e-03	9.659842e-03	4.977247e-03	4.682595e-03	1.473259e-04	-1.547993e-04	1.318388e-03	-1.392901e-03	6.219377e-04	-2.014839e-03
0.642859      	2.005714e-03	8.481553e-04	1.157559e-03	9.658688e-03	4.976625e-03	4.682063e-03	1.472814e-04	-1.547019e-04	1.318233e-03	-1.392665e-03	6.218999e-04	-2.014565e-03
0.642864      	2.004221e-03	8.475056e-04	1.156715e-03	9.657534e-03	4.976004e-03	4.681530e-03	1.472369e-04	-1.546047e-04	1.318076e-03	-1.392424e-03	6.218644e-04	-2.014289e-03
0.642869      	2.002723e-03	8.468537e-04	1.155870e-03	9.656371e-03	4.975378e-03	4.680993e-03	1.471928e-04	-1.545080e-04	1.317921e-03	-1.392202e-03	6.218201e-04	-2.014022e-03
0.642874      	2.001231e-03	8.462043e-04	1.155027e-03	9.655213e-03	4.974755e-03	4.680458e-03	1.471488e-04	-1.544112e-04	1.317764e-03	-1.391973e-03	6.217778e-04	-2.013751e-03
0.642879      	1.999737e-03	8.455542e-04	1.154183e-03	9.654067e-03	4.974138e-03	4.679929e-03	1.471045e-04	-1.543145e-04	1.317609e-03	-1.391747e-03	6.217358e-04	-2.013483e-03
0.642884      	1.998249e-03	8.449068e-04	1.153342e-03	9.652915e-03	4.973519e-03	4.679396e-03	1.470611e-04	-1.542178e-04	1.317454e-03	-1.391526e-03	6.216914e-04	-2.013217e-03
0.642889      	1.996756e-03	8.442567e-04	1.152499e-03	9.651760e-03	4.972897e-03	4.678862e-03	1.470175e-04	-1.541213e-04	1.317299e-03	-1.391299e-03	6.216499e-04	-2.012949e-03
0.642894      	1.995275e-03	8.436123e-04	1.151662e-03	9.650630e-03	4.972288e-03	4.678342e-03	1.469732e-04	-1.540250e-04	1.317146e-03	-1.391067e-03	6.216124e-04	-2.012679e-03
0.642899      	1.993786e-03	8.429646e-04	1.150822e-03	9.649492e-03	4.971675e-03	4.677817e-03	1.469293e-04	-1.539284e-04	1.316992e-03	-1.390834e-03	6.215752e-04	-2.012410e-03
0.642904      	1.992291e-03	8.423145e-04	1.149976e-03	9.648344e-03	4.971058e-03	4.677287e-03	1.468855e-04	-1.538308e-04	1.316837e-03	-1.390605e-03	6.215347e-04	-2.012140e-03
0.642909      	1.990833e-03	8.416797e-04	1.149154e-03	9.647217e-03	4.970450e-03	4.676767e-03	1.468415e-04	-1.537370e-04	1.316686e-03	-1.390369e-03	6.215012e-04	-2.011870e-03
0.642914      	1.989348e-03	8.410334e-04	1.148314e-03	9.646079e-03	4.969837e-03	4.676242e-03	1.467977e-04	-1.536405e-04	1.316532e-03	-1.390141e-03	6.214614e-04	-2.011603e-03
0.642919      	1.987874e-03	8.403920e-04	1.147482e-03	9.644952e-03	4.969230e-03	4.675722e-03	1.467540e-04	-1.535450e-04	1.316380e-03	-1.389910e-03	6.214251e-04	-2.011335e-03
0.642924      	1.986389e-03	8.397461e-04	1.146643e-03	9.643835e-03	4.968627e-03	4.675208e-03	1.467092e-04	-1.534486e-04	1.316228e-03	-1.389662e-03	6.213969e-04	-2.011059e-03
0.642929      	1.984902e-03	8.390993e-04	1.145803e-03	9.642700e-03	4.968015e-03	4.674684e-03	1.466657e-04	-1.533519e-04	1.316074e-03	-1.389439e-03	6.213550e-04	-2.010794e-03
0.642934      	1.983427e-03	8.384569e-04	1.144970e-03	9.641576e-03	4.967410e-03	4.674166e-03	1.466221e-04	-1.532566e-04	1.315923e-03	-1.389209e-03	6.213179e-04	-2.010527e-03
0.642939      	1.981948e-03	8.378129e-04	1.144135e-03	9.640441e-03	4.966799e-03	4.673642e-03	1.465788e-04	-1.531609e-04	1.315770e-03	-1.388984e-03	6.212779e-04	-2.010262e-03
0.642944      	1.980475e-03	8.371721e-04	1.143303e-03	9.639338e-03	4.966203e-03	4.673134e-03	1.465345e-04	-1.530655e-04	1.315620e-03	-1.388742e-03	6.212495e-04	-2.009991e-03
0.642949      	1.978993e-03	8.365271e-04	1.142466e-03	9.638232e-03	4.965606e-03	4.672626e-03	1.464901e-04	-1.529696e-04	1.315470e-03	-1.388496e-03	6.212218e-04	-2.009718e-03
0.642954      	1.977540e-03	8.358950e-04	1.141645e-03	9.637115e-03	4.965004e-03	4.672111e-03	1.464469e-04	-1.528749e-04	1.315319e-03	-1.388279e-03	6.211799e-04	-2.009459e-03
0.642959      	1.976072e-03	8.352561e-04	1.140816e-03	9.636010e-03	4.964408e-03	4.671602e-03	1.464034e-04	-1.527799e-04	1.315169e-03	-1.388048e-03	6.211452e-04	-2.009194e-03
0.642964      	1.974611e-03	8.346200e-04	1.139991e-03	9.634892e-03	4.963806e-03	4.671086e-03	1.463605e-04	-1.526853e-04	1.315019e-03	-1.387834e-03	6.211023e-04	-2.008936e-03
0.642969      	1.973149e-03	8.339835e-04	1.139165e-03	9.633783e-03	4.963209e-03	4.670574e-03	1.463173e-04	-1.525910e-04	1.314870e-03	-1.387606e-03	6.210666e-04	-2.008673e-03
0.642974      	1.971688e-03	8.333477e-04	1.138340e-03	9.632674e-03	4.962612e-03	4.670063e-03	1.462744e-04	-1.524961e-04	1.314721e-03	-1.387389e-03	6.210262e-04	-2.008415e-03
0.642979      	1.970232e-03	8.327148e-04	1.137518e-03	9.631569e-03	4.962016e-03	4.669553e-03	1.462313e-04	-1.524014e-04	1.314572e-03	-1.387175e-03	6.209839e-04	-2.008159e-03
0.642984      	1.968777e-03	8.320816e-04	1.136696e-03	9.630464e-03	4.961420e-03	4.669044e-03	1.461882e-04	-1.523071e-04	1.314423e-03	-1.386946e-03	6.209500e-04	-2.007896e-03
0.642989      	1.967320e-03	8.314473e-04	1.135873e-03	9.629366e-03	4.960828e-03	4.668538e-03	1.461450e-04	-1.522126e-04	1.314274e-03	-1.386721e-03	6.209139e-04	-2.007634e-03
0.642994      	1.965873e-03	8.308180e-04	1.135055e-03	9.628273e-03	4.960238e-03	4.668035e-03	1.461017e-04	-1.521186e-04	1.314126e-03	-1.386493e-03	6.208795e-04	-2.007373e-03
0.642999      	1.964421e-03	8.301862e-04	1.134235e-03	9.627168e-03	4.959643e-03	4.667525e-03	1.460590e-04	-1.520243e-04	1.313978e-03	-1.386275e-03	6.208402e-04	-2.007115e-03
0.643004      	1.962968e-03	8.295537e-04	1.133415e-03	9.626082e-03	4.959057e-03	4.667025e-03	1.460159e-04	-1.519305e-04	1.313831e-03	-1.386046e-03	6.208076e-04	-2.006854e-03
0.643009      	1.961518e-03	8.289230e-04	1.132595e-03	9.624986e-03	4.958466e-03	4.666520e-03	1.459728e-04	-1.518362e-04	1.313682e-03	-1.385823e-03	6.207706e-04	-2.006594e-03
0.643014      	1.960085e-03	8.282991e-04	1.131786e-03	9.623908e-03	4.957884e-03	4.666024e-03	1.459300e-04	-1.517433e-04	1.313536e-03	-1.385607e-03	6.207326e-04	-2.006340e-03
0.643019      	1.958630e-03	8.276660e-04	1.130964e-03	9.622812e-03	4.957293e-03	4.665519e-03	1.458869e-04	-1.516491e-04	1.313389e-03	-1.385376e-03	6.207012e-04	-2.006077e-03
0.643024      	1.957185e-03	8.270369e-04	1.130148e-03	9.621720e-03	4.956704e-03	4.665016e-03	1.458441e-04	-1.515554e-04	1.313241e-03	-1.385157e-03	6.206627e-04	-2.005820e-03
0.643029      	1.955749e-03	8.264124e-04	1.129336e-03	9.620645e-03	4.956124e-03	4.664521e-03	1.458016e-04	-1.514619e-04	1.313096e-03	-1.384935e-03	6.206281e-04	-2.005563e-03
0.643034      	1.954295e-03	8.257785e-04	1.128516e-03	9.619565e-03	4.955542e-03	4.664023e-03	1.457595e-04	-1.513687e-04	1.312950e-03	-1.384726e-03	6.205873e-04	-2.005313e-03
0.643039      	1.952874e-03	8.251606e-04	1.127713e-03	9.618490e-03	4.954961e-03	4.663529e-03	1.457159e-04	-1.512763e-04	1.312805e-03	-1.384497e-03	6.205560e-04	-2.005053e-03
0.643044      	1.951440e-03	8.245368e-04	1.126904e-03	9.617423e-03	4.954385e-03	4.663037e-03	1.456741e-04	-1.511834e-04	1.312660e-03	-1.384288e-03	6.205161e-04	-2.004804e-03
0.643049      	1.950005e-03	8.239126e-04	1.126093e-03	9.616345e-03	4.953804e-03	4.662541e-03	1.456312e-04	-1.510901e-04	1.312514e-03	-1.384063e-03	6.204825e-04	-2.004546e-03
0.643054      	1.948571e-03	8.232881e-04	1.125283e-03	9.615266e-03	4.953222e-03	4.662044e-03	1.455889e-04	-1.509975e-04	1.312370e-03	-1.383847e-03	6.204465e-04	-2.004293e-03
0.643059      	1.947141e-03	8.226657e-04	1.124475e-03	9.614198e-03	4.952646e-03	4.661552e-03	1.455465e-04	-1.509047e-04	1.312225e-03	-1.383629e-03	6.204110e-04	-2.004040e-03
0.643064      	1.945700e-03	8.220388e-04	1.123662e-03	9.613129e-03	4.952069e-03	4.661061e-03	1.455041e-04	-1.508114e-04	1.312081e-03	-1.383413e-03	6.203742e-04	-2.003787e-03
0.643069      	1.944278e-03	8.214198e-04	1.122858e-03	9.612062e-03	4.951493e-03	4.660569e-03	1.454617e-04	-1.507193e-04	1.311936e-03	-1.383196e-03	6.203382e-04	-2.003535e-03
0.643074      	1.942859e-03	8.208022e-04	1.122057e-03	9.611002e-03	4.950920e-03	4.660081e-03	1.454195e-04	-1.506274e-04	1.311793e-03	-1.382981e-03	6.203027e-04	-2.003284e-03
0.643079      	1.941430e-03	8.201801e-04	1.121249e-03	9.609937e-03	4.950346e-03	4.659592e-03	1.453770e-04	-1.505346e-04	1.311649e-03	-1.382763e-03	6.202676e-04	-2.003031e-03
0.643084      	1.940011e-03	8.195624e-04	1.120449e-03	9.608879e-03	4.949774e-03	4.659105e-03	1.453343e-04	-1.504431e-04	1.311506e-03	-1.382537e-03	6.202378e-04	-2.002774e-03
0.643089      	1.938591e-03	8.189442e-04	1.119647e-03	9.607830e-03	4.949207e-03	4.658623e-03	1.452921e-04	-1.503512e-04	1.311364e-03	-1.382319e-03	6.202042e-04	-2.002524e-03
0.643094      	1.937167e-03	8.183246e-04	1.118842e-03	9.606771e-03	4.948635e-03	4.658136e-03	1.452499e-04	-1.502589e-04	1.311220e-03	-1.382102e-03	6.201693e-04	-2.002271e-03
0.643099      	1.935745e-03	8.177059e-04	1.118039e-03	9.605709e-03	4.948062e-03	4.657647e-03	1.452077e-04	-1.501666e-04	1.311078e-03	-1.381879e-03	6.201382e-04	-2.002018e-03
0.643104      	1.934325e-03	8.170882e-04	1.117237e-03	9.604654e-03	4.947493e-03	4.657161e-03	1.451659e-04	-1.500744e-04	1.310936e-03	-1.381668e-03	6.201017e-04	-2.001769e-03
0.643109      	1.932905e-03	8.164705e-04	1.116435e-03	9.603596e-03	4.946922e-03	4.656674e-03	1.451240e-04	-1.499822e-04	1.310792e-03	-1.381454e-03	6.200654e-04	-2.001519e-03
0.643114      	1.931490e-03	8.158545e-04	1.115636e-03	9.602551e-03	4.946357e-03	4.656193e-03	1.450819e-04	-1.498907e-04	1.310651e-03	-1.381235e-03	6.200331e-04	-2.001268e-03
0.643119      	1.930083e-03	8.152426e-04	1.114841e-03	9.601502e-03	4.945791e-03	4.655710e-03	1.450403e-04	-1.497991e-04	1.310509e-03	-1.381028e-03	6.199953e-04	-2.001023e-03
0.643124      	1.928677e-03	8.146302e-04	1.114047e-03	9.600458e-03	4.945227e-03	4.655231e-03	1.449980e-04	-1.497082e-04	1.310368e-03	-1.380806e-03	6.199652e-04	-2.000772e-03
0.643129      	1.927268e-03	8.140176e-04	1.113251e-03	9.599411e-03	4.944662e-03	4.654749e-03	1.449562e-04	-1.496165e-04	1.310227e-03	-1.380595e-03	6.199290e-04	-2.000524e-03
0.643134      	1.925855e-03	8.134026e-04	1.112453e-03	9.598360e-03	4.944095e-03	4.654265e-03	1.449147e-04	-1.495250e-04	1.310085e-03	-1.380383e-03	6.198936e-04	-2.000277e-03
0.643139      	1.924444e-03	8.127882e-04	1.111656e-03	9.597337e-03	4.943542e-03	4.653796e-03	1.448730e-04	-1.494338e-04	1.309946e-03	-1.380168e-03	6.198616e-04	-2.000030e-03
0.643144      	1.923032e-03	8.121734e-04	1.110858e-03	9.596291e-03	4.942976e-03	4.653315e-03	1.448307e-04	-1.493424e-04	1.309805e-03	-1.379941e-03	6.198346e-04	-1.999775e-03
0.643149      	1.921639e-03	8.115675e-04	1.110072e-03	9.595254e-03	4.942416e-03	4.652838e-03	1.447894e-04	-1.492521e-04	1.309665e-03	-1.379737e-03	6.197967e-04	-1.999534e-03
0.643154      	1.920237e-03	8.109569e-04	1.109280e-03	9.594221e-03	4.941858e-03	4.652363e-03	1.447474e-04	-1.491615e-04	1.309525e-03	-1.379516e-03	6.197673e-04	-1.999283e-03
0.643159      	1.918836e-03	8.103474e-04	1.108489e-03	9.593186e-03	4.941299e-03	4.651887e-03	1.447060e-04	-1.490707e-04	1.309386e-03	-1.379305e-03	6.197329e-04	-1.999038e-03
0.643164      	1.917437e-03	8.097386e-04	1.107699e-03	9.592151e-03	4.940740e-03	4.651411e-03	1.446644e-04	-1.489800e-04	1.309246e-03	-1.379096e-03	6.196978e-04	-1.998794e-03
0.643169      	1.916041e-03	8.091310e-04	1.106910e-03	9.591128e-03	4.940187e-03	4.650942e-03	1.446225e-04	-1.488895e-04	1.309107e-03	-1.378877e-03	6.196685e-04	-1.998546e-03
0.643174      	1.914647e-03	8.085241e-04	1.106122e-03	9.590106e-03	4.939634e-03	4.650472e-03	1.445812e-04	-1.487991e-04	1.308969e-03	-1.378662e-03	6.196380e-04	-1.998300e-03
0.643179      	1.913252e-03	8.079175e-04	1.105335e-03	9.589071e-03	4.939075e-03	4.649996e-03	1.445394e-04	-1.487087e-04	1.308829e-03	-1.378445e-03	6.196069e-04	-1.998052e-03
0.643184      	1.911856e-03	8.073097e-04	1.104546e-03	9.588050e-03	4.938523e-03	4.649527e-03	1.444978e-04	-1.486184e-04	1.308691e-03	-1.378229e-03	6.195764e-04	-1.997806e-03
0.643189      	1.910471e-03	8.067065e-04	1.103764e-03	9.587040e-03	4.937976e-03	4.649063e-03	1.444566e-04	-1.485287e-04	1.308555e-03	-1.378019e-03	6.195451e-04	-1.997564e-03
0.643194      	1.909081e-03	8.061014e-04	1.102979e-03	9.586020e-03	4.937425e-03	4.648595e-03	1.444150e-04	-1.484390e-04	1.308417e-03	-1.377808e-03	6.195126e-04	-1.997321e-03
0.643199      	1.907683e-03	8.054931e-04	1.102190e-03	9.585010e-03	4.936879e-03	4.648131e-03	1.443738e-04	-1.483485e-04	1.308279e-03	-1.377600e-03	6.194794e-04	-1.997080e-03
0.643204      	1.906289e-03	8.048866e-04	1.101403e-03	9.583987e-03	4.936326e-03	4.647661e-03	1.443322e-04	-1.482581e-04	1.308141e-03	-1.377384e-03	6.194491e-04	-1.996833e-03
0.643209      	1.904905e-03	8.042839e-04	1.100621e-03	9.582973e-03	4.935778e-03	4.647196e-03	1.442910e-04	-1.481686e-04	1.308004e-03	-1.377174e-03	6.194171e-04	-1.996591e-03
0.643214      	1.903521e-03	8.036816e-04	1.099840e-03	9.581964e-03	4.935232e-03	4.646732e-03	1.442499e-04	-1.480791e-04	1.307868e-03	-1.376966e-03	6.193846e-04	-1.996351e-03
0.643219      	1.902137e-03	8.030791e-04	1.099058e-03	9.580956e-03	4.934686e-03	4.646270e-03	1.442083e-04	-1.479893e-04	1.307731e-03	-1.376745e-03	6.193584e-04	-1.996104e-03
0.643224      	1.900761e-03	8.024800e-04	1.098281e-03	9.579950e-03	4.934142e-03	4.645808e-03	1.441669e-04	-1.479005e-04	1.307595e-03	-1.376530e-03	6.193301e-04	-1.995860e-03
0.643229      	1.899382e-03	8.018801e-04	1.097502e-03	9.578939e-03	4.933596e-03	4.645343e-03	1.441262e-04	-1.478109e-04	1.307458e-03	-1.376325e-03	6.192956e-04	-1.995621e-03
0.643234      	1.898003e-03	8.012798e-04	1.096723e-03	9.577930e-03	4.933050e-03	4.644880e-03	1.440850e-04	-1.477216e-04	1.307322e-03	-1.376113e-03	6.192655e-04	-1.995378e-03
0.643239      	1.896624e-03	8.006794e-04	1.095945e-03	9.576932e-03	4.932510e-03	4.644422e-03	1.440440e-04	-1.476327e-04	1.307187e-03	-1.375901e-03	6.192363e-04	-1.995138e-03
0.643244      	1.895246e-03	8.000794e-04	1.095166e-03	9.575924e-03	4.931965e-03	4.643959e-03	1.440027e-04	-1.475435e-04	1.307051e-03	-1.375692e-03	6.192046e-04	-1.994897e-03
0.643249      	1.893881e-03	7.994856e-04	1.094396e-03	9.574937e-03	4.931431e-03	4.643506e-03	1.439627e-04	-1.474550e-04	1.306917e-03	-1.375497e-03	6.191688e-04	-1.994665e-03
0.643254      	1.892516e-03	7.988910e-04	1.093625e-03	9.573950e-03	4.930897e-03	4.643053e-03	1.439217e-04	-1.473668e-04	1.306783e-03	-1.375289e-03	6.191385e-04	-1.994427e-03
0.643259      	1.891152e-03	7.982974e-04	1.092854e-03	9.572961e-03	4.930361e-03	4.642599e-03	1.438809e-04	-1.472785e-04	1.306649e-03	-1.375079e-03	6.191098e-04	-1.994188e-03
0.643264      	1.889788e-03	7.977039e-04	1.092084e-03	9.571976e-03	4.929828e-03	4.642148e-03	1.438400e-04	-1.471903e-04	1.306516e-03	-1.374870e-03	6.190808e-04	-1.993951e-03
0.643269      	1.888422e-03	7.971091e-04	1.091313e-03	9.570982e-03	4.929290e-03	4.641692e-03	1.437991e-04	-1.471017e-04	1.306382e-03	-1.374662e-03	6.190508e-04	-1.993713e-03
0.643274      	1.887054e-03	7.965134e-04	1.090540e-03	9.569992e-03	4.928754e-03	4.641238e-03	1.437583e-04	-1.470134e-04	1.306248e-03	-1.374453e-03	6.190216e-04	-1.993474e-03
0.643279      	1.885683e-03	7.959175e-04	1.089766e-03	9.569007e-03	4.928221e-03	4.640786e-03	1.437177e-04	-1.469241e-04	1.306114e-03	-1.374247e-03	6.189906e-04	-1.993238e-03
0.643284      	1.884316e-03	7.953219e-04	1.088994e-03	9.568018e-03	4.927686e-03	4.640332e-03	1.436771e-04	-1.468359e-04	1.305981e-03	-1.374043e-03	6.189592e-04	-1.993003e-03
0.643289      	1.882969e-03	7.947356e-04	1.088234e-03	9.567045e-03	4.927159e-03	4.639887e-03	1.436361e-04	-1.467489e-04	1.305849e-03	-1.373827e-03	6.189355e-04	-1.992763e-03
0.643294      	1.881599e-03	7.941393e-04	1.087459e-03	9.566060e-03	4.926626e-03	4.639434e-03	1.435957e-04	-1.466600e-04	1.305716e-03	-1.373623e-03	6.189040e-04	-1.992527e-03
0.643299      	1.880241e-03	7.935483e-04	1.086693e-03	9.565083e-03	4.926097e-03	4.638987e-03	1.435548e-04	-1.465722e-04	1.305583e-03	-1.373408e-03	6.188790e-04	-1.992287e-03
0.643304      	1.878887e-03	7.929584e-04	1.085928e-03	9.564118e-03	4.925573e-03	4.638545e-03	1.435141e-04	-1.464849e-04	1.305452e-03	-1.373197e-03	6.188531e-04	-1.992050e-03
0.643309      	1.877523e-03	7.923646e-04	1.085158e-03	9.563137e-03	4.925042e-03	4.638095e-03	1.434738e-04	-1.463967e-04	1.305319e-03	-1.372991e-03	6.188237e-04	-1.991815e-03
0.643314      	1.876170e-03	7.917759e-04	1.084394e-03	9.562164e-03	4.924516e-03	4.637648e-03	1.434337e-04	-1.463093e-04	1.305188e-03	-1.372792e-03	6.187916e-04	-1.991584e-03
0.643319      	1.874822e-03	7.911888e-04	1.083633e-03	9.561197e-03	4.923992e-03	4.637205e-03	1.433932e-04	-1.462220e-04	1.305056e-03	-1.372589e-03	6.187615e-04	-1.991351e-03
0.643324      	1.873470e-03	7.906002e-04	1.082870e-03	9.560227e-03	4.923466e-03	4.636761e-03	1.433522e-04	-1.461350e-04	1.304925e-03	-1.372373e-03	6.187386e-04	-1.991112e-03
0.643329      	1.872134e-03	7.900187e-04	1.082115e-03	9.559276e-03	4.922950e-03	4.636326e-03	1.433120e-04	-1.460483e-04	1.304794e-03	-1.372172e-03	6.187080e-04	-1.990880e-03
0.643334      	1.870787e-03	7.894320e-04	1.081355e-03	9.558305e-03	4.922423e-03	4.635881e-03	1.432712e-04	-1.459616e-04	1.304663e-03	-1.371961e-03	6.186830e-04	-1.990644e-03
0.643339      	1.869447e-03	7.888481e-04	1.080598e-03	9.557341e-03	4.921901e-03	4.635440e-03	1.432309e-04	-1.458752e-04	1.304534e-03	-1.371754e-03	6.186567e-04	-1.990411e-03
0.643344      	1.868114e-03	7.882674e-04	1.079846e-03	9.556380e-03	4.921380e-03	4.634999e-03	1.431907e-04	-1.457893e-04	1.304404e-03	-1.371552e-03	6.186281e-04	-1.990180e-03
0.643349      	1.866765e-03	7.876808e-04	1.079084e-03	9.555414e-03	4.920858e-03	4.634557e-03	1.431506e-04	-1.457018e-04	1.304273e-03	-1.371351e-03	6.185973e-04	-1.989948e-03
0.643354      	1.865423e-03	7.870965e-04	1.078327e-03	9.554446e-03	4.920333e-03	4.634112e-03	1.431104e-04	-1.456151e-04	1.304143e-03	-1.371152e-03	6.185667e-04	-1.989719e-03
0.643359      	1.864076e-03	7.865103e-04	1.077566e-03	9.553490e-03	4.919815e-03	4.633674e-03	1.430704e-04	-1.455278e-04	1.304012e-03	-1.370948e-03	6.185382e-04	-1.989486e-03
0.643364      	1.862735e-03	7.859265e-04	1.076809e-03	9.552525e-03	4.919293e-03	4.633233e-03	1.430300e-04	-1.454410e-04	1.303882e-03	-1.370743e-03	6.185104e-04	-1.989253e-03
0.643369      	1.861396e-03	7.853437e-04	1.076053e-03	9.551568e-03	4.918774e-03	4.632794e-03	1.429903e-04	-1.453545e-04	1.303753e-03	-1.370541e-03	6.184822e-04	-1.989023e-03
0.643374      	1.860068e-03	7.847652e-04	1.075303e-03	9.550633e-03	4.918267e-03	4.632366e-03	1.429502e-04	-1.452691e-04	1.303625e-03	-1.370332e-03	6.184589e-04	-1.988791e-03
0.643379      	1.858741e-03	7.841871e-04	1.074553e-03	9.549683e-03	4.917752e-03	4.631931e-03	1.429104e-04	-1.451832e-04	1.303497e-03	-1.370133e-03	6.184301e-04	-1.988563e-03
0.643384      	1.857407e-03	7.836063e-04	1.073800e-03	9.548735e-03	4.917238e-03	4.631497e-03	1.428705e-04	-1.450970e-04	1.303368e-03	-1.369932e-03	6.184018e-04	-1.988334e-03
0.643389      	1.856081e-03	7.830292e-04	1.073052e-03	9.547797e-03	4.916729e-03	4.631068e-03	1.428306e-04	-1.450114e-04	1.303240e-03	-1.369730e-03	6.183749e-04	-1.988105e-03
0.643394      	1.854751e-03	7.824500e-04	1.072301e-03	9.546859e-03	4.916220e-03	4.630639e-03	1.427907e-04	-1.449255e-04	1.303113e-03	-1.369526e-03	6.183496e-04	-1.987875e-03
0.643399      	1.853431e-03	7.818750e-04	1.071556e-03	9.545916e-03	4.915709e-03	4.630207e-03	1.427507e-04	-1.448406e-04	1.302985e-03	-1.369321e-03	6.183240e-04	-1.987645e-03
0.643404      	1.852107e-03	7.812985e-04	1.070808e-03	9.544973e-03	4.915198e-03	4.629776e-03	1.427110e-04	-1.447548e-04	1.302857e-03	-1.369126e-03	6.182940e-04	-1.987420e-03
0.643409      	1.850776e-03	7.807193e-04	1.070056e-03	9.544026e-03	4.914684e-03	4.629342e-03	1.426712e-04	-1.446686e-04	1.302729e-03	-1.368923e-03	6.182670e-04	-1.987190e-03
0.643414      	1.849447e-03	7.801406e-04	1.069306e-03	9.543085e-03	4.914174e-03	4.628911e-03	1.426318e-04	-1.445829e-04	1.302601e-03	-1.368726e-03	6.182383e-04	-1.986964e-03
0.643419      	1.848143e-03	7.795731e-04	1.068570e-03	9.542149e-03	4.913666e-03	4.628483e-03	1.425920e-04	-1.444984e-04	1.302474e-03	-1.368520e-03	6.182144e-04	-1.986734e-03
0.643424      	1.846813e-03	7.789937e-04	1.067819e-03	9.541214e-03	4.913160e-03	4.628054e-03	1.425526e-04	-1.444127e-04	1.302347e-03	-1.368318e-03	6.181883e-04	-1.986507e-03
0.643429      	1.845489e-03	7.784174e-04	1.067072e-03	9.540277e-03	4.912652e-03	4.627626e-03	1.425129e-04	-1.443273e-04	1.302221e-03	-1.368114e-03	6.181639e-04	-1.986278e-03
0.643434      	1.844181e-03	7.778481e-04	1.066333e-03	9.539337e-03	4.912142e-03	4.627195e-03	1.424735e-04	-1.442423e-04	1.302094e-03	-1.367915e-03	6.181365e-04	-1.986051e-03
0.643439      	1.842859e-03	7.772725e-04	1.065587e-03	9.538411e-03	4.911639e-03	4.626772e-03	1.424338e-04	-1.441571e-04	1.301968e-03	-1.367712e-03	6.181125e-04	-1.985824e-03
0.643444      	1.841543e-03	7.766995e-04	1.064843e-03	9.537482e-03	4.911136e-03	4.626346e-03	1.423946e-04	-1.440719e-04	1.301842e-03	-1.367517e-03	6.180840e-04	-1.985601e-03
0.643449      	1.840233e-03	7.761291e-04	1.064104e-03	9.536557e-03	4.910634e-03	4.625923e-03	1.423557e-04	-1.439873e-04	1.301717e-03	-1.367324e-03	6.180556e-04	-1.985379e-03
0.643454      	1.838926e-03	7.755599e-04	1.063366e-03	9.535635e-03	4.910134e-03	4.625501e-03	1.423165e-04	-1.439029e-04	1.301593e-03	-1.367127e-03	6.180294e-04	-1.985156e-03
0.643459      	1.837614e-03	7.749888e-04	1.062625e-03	9.534717e-03	4.909636e-03	4.625081e-03	1.422773e-04	-1.438182e-04	1.301468e-03	-1.366928e-03	6.180040e-04	-1.984932e-03
0.643464      	1.836298e-03	7.744159e-04	1.061882e-03	9.533789e-03	4.909133e-03	4.624656e-03	1.422383e-04	-1.437331e-04	1.301343e-03	-1.366733e-03	6.179759e-04	-1.984709e-03
0.643469      	1.834994e-03	7.738483e-04	1.061146e-03	9.532873e-03	4.908636e-03	4.624237e-03	1.421992e-04	-1.436487e-04	1.301218e-03	-1.366537e-03	6.179500e-04	-1.984487e-03
0.643474      	1.833688e-03	7.732794e-04	1.060408e-03	9.531958e-03	4.908139e-03	4.623819e-03	1.421601e-04	-1.435643e-04	1.301094e-03	-1.366337e-03	6.179260e-04	-1.984263e-03
0.643479      	1.832380e-03	7.727102e-04	1.059670e-03	9.531033e-03	4.907638e-03	4.623395e-03	1.421211e-04	-1.434797e-04	1.300970e-03	-1.366140e-03	6.178999e-04	-1.984040e-03
0.643484      	1.831078e-03	7.721430e-04	1.058935e-03	9.530132e-03	4.907148e-03	4.622984e-03	1.420821e-04	-1.433960e-04	1.300846e-03	-1.365947e-03	6.178731e-04	-1.983820e-03
0.643489      	1.829784e-03	7.715797e-04	1.058205e-03	9.529212e-03	4.906649e-03	4.622563e-03	1.420428e-04	-1.433124e-04	1.300722e-03	-1.365746e-03	6.178492e-04	-1.983595e-03
0.643494      	1.828481e-03	7.710125e-04	1.057469e-03	9.528304e-03	4.906155e-03	4.622148e-03	1.420035e-04	-1.432282e-04	1.300598e-03	-1.365550e-03	6.178229e-04	-1.983373e-03
0.643499      	1.827191e-03	7.704507e-04	1.056740e-03	9.527399e-03	4.905664e-03	4.621735e-03	1.419646e-04	-1.431448e-04	1.300476e-03	-1.365360e-03	6.177958e-04	-1.983156e-03
0.643504      	1.825896e-03	7.698865e-04	1.056009e-03	9.526493e-03	4.905172e-03	4.621321e-03	1.419256e-04	-1.430613e-04	1.300353e-03	-1.365164e-03	6.177710e-04	-1.982935e-03
0.643509      	1.824599e-03	7.693217e-04	1.055277e-03	9.525590e-03	4.904681e-03	4.620909e-03	1.418863e-04	-1.429778e-04	1.300230e-03	-1.364965e-03	6.177478e-04	-1.982713e-03
0.643514      	1.823315e-03	7.687626e-04	1.054552e-03	9.524683e-03	4.904190e-03	4.620494e-03	1.418480e-04	-1.428947e-04	1.300108e-03	-1.364773e-03	6.177220e-04	-1.982495e-03
0.643519      	1.822019e-03	7.681987e-04	1.053821e-03	9.523784e-03	4.903701e-03	4.620083e-03	1.418092e-04	-1.428110e-04	1.299986e-03	-1.364579e-03	6.176969e-04	-1.982275e-03
0.643524      	1.820723e-03	7.676341e-04	1.053088e-03	9.522883e-03	4.903212e-03	4.619671e-03	1.417706e-04	-1.427272e-04	1.299864e-03	-1.364387e-03	6.176707e-04	-1.982057e-03
0.643529      	1.819431e-03	7.670717e-04	1.052359e-03	9.521973e-03	4.902719e-03	4.619255e-03	1.417321e-04	-1.426436e-04	1.299741e-03	-1.364191e-03	6.176459e-04	-1.981837e-03
0.643534      	1.818143e-03	7.665110e-04	1.051632e-03	9.521074e-03	4.902230e-03	4.618843e-03	1.416934e-04	-1.425603e-04	1.299619e-03	-1.363998e-03	6.176203e-04	-1.981618e-03
0.643539      	1.816853e-03	7.659495e-04	1.050904e-03	9.520176e-03	4.901743e-03	4.618433e-03	1.416549e-04	-1.424772e-04	1.299497e-03	-1.363804e-03	6.175955e-04	-1.981399e-03
0.643544      	1.815575e-03	7.653929e-04	1.050182e-03	9.519282e-03	4.901257e-03	4.618024e-03	1.416165e-04	-1.423943e-04	1.299376e-03	-1.363615e-03	6.175683e-04	-1.981184e-03
0.643549      	1.814294e-03	7.648358e-04	1.049458e-03	9.518393e-03	4.900774e-03	4.617619e-03	1.415779e-04	-1.423112e-04	1.299255e-03	-1.363422e-03	6.175444e-04	-1.980966e-03
0.643554      	1.813013e-03	7.642777e-04	1.048735e-03	9.517501e-03	4.900290e-03	4.617211e-03	1.415395e-04	-1.422285e-04	1.299134e-03	-1.363232e-03	6.175177e-04	-1.980750e-03
0.643559      	1.811729e-03	7.637191e-04	1.048010e-03	9.516606e-03	4.899804e-03	4.616802e-03	1.415013e-04	-1.421457e-04	1.299013e-03	-1.363041e-03	6.174925e-04	-1.980534e-03
0.643564      	1.810444e-03	7.631592e-04	1.047284e-03	9.515714e-03	4.899320e-03	4.616394e-03	1.414625e-04	-1.420626e-04	1.298892e-03	-1.362850e-03	6.174675e-04	-1.980317e-03
0.643569      	1.809168e-03	7.626040e-04	1.046564e-03	9.514827e-03	4.898838e-03	4.615989e-03	1.414247e-04	-1.419799e-04	1.298773e-03	-1.362661e-03	6.174420e-04	-1.980103e-03
0.643574      	1.807893e-03	7.620492e-04	1.045844e-03	9.513949e-03	4.898361e-03	4.615588e-03	1.413864e-04	-1.418973e-04	1.298653e-03	-1.362470e-03	6.174181e-04	-1.979888e-03
0.643579      	1.806609e-03	7.614903e-04	1.045119e-03	9.513067e-03	4.897881e-03	4.615185e-03	1.413480e-04	-1.418141e-04	1.298533e-03	-1.362274e-03	6.173963e-04	-1.979670e-03
0.643584      	1.805341e-03	7.609381e-04	1.044403e-03	9.512182e-03	4.897401e-03	4.614781e-03	1.413100e-04	-1.417326e-04	1.298414e-03	-1.362085e-03	6.173714e-04	-1.979457e-03
0.643589      	1.804067e-03	7.603835e-04	1.043684e-03	9.511301e-03	4.896922e-03	4.614379e-03	1.412718e-04	-1.416502e-04	1.298295e-03	-1.361895e-03	6.173476e-04	-1.979243e-03
0.643594      	1.802793e-03	7.598287e-04	1.042965e-03	9.510425e-03	4.896446e-03	4.613979e-03	1.412337e-04	-1.415679e-04	1.298176e-03	-1.361708e-03	6.173219e-04	-1.979030e-03
0.643599      	1.801535e-03	7.592806e-04	1.042254e-03	9.509539e-03	4.895966e-03	4.613574e-03	1.411959e-04	-1.414869e-04	1.298057e-03	-1.361521e-03	6.172965e-04	-1.978817e-03
0.643604      	1.800269e-03	7.587295e-04	1.041540e-03	9.508669e-03	4.895492e-03	4.613177e-03	1.411579e-04	-1.414051e-04	1.297939e-03	-1.361331e-03	6.172733e-04	-1.978604e-03
0.643609      	1.799004e-03	7.581788e-04	1.040825e-03	9.507804e-03	4.895022e-03	4.612782e-03	1.411202e-04	-1.413232e-04	1.297820e-03	-1.361144e-03	6.172481e-04	-1.978392e-03
0.643614      	1.797732e-03	7.576251e-04	1.040107e-03	9.506928e-03	4.894546e-03	4.612382e-03	1.410821e-04	-1.412410e-04	1.297701e-03	-1.360953e-03	6.172246e-04	-1.978178e-03
0.643619      	1.796475e-03	7.570776e-04	1.039398e-03	9.506055e-03	4.894071e-03	4.611983e-03	1.410441e-04	-1.411600e-04	1.297584e-03	-1.360765e-03	6.172010e-04	-1.977966e-03
0.643624      	1.795217e-03	7.565297e-04	1.038688e-03	9.505190e-03	4.893601e-03	4.611589e-03	1.410063e-04	-1.410790e-04	1.297466e-03	-1.360580e-03	6.171764e-04	-1.977756e-03
0.643629      	1.793960e-03	7.559820e-04	1.037978e-03	9.504323e-03	4.893130e-03	4.611193e-03	1.409685e-04	-1.409979e-04	1.297349e-03	-1.360392e-03	6.171527e-04	-1.977545e-03
0.643634      	1.792697e-03	7.554323e-04	1.037265e-03	9.503452e-03	4.892657e-03	4.610795e-03	1.409310e-04	-1.409162e-04	1.297231e-03	-1.360206e-03	6.171276e-04	-1.977334e-03
0.643639      	1.791449e-03	7.548885e-04	1.036561e-03	9.502590e-03	4.892188e-03	4.610402e-03	1.408930e-04	-1.408361e-04	1.297114e-03	-1.360016e-03	6.171062e-04	-1.977122e-03
0.643644      	1.790187e-03	7.543392e-04	1.035848e-03	9.501729e-03	4.891720e-03	4.610009e-03	1.408554e-04	-1.407543e-04	1.296997e-03	-1.359829e-03	6.170821e-04	-1.976911e-03
0.643649      	1.788932e-03	7.537929e-04	1.035139e-03	9.500869e-03	4.891253e-03	4.609616e-03	1.408186e-04	-1.406729e-04	1.296881e-03	-1.359655e-03	6.170534e-04	-1.976708e-03
0.643654      	1.787678e-03	7.532471e-04	1.034431e-03	9.500011e-03	4.890786e-03	4.609224e-03	1.407810e-04	-1.405919e-04	1.296765e-03	-1.359467e-03	6.170315e-04	-1.976498e-03
0.643659      	1.786429e-03	7.527031e-04	1.033726e-03	9.499146e-03	4.890316e-03	4.608830e-03	1.407434e-04	-1.405115e-04	1.296648e-03	-1.359283e-03	6.170068e-04	-1.976290e-03
0.643664      	1.785167e-03	7.521538e-04	1.033013e-03	9.498283e-03	4.889847e-03	4.608435e-03	1.407060e-04	-1.404298e-04	1.296531e-03	-1.359103e-03	6.169789e-04	-1.976082e-03
0.643669      	1.783917e-03	7.516098e-04	1.032307e-03	9.497420e-03	4.889378e-03	4.608041e-03	1.406684e-04	-1.403488e-04	1.296414e-03	-1.358917e-03	6.169558e-04	-1.975872e-03
0.643674      	1.782665e-03	7.510647e-04	1.031600e-03	9.496558e-03	4.888910e-03	4.607648e-03	1.406309e-04	-1.402676e-04	1.296297e-03	-1.358723e-03	6.169358e-04	-1.975659e-03
0.643679      	1.781431e-03	7.505270e-04	1.030904e-03	9.495715e-03	4.888451e-03	4.607264e-03	1.405935e-04	-1.401886e-04	1.296184e-03	-1.358541e-03	6.169136e-04	-1.975455e-03
0.643684      	1.780185e-03	7.499842e-04	1.030200e-03	9.494866e-03	4.887989e-03	4.606877e-03	1.405561e-04	-1.401081e-04	1.296069e-03	-1.358357e-03	6.168903e-04	-1.975247e-03
0.643689      	1.778948e-03	7.494458e-04	1.029503e-03	9.494013e-03	4.887525e-03	4.606488e-03	1.405183e-04	-1.400284e-04	1.295953e-03	-1.358169e-03	6.168690e-04	-1.975038e-03
0.643694      	1.777694e-03	7.489000e-04	1.028794e-03	9.493166e-03	4.887064e-03	4.606101e-03	1.404813e-04	-1.399471e-04	1.295838e-03	-1.357987e-03	6.168442e-04	-1.974831e-03
0.643699      	1.776455e-03	7.483606e-04	1.028094e-03	9.492313e-03	4.886601e-03	4.605712e-03	1.404445e-04	-1.398669e-04	1.295723e-03	-1.357813e-03	6.168162e-04	-1.974629e-03
0.643704      	1.775205e-03	7.478166e-04	1.027388e-03	9.491464e-03	4.886140e-03	4.605324e-03	1.404077e-04	-1.397858e-04	1.295607e-03	-1.357636e-03	6.167886e-04	-1.974425e-03
0.643709      	1.773970e-03	7.472789e-04	1.026691e-03	9.490616e-03	4.885679e-03	4.604937e-03	1.403710e-04	-1.397061e-04	1.295493e-03	-1.357461e-03	6.167619e-04	-1.974223e-03
0.643714      	1.772735e-03	7.467409e-04	1.025994e-03	9.489777e-03	4.885222e-03	4.604555e-03	1.403333e-04	-1.396263e-04	1.295378e-03	-1.357265e-03	6.167455e-04	-1.974011e-03
0.643719      	1.771489e-03	7.461982e-04	1.025291e-03	9.488936e-03	4.884764e-03	4.604172e-03	1.402961e-04	-1.395465e-04	1.295265e-03	-1.357088e-03	6.167208e-04	-1.973808e-03
0.643724      	1.770264e-03	7.456648e-04	1.024600e-03	9.488099e-03	4.884308e-03	4.603791e-03	1.402587e-04	-1.394674e-04	1.295151e-03	-1.356899e-03	6.167010e-04	-1.973600e-03
0.643729      	1.769031e-03	7.451279e-04	1.023903e-03	9.487258e-03	4.883850e-03	4.603407e-03	1.402217e-04	-1.393874e-04	1.295037e-03	-1.356722e-03	6.166759e-04	-1.973398e-03
0.643734      	1.767803e-03	7.445931e-04	1.023210e-03	9.486412e-03	4.883391e-03	4.603021e-03	1.401850e-04	-1.393082e-04	1.294923e-03	-1.356545e-03	6.166505e-04	-1.973195e-03
0.643739      	1.766569e-03	7.440556e-04	1.022513e-03	9.485576e-03	4.882936e-03	4.602640e-03	1.401480e-04	-1.392289e-04	1.294809e-03	-1.356355e-03	6.166319e-04	-1.972987e-03
0.643744      	1.765338e-03	7.435195e-04	1.021818e-03	9.484745e-03	4.882484e-03	4.602261e-03	1.401113e-04	-1.391494e-04	1.294696e-03	-1.356179e-03	6.166066e-04	-1.972786e-03
0.643749      	1.764112e-03	7.429859e-04	1.021127e-03	9.483920e-03	4.882035e-03	4.601885e-03	1.400747e-04	-1.390703e-04	1.294583e-03	-1.356004e-03	6.165813e-04	-1.972585e-03
0.643754      	1.762893e-03	7.424552e-04	1.020438e-03	9.483078e-03	4.881577e-03	4.601501e-03	1.400379e-04	-1.389912e-04	1.294470e-03	-1.355826e-03	6.165571e-04	-1.972383e-03
0.643759      	1.761667e-03	7.419216e-04	1.019746e-03	9.482245e-03	4.881124e-03	4.601121e-03	1.400013e-04	-1.389121e-04	1.294358e-03	-1.355650e-03	6.165327e-04	-1.972182e-03
0.643764      	1.760444e-03	7.413889e-04	1.019055e-03	9.481420e-03	4.880674e-03	4.600746e-03	1.399642e-04	-1.388330e-04	1.294245e-03	-1.355467e-03	6.165117e-04	-1.971979e-03
0.643769      	1.759223e-03	7.408578e-04	1.018366e-03	9.480587e-03	4.880221e-03	4.600366e-03	1.399275e-04	-1.387539e-04	1.294132e-03	-1.355289e-03	6.164879e-04	-1.971776e-03
0.643774      	1.757990e-03	7.403207e-04	1.017669e-03	9.479749e-03	4.879765e-03	4.599984e-03	1.398909e-04	-1.386743e-04	1.294019e-03	-1.355109e-03	6.164647e-04	-1.971574e-03
0.643779      	1.756778e-03	7.397931e-04	1.016985e-03	9.478927e-03	4.879318e-03	4.599609e-03	1.398543e-04	-1.385960e-04	1.293908e-03	-1.354930e-03	6.164433e-04	-1.971373e-03
0.643784      	1.755558e-03	7.392619e-04	1.016296e-03	9.478098e-03	4.878867e-03	4.599231e-03	1.398178e-04	-1.385171e-04	1.293796e-03	-1.354753e-03	6.164198e-04	-1.971173e-03
0.643789      	1.754348e-03	7.387351e-04	1.015613e-03	9.477279e-03	4.878421e-03	4.598858e-03	1.397811e-04	-1.384389e-04	1.293685e-03	-1.354574e-03	6.163981e-04	-1.970972e-03
0.643794      	1.753125e-03	7.382027e-04	1.014922e-03	9.476452e-03	4.877971e-03	4.598482e-03	1.397446e-04	-1.383598e-04	1.293573e-03	-1.354394e-03	6.163761e-04	-1.970770e-03
0.643799      	1.751914e-03	7.376756e-04	1.014238e-03	9.475641e-03	4.877529e-03	4.598112e-03	1.397085e-04	-1.382814e-04	1.293462e-03	-1.354222e-03	6.163513e-04	-1.970573e-03
0.643804      	1.750699e-03	7.371461e-04	1.013553e-03	9.474826e-03	4.877084e-03	4.597741e-03	1.396716e-04	-1.382034e-04	1.293353e-03	-1.354036e-03	6.163344e-04	-1.970371e-03
0.643809      	1.749486e-03	7.366178e-04	1.012868e-03	9.474003e-03	4.876636e-03	4.597366e-03	1.396351e-04	-1.381252e-04	1.293241e-03	-1.353858e-03	6.163122e-04	-1.970170e-03
0.643814      	1.748261e-03	7.360848e-04	1.012177e-03	9.473174e-03	4.876186e-03	4.596988e-03	1.395987e-04	-1.380459e-04	1.293130e-03	-1.353678e-03	6.162904e-04	-1.969969e-03
0.643819      	1.747056e-03	7.355599e-04	1.011496e-03	9.472369e-03	4.875747e-03	4.596622e-03	1.395623e-04	-1.379680e-04	1.293020e-03	-1.353505e-03	6.162673e-04	-1.969772e-03
0.643824      	1.745847e-03	7.350335e-04	1.010814e-03	9.471558e-03	4.875304e-03	4.596253e-03	1.395256e-04	-1.378903e-04	1.292910e-03	-1.353321e-03	6.162495e-04	-1.969570e-03
0.643829      	1.744636e-03	7.345063e-04	1.010130e-03	9.470744e-03	4.874862e-03	4.595882e-03	1.394898e-04	-1.378117e-04	1.292800e-03	-1.353151e-03	6.162243e-04	-1.969375e-03
0.643834      	1.743427e-03	7.339797e-04	1.009447e-03	9.469949e-03	4.874428e-03	4.595521e-03	1.394537e-04	-1.377336e-04	1.292691e-03	-1.352978e-03	6.162023e-04	-1.969180e-03
0.643839      	1.742233e-03	7.334602e-04	1.008773e-03	9.469133e-03	4.873984e-03	4.595149e-03	1.394174e-04	-1.376564e-04	1.292580e-03	-1.352803e-03	6.161791e-04	-1.968982e-03
0.643844      	1.741033e-03	7.329374e-04	1.008096e-03	9.468327e-03	4.873545e-03	4.594782e-03	1.393813e-04	-1.375791e-04	1.292471e-03	-1.352627e-03	6.161573e-04	-1.968784e-03
0.643849      	1.739831e-03	7.324143e-04	1.007416e-03	9.467517e-03	4.873104e-03	4.594413e-03	1.393456e-04	-1.375011e-04	1.292361e-03	-1.352455e-03	6.161329e-04	-1.968588e-03
0.643854      	1.738618e-03	7.318864e-04	1.006732e-03	9.466709e-03	4.872664e-03	4.594045e-03	1.393093e-04	-1.374227e-04	1.292251e-03	-1.352278e-03	6.161113e-04	-1.968390e-03
0.643859      	1.737433e-03	7.313702e-04	1.006063e-03	9.465897e-03	4.872222e-03	4.593675e-03	1.392733e-04	-1.373463e-04	1.292141e-03	-1.352106e-03	6.160874e-04	-1.968194e-03
0.643864      	1.736223e-03	7.308438e-04	1.005379e-03	9.465092e-03	4.871784e-03	4.593308e-03	1.392376e-04	-1.372678e-04	1.292032e-03	-1.351942e-03	6.160606e-04	-1.968003e-03
0.643869      	1.735029e-03	7.303236e-04	1.004705e-03	9.464293e-03	4.871348e-03	4.592945e-03	1.392016e-04	-1.371908e-04	1.291923e-03	-1.351763e-03	6.160415e-04	-1.967805e-03
0.643874      	1.733830e-03	7.298017e-04	1.004028e-03	9.463490e-03	4.870911e-03	4.592579e-03	1.391658e-04	-1.371132e-04	1.291815e-03	-1.351590e-03	6.160199e-04	-1.967610e-03
0.643879      	1.732637e-03	7.292830e-04	1.003354e-03	9.462682e-03	4.870471e-03	4.592211e-03	1.391300e-04	-1.370357e-04	1.291706e-03	-1.351420e-03	6.159959e-04	-1.967416e-03
0.643884      	1.731446e-03	7.287643e-04	1.002682e-03	9.461897e-03	4.870043e-03	4.591854e-03	1.390942e-04	-1.369589e-04	1.291598e-03	-1.351249e-03	6.159740e-04	-1.967223e-03
0.643889      	1.730251e-03	7.282436e-04	1.002007e-03	9.461094e-03	4.869606e-03	4.591489e-03	1.390585e-04	-1.368817e-04	1.291490e-03	-1.351079e-03	6.159510e-04	-1.967030e-03
0.643894      	1.729050e-03	7.277212e-04	1.001329e-03	9.460294e-03	4.869170e-03	4.591124e-03	1.390229e-04	-1.368039e-04	1.291382e-03	-1.350908e-03	6.159280e-04	-1.966836e-03
0.643899      	1.727868e-03	7.272062e-04	1.000661e-03	9.459504e-03	4.868739e-03	4.590765e-03	1.389874e-04	-1.367276e-04	1.291276e-03	-1.350736e-03	6.159074e-04	-1.966644e-03
0.643904      	1.726675e-03	7.266869e-04	9.999879e-04	9.458720e-03	4.868311e-03	4.590409e-03	1.389512e-04	-1.366505e-04	1.291168e-03	-1.350557e-03	6.158900e-04	-1.966447e-03
0.643909      	1.725485e-03	7.261688e-04	9.993157e-04	9.457927e-03	4.867879e-03	4.590048e-03	1.389156e-04	-1.365734e-04	1.291061e-03	-1.350388e-03	6.158670e-04	-1.966255e-03
0.643914      	1.724297e-03	7.256520e-04	9.986448e-04	9.457135e-03	4.867447e-03	4.589687e-03	1.388801e-04	-1.364964e-04	1.290953e-03	-1.350220e-03	6.158431e-04	-1.966063e-03
0.643919      	1.723114e-03	7.251370e-04	9.979766e-04	9.456346e-03	4.867018e-03	4.589329e-03	1.388445e-04	-1.364198e-04	1.290846e-03	-1.350047e-03	6.158230e-04	-1.965870e-03
0.643924      	1.721923e-03	7.246187e-04	9.973043e-04	9.455567e-03	4.866592e-03	4.588975e-03	1.388085e-04	-1.363428e-04	1.290740e-03	-1.349869e-03	6.158058e-04	-1.965675e-03
0.643929      	1.720759e-03	7.241112e-04	9.966477e-04	9.454791e-03	4.866168e-03	4.588623e-03	1.387727e-04	-1.362683e-04	1.290636e-03	-1.349694e-03	6.157888e-04	-1.965483e-03
0.643934      	1.719570e-03	7.235934e-04	9.959763e-04	9.454005e-03	4.865740e-03	4.588265e-03	1.387373e-04	-1.361914e-04	1.290529e-03	-1.349522e-03	6.157680e-04	-1.965290e-03
0.643939      	1.718387e-03	7.230787e-04	9.953088e-04	9.453204e-03	4.865305e-03	4.587900e-03	1.387025e-04	-1.361151e-04	1.290422e-03	-1.349365e-03	6.157394e-04	-1.965104e-03
0.643944      	1.717223e-03	7.225721e-04	9.946506e-04	9.452424e-03	4.864879e-03	4.587545e-03	1.386670e-04	-1.360392e-04	1.290316e-03	-1.349196e-03	6.157186e-04	-1.964914e-03
0.643949      	1.716046e-03	7.220597e-04	9.939859e-04	9.451629e-03	4.864447e-03	4.587183e-03	1.386320e-04	-1.359631e-04	1.290209e-03	-1.349039e-03	6.156897e-04	-1.964729e-03
0.643954      	1.714874e-03	7.215502e-04	9.933237e-04	9.450847e-03	4.864020e-03	4.586827e-03	1.385964e-04	-1.358868e-04	1.290104e-03	-1.348864e-03	6.156723e-04	-1.964536e-03
0.643959      	1.713697e-03	7.210378e-04	9.926592e-04	9.450078e-03	4.863600e-03	4.586478e-03	1.385609e-04	-1.358107e-04	1.289999e-03	-1.348690e-03	6.156536e-04	-1.964344e-03
0.643964      	1.712521e-03	7.205257e-04	9.919950e-04	9.449302e-03	4.863177e-03	4.586125e-03	1.385257e-04	-1.357347e-04	1.289893e-03	-1.348522e-03	6.156322e-04	-1.964154e-03
0.643969      	1.711336e-03	7.200096e-04	9.913261e-04	9.448519e-03	4.862750e-03	4.585769e-03	1.384906e-04	-1.356582e-04	1.289787e-03	-1.348356e-03	6.156091e-04	-1.963965e-03
0.643974      	1.710165e-03	7.194998e-04	9.906651e-04	9.447750e-03	4.862330e-03	4.585420e-03	1.384553e-04	-1.355826e-04	1.289683e-03	-1.348184e-03	6.155907e-04	-1.963775e-03
0.643979      	1.708993e-03	7.189898e-04	9.900035e-04	9.446982e-03	4.861911e-03	4.585071e-03	1.384200e-04	-1.355068e-04	1.289578e-03	-1.348013e-03	6.155716e-04	-1.963584e-03
0.643984      	1.707823e-03	7.184802e-04	9.893425e-04	9.446212e-03	4.861491e-03	4.584721e-03	1.383848e-04	-1.354312e-04	1.289473e-03	-1.347843e-03	6.155514e-04	-1.963394e-03
0.643989      	1.706661e-03	7.179750e-04	9.886865e-04	9.445442e-03	4.861071e-03	4.584371e-03	1.383499e-04	-1.353558e-04	1.289369e-03	-1.347680e-03	6.155287e-04	-1.963209e-03
0.643994      	1.705491e-03	7.174651e-04	9.880257e-04	9.444676e-03	4.860653e-03	4.584023e-03	1.383147e-04	-1.352803e-04	1.289265e-03	-1.347511e-03	6.155090e-04	-1.963020e-03
0.643999      	1.704329e-03	7.169595e-04	9.873693e-04	9.443910e-03	4.860235e-03	4.583675e-03	1.382798e-04	-1.352049e-04	1.289160e-03	-1.347347e-03	6.154870e-04	-1.962834e-03
0.644004      	1.703170e-03	7.164547e-04	9.867149e-04	9.443140e-03	4.859815e-03	4.583325e-03	1.382449e-04	-1.351301e-04	1.289057e-03	-1.347180e-03	6.154675e-04	-1.962647e-03
0.644009      	1.702008e-03	7.159493e-04	9.860592e-04	9.442368e-03	4.859394e-03	4.582974e-03	1.382100e-04	-1.350549e-04	1.288953e-03	-1.347020e-03	6.154429e-04	-1.962463e-03
0.644014      	1.700846e-03	7.154436e-04	9.854029e-04	9.441604e-03	4.858977e-03	4.582627e-03	1.381751e-04	-1.349796e-04	1.288849e-03	-1.346856e-03	6.154214e-04	-1.962277e-03
0.644019      	1.699683e-03	7.149373e-04	9.847458e-04	9.440838e-03	4.858559e-03	4.582279e-03	1.381402e-04	-1.349043e-04	1.288746e-03	-1.346691e-03	6.154003e-04	-1.962092e-03
0.644024      	1.698530e-03	7.144355e-04	9.840943e-04	9.440075e-03	4.858143e-03	4.581932e-03	1.381056e-04	-1.348294e-04	1.288643e-03	-1.346527e-03	6.153794e-04	-1.961906e-03
0.644029      	1.697371e-03	7.139312e-04	9.834397e-04	9.439311e-03	4.857726e-03	4.581585e-03	1.380708e-04	-1.347543e-04	1.288539e-03	-1.346369e-03	6.153546e-04	-1.961723e-03
0.644034      	1.696213e-03	7.134276e-04	9.827859e-04	9.438538e-03	4.857305e-03	4.581233e-03	1.380362e-04	-1.346791e-04	1.288435e-03	-1.346200e-03	6.153356e-04	-1.961535e-03
0.644039      	1.695058e-03	7.129242e-04	9.821335e-04	9.437776e-03	4.856889e-03	4.580887e-03	1.380013e-04	-1.346046e-04	1.288332e-03	-1.346028e-03	6.153183e-04	-1.961346e-03
0.644044      	1.693895e-03	7.124181e-04	9.814771e-04	9.437020e-03	4.856477e-03	4.580544e-03	1.379666e-04	-1.345295e-04	1.288230e-03	-1.345857e-03	6.153010e-04	-1.961158e-03
0.644049      	1.692742e-03	7.119163e-04	9.808260e-04	9.436267e-03	4.856065e-03	4.580202e-03	1.379319e-04	-1.344548e-04	1.288128e-03	-1.345693e-03	6.152810e-04	-1.960974e-03
0.644054      	1.691596e-03	7.114178e-04	9.801783e-04	9.435517e-03	4.855656e-03	4.579861e-03	1.378972e-04	-1.343802e-04	1.288025e-03	-1.345535e-03	6.152575e-04	-1.960792e-03
0.644059      	1.690440e-03	7.109145e-04	9.795256e-04	9.434762e-03	4.855244e-03	4.579518e-03	1.378627e-04	-1.343055e-04	1.287923e-03	-1.345373e-03	6.152360e-04	-1.960609e-03
0.644064      	1.689300e-03	7.104188e-04	9.788809e-04	9.434011e-03	4.854834e-03	4.579177e-03	1.378282e-04	-1.342310e-04	1.287820e-03	-1.345213e-03	6.152140e-04	-1.960427e-03
0.644069      	1.688147e-03	7.099165e-04	9.782304e-04	9.433259e-03	4.854423e-03	4.578836e-03	1.377937e-04	-1.341570e-04	1.287719e-03	-1.345048e-03	6.151948e-04	-1.960243e-03
0.644074      	1.687004e-03	7.094192e-04	9.775844e-04	9.432507e-03	4.854013e-03	4.578494e-03	1.377592e-04	-1.340826e-04	1.287617e-03	-1.344896e-03	6.151687e-04	-1.960065e-03
0.644079      	1.685850e-03	7.089169e-04	9.769329e-04	9.431750e-03	4.853600e-03	4.578150e-03	1.377251e-04	-1.340080e-04	1.287515e-03	-1.344734e-03	6.151479e-04	-1.959882e-03
0.644084      	1.684694e-03	7.084130e-04	9.762806e-04	9.431012e-03	4.853197e-03	4.577815e-03	1.376907e-04	-1.339338e-04	1.287414e-03	-1.344577e-03	6.151251e-04	-1.959702e-03
0.644089      	1.683533e-03	7.079079e-04	9.756250e-04	9.430254e-03	4.852784e-03	4.577471e-03	1.376564e-04	-1.338585e-04	1.287311e-03	-1.344413e-03	6.151047e-04	-1.959518e-03
0.644094      	1.682396e-03	7.074130e-04	9.749831e-04	9.429508e-03	4.852376e-03	4.577132e-03	1.376221e-04	-1.337850e-04	1.287211e-03	-1.344248e-03	6.150864e-04	-1.959335e-03
0.644099      	1.681251e-03	7.069148e-04	9.743364e-04	9.428774e-03	4.851975e-03	4.576799e-03	1.375879e-04	-1.337108e-04	1.287110e-03	-1.344090e-03	6.150654e-04	-1.959155e-03
0.644104      	1.680110e-03	7.064178e-04	9.736919e-04	9.428031e-03	4.851569e-03	4.576462e-03	1.375536e-04	-1.336370e-04	1.287009e-03	-1.343928e-03	6.150452e-04	-1.958973e-03
0.644109      	1.678975e-03	7.059239e-04	9.730509e-04	9.427288e-03	4.851164e-03	4.576125e-03	1.375195e-04	-1.335635e-04	1.286909e-03	-1.343767e-03	6.150256e-04	-1.958793e-03
0.644114      	1.677826e-03	7.054239e-04	9.724025e-04	9.426545e-03	4.850758e-03	4.575787e-03	1.374853e-04	-1.334893e-04	1.286809e-03	-1.343608e-03	6.150046e-04	-1.958613e-03
0.644119      	1.676689e-03	7.049291e-04	9.717600e-04	9.425799e-03	4.850351e-03	4.575448e-03	1.374514e-04	-1.334154e-04	1.286709e-03	-1.343455e-03	6.149811e-04	-1.958436e-03
0.644124      	1.675562e-03	7.044387e-04	9.711234e-04	9.425068e-03	4.849951e-03	4.575117e-03	1.374173e-04	-1.333424e-04	1.286609e-03	-1.343298e-03	6.149604e-04	-1.958259e-03
0.644129      	1.674421e-03	7.039422e-04	9.704792e-04	9.424326e-03	4.849546e-03	4.574780e-03	1.373830e-04	-1.332685e-04	1.286510e-03	-1.343135e-03	6.149421e-04	-1.958077e-03
0.644134      	1.673288e-03	7.034492e-04	9.698393e-04	9.423581e-03	4.849139e-03	4.574441e-03	1.373490e-04	-1.331951e-04	1.286409e-03	-1.342975e-03	6.149218e-04	-1.957897e-03
0.644139      	1.672148e-03	7.029531e-04	9.691953e-04	9.422841e-03	4.848735e-03	4.574106e-03	1.373147e-04	-1.331211e-04	1.286309e-03	-1.342814e-03	6.149023e-04	-1.957716e-03
0.644144      	1.671010e-03	7.024572e-04	9.685523e-04	9.422099e-03	4.848330e-03	4.573769e-03	1.372804e-04	-1.330476e-04	1.286209e-03	-1.342651e-03	6.148839e-04	-1.957534e-03
0.644149      	1.669871e-03	7.019613e-04	9.679099e-04	9.421359e-03	4.847926e-03	4.573433e-03	1.372467e-04	-1.329743e-04	1.286110e-03	-1.342496e-03	6.148620e-04	-1.957358e-03
0.644154      	1.668727e-03	7.014636e-04	9.672632e-04	9.420619e-03	4.847523e-03	4.573096e-03	1.372133e-04	-1.328998e-04	1.286009e-03	-1.342343e-03	6.148379e-04	-1.957181e-03
0.644159      	1.667605e-03	7.009751e-04	9.666302e-04	9.419894e-03	4.847126e-03	4.572768e-03	1.371789e-04	-1.328276e-04	1.285911e-03	-1.342176e-03	6.148231e-04	-1.956999e-03
0.644164      	1.666481e-03	7.004862e-04	9.659950e-04	9.419159e-03	4.846725e-03	4.572434e-03	1.371452e-04	-1.327544e-04	1.285812e-03	-1.342018e-03	6.148032e-04	-1.956821e-03
0.644169      	1.665349e-03	6.999933e-04	9.653557e-04	9.418438e-03	4.846330e-03	4.572107e-03	1.371113e-04	-1.326812e-04	1.285714e-03	-1.341861e-03	6.147831e-04	-1.956645e-03
0.644174      	1.664228e-03	6.995051e-04	9.647233e-04	9.417722e-03	4.845938e-03	4.571783e-03	1.370774e-04	-1.326091e-04	1.285616e-03	-1.341706e-03	6.147629e-04	-1.956469e-03
0.644179      	1.663097e-03	6.990126e-04	9.640845e-04	9.416995e-03	4.845541e-03	4.571454e-03	1.370437e-04	-1.325360e-04	1.285517e-03	-1.341552e-03	6.147415e-04	-1.956293e-03
0.644184      	1.661968e-03	6.985211e-04	9.634469e-04	9.416256e-03	4.845138e-03	4.571118e-03	1.370101e-04	-1.324629e-04	1.285419e-03	-1.341391e-03	6.147232e-04	-1.956114e-03
0.644189      	1.660844e-03	6.980320e-04	9.628121e-04	9.415540e-03	4.844746e-03	4.570793e-03	1.369765e-04	-1.323901e-04	1.285321e-03	-1.341235e-03	6.147034e-04	-1.955939e-03
0.644194      	1.659735e-03	6.975497e-04	9.621856e-04	9.414819e-03	4.844353e-03	4.570466e-03	1.369431e-04	-1.323180e-04	1.285223e-03	-1.341085e-03	6.146805e-04	-1.955766e-03
0.644199      	1.658611e-03	6.970604e-04	9.615510e-04	9.414095e-03	4.843957e-03	4.570138e-03	1.369093e-04	-1.322453e-04	1.285125e-03	-1.340928e-03	6.146609e-04	-1.955589e-03
0.644204      	1.657492e-03	6.965732e-04	9.609185e-04	9.413377e-03	4.843564e-03	4.569812e-03	1.368760e-04	-1.321726e-04	1.285027e-03	-1.340777e-03	6.146388e-04	-1.955415e-03
0.644209      	1.656375e-03	6.960873e-04	9.602875e-04	9.412656e-03	4.843171e-03	4.569485e-03	1.368426e-04	-1.321001e-04	1.284930e-03	-1.340627e-03	6.146166e-04	-1.955244e-03
0.644214      	1.655261e-03	6.956029e-04	9.596586e-04	9.411937e-03	4.842778e-03	4.569159e-03	1.368093e-04	-1.320279e-04	1.284833e-03	-1.340477e-03	6.145949e-04	-1.955072e-03
0.644219      	1.654139e-03	6.951142e-04	9.590248e-04	9.411227e-03	4.842390e-03	4.568838e-03	1.367759e-04	-1.319553e-04	1.284736e-03	-1.340320e-03	6.145763e-04	-1.954896e-03
0.644224      	1.653021e-03	6.946279e-04	9.583933e-04	9.410504e-03	4.841995e-03	4.568509e-03	1.367431e-04	-1.318827e-04	1.284639e-03	-1.340179e-03	6.145496e-04	-1.954728e-03
0.644229      	1.651902e-03	6.941407e-04	9.577615e-04	9.409786e-03	4.841602e-03	4.568183e-03	1.367096e-04	-1.318104e-04	1.284541e-03	-1.340024e-03	6.145296e-04	-1.954553e-03
0.644234      	1.650797e-03	6.936604e-04	9.571369e-04	9.409073e-03	4.841213e-03	4.567860e-03	1.366762e-04	-1.317383e-04	1.284445e-03	-1.339868e-03	6.145112e-04	-1.954379e-03
0.644239      	1.649681e-03	6.931742e-04	9.565068e-04	9.408361e-03	4.840824e-03	4.567537e-03	1.366431e-04	-1.316663e-04	1.284348e-03	-1.339717e-03	6.144899e-04	-1.954207e-03
0.644244      	1.648577e-03	6.926940e-04	9.558828e-04	9.407641e-03	4.840431e-03	4.567211e-03	1.366102e-04	-1.315944e-04	1.284252e-03	-1.339570e-03	6.144667e-04	-1.954037e-03
0.644249      	1.647467e-03	6.922113e-04	9.552562e-04	9.406937e-03	4.840045e-03	4.566891e-03	1.365770e-04	-1.315225e-04	1.284156e-03	-1.339418e-03	6.144466e-04	-1.953865e-03
0.644254      	1.646360e-03	6.917295e-04	9.546305e-04	9.406227e-03	4.839657e-03	4.566570e-03	1.365439e-04	-1.314505e-04	1.284060e-03	-1.339270e-03	6.144249e-04	-1.953695e-03
0.644259      	1.645254e-03	6.912480e-04	9.540056e-04	9.405517e-03	4.839269e-03	4.566248e-03	1.365107e-04	-1.313788e-04	1.283964e-03	-1.339119e-03	6.144048e-04	-1.953524e-03
0.644264      	1.644146e-03	6.907655e-04	9.533809e-04	9.404806e-03	4.838881e-03	4.565926e-03	1.364775e-04	-1.313077e-04	1.283868e-03	-1.338967e-03	6.143844e-04	-1.953351e-03
0.644269      	1.643045e-03	6.902864e-04	9.527585e-04	9.404098e-03	4.838494e-03	4.565604e-03	1.364448e-04	-1.312361e-04	1.283772e-03	-1.338817e-03	6.143630e-04	-1.953180e-03
0.644274      	1.641936e-03	6.898031e-04	9.521328e-04	9.403393e-03	4.838108e-03	4.565284e-03	1.364118e-04	-1.311648e-04	1.283677e-03	-1.338671e-03	6.143415e-04	-1.953013e-03
0.644279      	1.640842e-03	6.893271e-04	9.515147e-04	9.402698e-03	4.837728e-03	4.564971e-03	1.363786e-04	-1.310938e-04	1.283583e-03	-1.338512e-03	6.143263e-04	-1.952839e-03
0.644284      	1.639727e-03	6.888422e-04	9.508848e-04	9.401993e-03	4.837342e-03	4.564651e-03	1.363458e-04	-1.310213e-04	1.283486e-03	-1.338366e-03	6.143035e-04	-1.952669e-03
0.644289      	1.638642e-03	6.883697e-04	9.502725e-04	9.401299e-03	4.836962e-03	4.564336e-03	1.363131e-04	-1.309514e-04	1.283393e-03	-1.338222e-03	6.142819e-04	-1.952504e-03
0.644294      	1.637534e-03	6.878880e-04	9.496464e-04	9.400598e-03	4.836579e-03	4.564018e-03	1.362805e-04	-1.308792e-04	1.283297e-03	-1.338076e-03	6.142594e-04	-1.952335e-03
0.644299      	1.636421e-03	6.874032e-04	9.490176e-04	9.399891e-03	4.836193e-03	4.563698e-03	1.362477e-04	-1.308072e-04	1.283202e-03	-1.337931e-03	6.142361e-04	-1.952167e-03
0.644304      	1.635318e-03	6.869228e-04	9.483952e-04	9.399192e-03	4.835811e-03	4.563381e-03	1.362152e-04	-1.307362e-04	1.283107e-03	-1.337788e-03	6.142132e-04	-1.952001e-03
0.644309      	1.634216e-03	6.864435e-04	9.477727e-04	9.398492e-03	4.835429e-03	4.563064e-03	1.361826e-04	-1.306646e-04	1.283012e-03	-1.337644e-03	6.141906e-04	-1.951834e-03
0.644314      	1.633130e-03	6.859708e-04	9.471589e-04	9.397794e-03	4.835047e-03	4.562747e-03	1.361498e-04	-1.305941e-04	1.282918e-03	-1.337493e-03	6.141720e-04	-1.951665e-03
0.644319      	1.632033e-03	6.854935e-04	9.465392e-04	9.397098e-03	4.834666e-03	4.562432e-03	1.361171e-04	-1.305228e-04	1.282824e-03	-1.337348e-03	6.141503e-04	-1.951498e-03
0.644324      	1.630940e-03	6.850178e-04	9.459217e-04	9.396405e-03	4.834287e-03	4.562118e-03	1.360844e-04	-1.304520e-04	1.282730e-03	-1.337201e-03	6.141299e-04	-1.951330e-03
0.644329      	1.629848e-03	6.845425e-04	9.453059e-04	9.395715e-03	4.833909e-03	4.561806e-03	1.360519e-04	-1.303817e-04	1.282637e-03	-1.337054e-03	6.141100e-04	-1.951164e-03
0.644334      	1.628767e-03	6.840723e-04	9.446950e-04	9.395022e-03	4.833530e-03	4.561492e-03	1.360193e-04	-1.303114e-04	1.282543e-03	-1.336901e-03	6.140928e-04	-1.950993e-03
0.644339      	1.627676e-03	6.835974e-04	9.440785e-04	9.394334e-03	4.833154e-03	4.561181e-03	1.359866e-04	-1.302405e-04	1.282450e-03	-1.336753e-03	6.140733e-04	-1.950826e-03
0.644344      	1.626591e-03	6.831251e-04	9.434656e-04	9.393648e-03	4.832778e-03	4.560869e-03	1.359543e-04	-1.301702e-04	1.282356e-03	-1.336608e-03	6.140523e-04	-1.950661e-03
0.644349      	1.625511e-03	6.826550e-04	9.428560e-04	9.392957e-03	4.832400e-03	4.560557e-03	1.359216e-04	-1.301005e-04	1.282264e-03	-1.336460e-03	6.140336e-04	-1.950494e-03
0.644354      	1.624420e-03	6.821805e-04	9.422399e-04	9.392269e-03	4.832024e-03	4.560245e-03	1.358892e-04	-1.300297e-04	1.282170e-03	-1.336314e-03	6.140133e-04	-1.950327e-03
0.644359      	1.623329e-03	6.817058e-04	9.416236e-04	9.391583e-03	4.831649e-03	4.559934e-03	1.358571e-04	-1.299589e-04	1.282078e-03	-1.336175e-03	6.139898e-04	-1.950165e-03
0.644364      	1.622249e-03	6.812357e-04	9.410136e-04	9.390894e-03	4.831272e-03	4.559622e-03	1.358247e-04	-1.298890e-04	1.281985e-03	-1.336032e-03	6.139685e-04	-1.950001e-03
0.644369      	1.621164e-03	6.807631e-04	9.404008e-04	9.390212e-03	4.830898e-03	4.559314e-03	1.357922e-04	-1.298189e-04	1.281892e-03	-1.335889e-03	6.139479e-04	-1.949837e-03
0.644374      	1.620080e-03	6.802909e-04	9.397889e-04	9.389531e-03	4.830526e-03	4.559005e-03	1.357600e-04	-1.297490e-04	1.281800e-03	-1.335744e-03	6.139282e-04	-1.949672e-03
0.644379      	1.618982e-03	6.798132e-04	9.391691e-04	9.388847e-03	4.830151e-03	4.558696e-03	1.357278e-04	-1.296780e-04	1.281707e-03	-1.335604e-03	6.139048e-04	-1.949509e-03
0.644384      	1.617906e-03	6.793452e-04	9.385612e-04	9.388163e-03	4.829777e-03	4.558386e-03	1.356956e-04	-1.296080e-04	1.281615e-03	-1.335459e-03	6.138856e-04	-1.949344e-03
0.644389      	1.616824e-03	6.788743e-04	9.379494e-04	9.387481e-03	4.829404e-03	4.558077e-03	1.356635e-04	-1.295376e-04	1.281523e-03	-1.335315e-03	6.138653e-04	-1.949180e-03
0.644394      	1.615744e-03	6.784046e-04	9.373398e-04	9.386804e-03	4.829034e-03	4.557771e-03	1.356315e-04	-1.294676e-04	1.281431e-03	-1.335176e-03	6.138436e-04	-1.949019e-03
0.644399      	1.614662e-03	6.779338e-04	9.367282e-04	9.386119e-03	4.828659e-03	4.557461e-03	1.355991e-04	-1.293972e-04	1.281338e-03	-1.335031e-03	6.138227e-04	-1.948854e-03
0.644404      	1.613591e-03	6.774680e-04	9.361234e-04	9.385441e-03	4.828288e-03	4.557154e-03	1.355672e-04	-1.293277e-04	1.281247e-03	-1.334889e-03	6.138024e-04	-1.948691e-03
0.644409      	1.612516e-03	6.770000e-04	9.355160e-04	9.384761e-03	4.827916e-03	4.556846e-03	1.355351e-04	-1.292580e-04	1.281155e-03	-1.334747e-03	6.137813e-04	-1.948528e-03
0.644414      	1.611451e-03	6.765363e-04	9.349146e-04	9.384087e-03	4.827547e-03	4.556540e-03	1.355032e-04	-1.291892e-04	1.281064e-03	-1.334604e-03	6.137622e-04	-1.948366e-03
0.644419      	1.610381e-03	6.760710e-04	9.343104e-04	9.383409e-03	4.827175e-03	4.556233e-03	1.354711e-04	-1.291197e-04	1.280972e-03	-1.334460e-03	6.137420e-04	-1.948202e-03
0.644424      	1.609311e-03	6.756055e-04	9.337058e-04	9.382733e-03	4.826806e-03	4.555927e-03	1.354393e-04	-1.290502e-04	1.280882e-03	-1.334320e-03	6.137214e-04	-1.948042e-03
0.644429      	1.608240e-03	6.751395e-04	9.331004e-04	9.382054e-03	4.826435e-03	4.555619e-03	1.354077e-04	-1.289804e-04	1.280790e-03	-1.334182e-03	6.136987e-04	-1.947880e-03
0.644434      	1.607161e-03	6.746697e-04	9.324914e-04	9.381388e-03	4.826069e-03	4.555319e-03	1.353751e-04	-1.289108e-04	1.280699e-03	-1.334028e-03	6.136852e-04	-1.947713e-03
0.644439      	1.606091e-03	6.742038e-04	9.318868e-04	9.380720e-03	4.825703e-03	4.555017e-03	1.353433e-04	-1.288415e-04	1.280609e-03	-1.333885e-03	6.136658e-04	-1.947551e-03
0.644444      	1.605018e-03	6.737366e-04	9.312811e-04	9.380056e-03	4.825339e-03	4.554717e-03	1.353111e-04	-1.287722e-04	1.280518e-03	-1.333741e-03	6.136478e-04	-1.947388e-03
0.644449      	1.603950e-03	6.732720e-04	9.306780e-04	9.379391e-03	4.824975e-03	4.554416e-03	1.352792e-04	-1.287030e-04	1.280428e-03	-1.333594e-03	6.136306e-04	-1.947225e-03
0.644454      	1.602886e-03	6.728086e-04	9.300773e-04	9.378722e-03	4.824609e-03	4.554113e-03	1.352479e-04	-1.286343e-04	1.280338e-03	-1.333464e-03	6.136062e-04	-1.947070e-03
0.644459      	1.601821e-03	6.723452e-04	9.294757e-04	9.378057e-03	4.824245e-03	4.553812e-03	1.352162e-04	-1.285653e-04	1.280248e-03	-1.333322e-03	6.135874e-04	-1.946909e-03
0.644464      	1.600764e-03	6.718851e-04	9.288785e-04	9.377389e-03	4.823879e-03	4.553510e-03	1.351847e-04	-1.284967e-04	1.280158e-03	-1.333182e-03	6.135672e-04	-1.946750e-03
0.644469      	1.599711e-03	6.714277e-04	9.282838e-04	9.376723e-03	4.823515e-03	4.553208e-03	1.351532e-04	-1.284280e-04	1.280069e-03	-1.333050e-03	6.135443e-04	-1.946594e-03
0.644474      	1.598653e-03	6.709669e-04	9.276862e-04	9.376064e-03	4.823154e-03	4.552911e-03	1.351216e-04	-1.283596e-04	1.279980e-03	-1.332903e-03	6.135285e-04	-1.946432e-03
0.644479      	1.597586e-03	6.705028e-04	9.270832e-04	9.375406e-03	4.822793e-03	4.552613e-03	1.350902e-04	-1.282902e-04	1.279890e-03	-1.332768e-03	6.135065e-04	-1.946274e-03
0.644484      	1.596525e-03	6.700409e-04	9.264841e-04	9.374754e-03	4.822436e-03	4.552318e-03	1.350586e-04	-1.282216e-04	1.279801e-03	-1.332628e-03	6.134874e-04	-1.946115e-03
0.644489      	1.595466e-03	6.695802e-04	9.258861e-04	9.374094e-03	4.822074e-03	4.552020e-03	1.350272e-04	-1.281529e-04	1.279712e-03	-1.332491e-03	6.134668e-04	-1.945958e-03
0.644494      	1.594413e-03	6.691218e-04	9.252910e-04	9.373435e-03	4.821713e-03	4.551721e-03	1.349959e-04	-1.280846e-04	1.279623e-03	-1.332358e-03	6.134441e-04	-1.945802e-03
0.644499      	1.593360e-03	6.686636e-04	9.246967e-04	9.372776e-03	4.821352e-03	4.551423e-03	1.349644e-04	-1.280166e-04	1.279534e-03	-1.332216e-03	6.134263e-04	-1.945642e-03
0.644504      	1.592313e-03	6.682079e-04	9.241048e-04	9.372120e-03	4.820993e-03	4.551127e-03	1.349329e-04	-1.279485e-04	1.279446e-03	-1.332079e-03	6.134068e-04	-1.945486e-03
0.644509      	1.591253e-03	6.677467e-04	9.235068e-04	9.371473e-03	4.820638e-03	4.550835e-03	1.349013e-04	-1.278800e-04	1.279358e-03	-1.331934e-03	6.133909e-04	-1.945325e-03
0.644514      	1.590202e-03	6.672894e-04	9.229127e-04	9.370822e-03	4.820281e-03	4.550541e-03	1.348702e-04	-1.278116e-04	1.279270e-03	-1.331794e-03	6.133733e-04	-1.945168e-03
0.644519      	1.589145e-03	6.668292e-04	9.223158e-04	9.370165e-03	4.819921e-03	4.550243e-03	1.348390e-04	-1.277433e-04	1.279181e-03	-1.331660e-03	6.133513e-04	-1.945012e-03
0.644524      	1.588091e-03	6.663706e-04	9.217207e-04	9.369515e-03	4.819565e-03	4.549950e-03	1.348072e-04	-1.276750e-04	1.279094e-03	-1.331512e-03	6.133376e-04	-1.944850e-03
0.644529      	1.587049e-03	6.659174e-04	9.211316e-04	9.368863e-03	4.819208e-03	4.549655e-03	1.347763e-04	-1.276071e-04	1.279006e-03	-1.331383e-03	6.133145e-04	-1.944697e-03
0.644534      	1.585996e-03	6.654588e-04	9.205370e-04	9.368215e-03	4.818852e-03	4.549362e-03	1.347450e-04	-1.275391e-04	1.278918e-03	-1.331241e-03	6.132974e-04	-1.944538e-03
0.644539      	1.584940e-03	6.649990e-04	9.199409e-04	9.367564e-03	4.818496e-03	4.549068e-03	1.347138e-04	-1.274709e-04	1.278830e-03	-1.331100e-03	6.132800e-04	-1.944380e-03
0.644544      	1.583890e-03	6.645426e-04	9.193478e-04	9.366918e-03	4.818142e-03	4.548776e-03	1.346828e-04	-1.274026e-04	1.278742e-03	-1.330959e-03	6.132619e-04	-1.944221e-03
0.644549      	1.582847e-03	6.640882e-04	9.187586e-04	9.366270e-03	4.817787e-03	4.548483e-03	1.346517e-04	-1.273352e-04	1.278654e-03	-1.330825e-03	6.132422e-04	-1.944067e-03
0.644554      	1.581786e-03	6.636263e-04	9.181593e-04	9.365617e-03	4.817429e-03	4.548188e-03	1.346208e-04	-1.272665e-04	1.278567e-03	-1.330691e-03	6.132212e-04	-1.943912e-03
0.644559      	1.580756e-03	6.631778e-04	9.175777e-04	9.364991e-03	4.817085e-03	4.547906e-03	1.345898e-04	-1.271999e-04	1.278481e-03	-1.330554e-03	6.132036e-04	-1.943758e-03
0.644564      	1.579702e-03	6.627192e-04	9.169829e-04	9.364337e-03	4.816728e-03	4.547609e-03	1.345590e-04	-1.271318e-04	1.278393e-03	-1.330421e-03	6.131826e-04	-1.943603e-03
0.644569      	1.578674e-03	6.622722e-04	9.164015e-04	9.363699e-03	4.816378e-03	4.547321e-03	1.345281e-04	-1.270647e-04	1.278307e-03	-1.330290e-03	6.131616e-04	-1.943452e-03
0.644574      	1.577640e-03	6.618225e-04	9.158177e-04	9.363059e-03	4.816027e-03	4.547032e-03	1.344973e-04	-1.269976e-04	1.278220e-03	-1.330157e-03	6.131421e-04	-1.943299e-03
0.644579      	1.576595e-03	6.613678e-04	9.152277e-04	9.362406e-03	4.815669e-03	4.546736e-03	1.344665e-04	-1.269300e-04	1.278133e-03	-1.330025e-03	6.131207e-04	-1.943145e-03
0.644584      	1.575552e-03	6.609137e-04	9.146385e-04	9.361770e-03	4.815321e-03	4.546449e-03	1.344356e-04	-1.268624e-04	1.278047e-03	-1.329887e-03	6.131034e-04	-1.942990e-03
0.644589      	1.574517e-03	6.604632e-04	9.140541e-04	9.361131e-03	4.814970e-03	4.546161e-03	1.344049e-04	-1.267955e-04	1.277961e-03	-1.329754e-03	6.130837e-04	-1.942838e-03
0.644594      	1.573481e-03	6.600124e-04	9.134689e-04	9.360496e-03	4.814622e-03	4.545874e-03	1.343741e-04	-1.267282e-04	1.277875e-03	-1.329622e-03	6.130637e-04	-1.942686e-03
0.644599      	1.572435e-03	6.595568e-04	9.128780e-04	9.359862e-03	4.814275e-03	4.545588e-03	1.343435e-04	-1.266606e-04	1.277788e-03	-1.329491e-03	6.130432e-04	-1.942534e-03
0.644604      	1.571403e-03	6.591078e-04	9.122950e-04	9.359232e-03	4.813928e-03	4.545304e-03	1.343124e-04	-1.265936e-04	1.277703e-03	-1.329349e-03	6.130280e-04	-1.942377e-03
0.644609      	1.570373e-03	6.586595e-04	9.117131e-04	9.358587e-03	4.813575e-03	4.545012e-03	1.342816e-04	-1.265268e-04	1.277616e-03	-1.329212e-03	6.130099e-04	-1.942222e-03
0.644614      	1.569337e-03	6.582086e-04	9.111284e-04	9.357961e-03	4.813231e-03	4.544730e-03	1.342508e-04	-1.264599e-04	1.277531e-03	-1.329079e-03	6.129914e-04	-1.942070e-03
0.644619      	1.568307e-03	6.577603e-04	9.105465e-04	9.357339e-03	4.812890e-03	4.544449e-03	1.342207e-04	-1.263931e-04	1.277445e-03	-1.328952e-03	6.129694e-04	-1.941921e-03
0.644624      	1.567273e-03	6.573102e-04	9.099627e-04	9.356701e-03	4.812541e-03	4.544161e-03	1.341899e-04	-1.263263e-04	1.277360e-03	-1.328818e-03	6.129509e-04	-1.941769e-03
0.644629      	1.566246e-03	6.568634e-04	9.093829e-04	9.356074e-03	4.812196e-03	4.543878e-03	1.341594e-04	-1.262597e-04	1.277275e-03	-1.328685e-03	6.129325e-04	-1.941618e-03
0.644634      	1.565220e-03	6.564168e-04	9.088031e-04	9.355443e-03	4.811850e-03	4.543593e-03	1.341287e-04	-1.261931e-04	1.277190e-03	-1.328552e-03	6.129140e-04	-1.941466e-03
0.644639      	1.564182e-03	6.559649e-04	9.082172e-04	9.354811e-03	4.811504e-03	4.543307e-03	1.340985e-04	-1.261262e-04	1.277105e-03	-1.328418e-03	6.128957e-04	-1.941314e-03
0.644644      	1.563151e-03	6.555161e-04	9.076349e-04	9.354187e-03	4.811161e-03	4.543026e-03	1.340678e-04	-1.260594e-04	1.277020e-03	-1.328286e-03	6.128769e-04	-1.941163e-03
0.644649      	1.562128e-03	6.550710e-04	9.070569e-04	9.353556e-03	4.810816e-03	4.542741e-03	1.340374e-04	-1.259930e-04	1.276935e-03	-1.328152e-03	6.128591e-04	-1.941011e-03
0.644654      	1.561111e-03	6.546285e-04	9.064820e-04	9.352926e-03	4.810470e-03	4.542456e-03	1.340069e-04	-1.259267e-04	1.276850e-03	-1.328016e-03	6.128423e-04	-1.940859e-03
0.644659      	1.560088e-03	6.541836e-04	9.059045e-04	9.352304e-03	4.810128e-03	4.542175e-03	1.339765e-04	-1.258604e-04	1.276766e-03	-1.327884e-03	6.128242e-04	-1.940708e-03
0.644664      	1.559062e-03	6.537371e-04	9.053244e-04	9.351677e-03	4.809785e-03	4.541892e-03	1.339462e-04	-1.257936e-04	1.276681e-03	-1.327754e-03	6.128044e-04	-1.940558e-03
0.644669      	1.558028e-03	6.532871e-04	9.047410e-04	9.351053e-03	4.809442e-03	4.541611e-03	1.339160e-04	-1.257269e-04	1.276597e-03	-1.327621e-03	6.127864e-04	-1.940407e-03
0.644674      	1.557017e-03	6.528474e-04	9.041693e-04	9.350435e-03	4.809103e-03	4.541332e-03	1.338855e-04	-1.256609e-04	1.276513e-03	-1.327483e-03	6.127712e-04	-1.940255e-03
0.644679      	1.556003e-03	6.524065e-04	9.035967e-04	9.349812e-03	4.808761e-03	4.541051e-03	1.338549e-04	-1.255951e-04	1.276429e-03	-1.327346e-03	6.127563e-04	-1.940102e-03
0.644684      	1.554984e-03	6.519631e-04	9.030213e-04	9.349183e-03	4.808417e-03	4.540766e-03	1.338253e-04	-1.255291e-04	1.276345e-03	-1.327231e-03	6.127296e-04	-1.939960e-03
0.644689      	1.553971e-03	6.515221e-04	9.024486e-04	9.348565e-03	4.808077e-03	4.540487e-03	1.337952e-04	-1.254632e-04	1.276261e-03	-1.327104e-03	6.127093e-04	-1.939813e-03
0.644694      	1.552958e-03	6.510815e-04	9.018764e-04	9.347953e-03	4.807741e-03	4.540212e-03	1.337648e-04	-1.253974e-04	1.276178e-03	-1.326968e-03	6.126937e-04	-1.939662e-03
0.644699      	1.551942e-03	6.506392e-04	9.013024e-04	9.347339e-03	4.807404e-03	4.539935e-03	1.337343e-04	-1.253316e-04	1.276095e-03	-1.326837e-03	6.126762e-04	-1.939513e-03
0.644704      	1.550928e-03	6.501985e-04	9.007299e-04	9.346725e-03	4.807067e-03	4.539658e-03	1.337042e-04	-1.252657e-04	1.276012e-03	-1.326701e-03	6.126611e-04	-1.939362e-03
0.644709      	1.549903e-03	6.497517e-04	9.001510e-04	9.346105e-03	4.806727e-03	4.539378e-03	1.336741e-04	-1.251997e-04	1.275928e-03	-1.326573e-03	6.126417e-04	-1.939214e-03
0.644714      	1.548891e-03	6.493114e-04	8.995795e-04	9.345501e-03	4.806394e-03	4.539107e-03	1.336433e-04	-1.251341e-04	1.275845e-03	-1.326430e-03	6.126303e-04	-1.939060e-03
0.644719      	1.547879e-03	6.488714e-04	8.990081e-04	9.344892e-03	4.806059e-03	4.538833e-03	1.336131e-04	-1.250684e-04	1.275763e-03	-1.326294e-03	6.126156e-04	-1.938910e-03
0.644724      	1.546860e-03	6.484279e-04	8.984323e-04	9.344273e-03	4.805720e-03	4.538553e-03	1.335831e-04	-1.250022e-04	1.275679e-03	-1.326169e-03	6.125943e-04	-1.938764e-03
0.644729      	1.545858e-03	6.479916e-04	8.978661e-04	9.343660e-03	4.805383e-03	4.538277e-03	1.335532e-04	-1.249372e-04	1.275596e-03	-1.326040e-03	6.125763e-04	-1.938617e-03
0.644734      	1.544842e-03	6.475500e-04	8.972918e-04	9.343040e-03	4.805043e-03	4.537997e-03	1.335235e-04	-1.248709e-04	1.275513e-03	-1.325912e-03	6.125572e-04	-1.938469e-03
0.644739      	1.543834e-03	6.471113e-04	8.967228e-04	9.342425e-03	4.804706e-03	4.537719e-03	1.334937e-04	-1.248057e-04	1.275430e-03	-1.325782e-03	6.125390e-04	-1.938322e-03
0.644744      	1.542824e-03	6.466716e-04	8.961520e-04	9.341809e-03	4.804368e-03	4.537441e-03	1.334636e-04	-1.247402e-04	1.275348e-03	-1.325650e-03	6.125226e-04	-1.938172e-03
0.644749      	1.541819e-03	6.462346e-04	8.955843e-04	9.341201e-03	4.804034e-03	4.537167e-03	1.334338e-04	-1.246749e-04	1.275265e-03	-1.325519e-03	6.125058e-04	-1.938025e-03
0.644754      	1.540811e-03	6.457958e-04	8.950147e-04	9.340596e-03	4.803702e-03	4.536894e-03	1.334040e-04	-1.246094e-04	1.275183e-03	-1.325393e-03	6.124865e-04	-1.937880e-03
0.644759      	1.539804e-03	6.453578e-04	8.944464e-04	9.339985e-03	4.803367e-03	4.536618e-03	1.333744e-04	-1.245443e-04	1.275101e-03	-1.325266e-03	6.124679e-04	-1.937734e-03
0.644764      	1.538796e-03	6.449192e-04	8.938770e-04	9.339377e-03	4.803033e-03	4.536344e-03	1.333447e-04	-1.244789e-04	1.275019e-03	-1.325137e-03	6.124507e-04	-1.937587e-03
0.644769      	1.537805e-03	6.444886e-04	8.933163e-04	9.338771e-03	4.802701e-03	4.536070e-03	1.333152e-04	-1.244139e-04	1.274937e-03	-1.325009e-03	6.124324e-04	-1.937441e-03
0.644774      	1.536797e-03	6.440496e-04	8.927471e-04	9.338165e-03	4.802368e-03	4.535797e-03	1.332856e-04	-1.243487e-04	1.274855e-03	-1.324883e-03	6.124139e-04	-1.937297e-03
0.644779      	1.535794e-03	6.436133e-04	8.921811e-04	9.337557e-03	4.802035e-03	4.535523e-03	1.332561e-04	-1.242839e-04	1.274774e-03	-1.324760e-03	6.123938e-04	-1.937154e-03
0.644784      	1.534797e-03	6.431795e-04	8.916172e-04	9.336958e-03	4.801706e-03	4.535252e-03	1.332267e-04	-1.242189e-04	1.274692e-03	-1.324637e-03	6.123740e-04	-1.937011e-03
0.644789      	1.533789e-03	6.427406e-04	8.910484e-04	9.336360e-03	4.801377e-03	4.534983e-03	1.331970e-04	-1.241539e-04	1.274611e-03	-1.324500e-03	6.123612e-04	-1.936861e-03
0.644794      	1.532784e-03	6.423034e-04	8.904811e-04	9.335758e-03	4.801046e-03	4.534711e-03	1.331675e-04	-1.240889e-04	1.274530e-03	-1.324372e-03	6.123443e-04	-1.936716e-03
0.644799      	1.531773e-03	6.418629e-04	8.899097e-04	9.335156e-03	4.800716e-03	4.534440e-03	1.331382e-04	-1.240234e-04	1.274449e-03	-1.324244e-03	6.123266e-04	-1.936571e-03
0.644804      	1.530782e-03	6.414320e-04	8.893499e-04	9.334558e-03	4.800388e-03	4.534170e-03	1.331087e-04	-1.239590e-04	1.274368e-03	-1.324120e-03	6.123075e-04	-1.936428e-03
0.644809      	1.529785e-03	6.409983e-04	8.887866e-04	9.333954e-03	4.800057e-03	4.533898e-03	1.330793e-04	-1.238942e-04	1.274286e-03	-1.323995e-03	6.122887e-04	-1.936284e-03
0.644814      	1.528791e-03	6.405656e-04	8.882253e-04	9.333360e-03	4.799730e-03	4.533630e-03	1.330499e-04	-1.238298e-04	1.274206e-03	-1.323869e-03	6.122719e-04	-1.936141e-03
0.644819      	1.527792e-03	6.401310e-04	8.876608e-04	9.332760e-03	4.799400e-03	4.533359e-03	1.330204e-04	-1.237649e-04	1.274125e-03	-1.323741e-03	6.122544e-04	-1.935996e-03
0.644824      	1.526798e-03	6.396985e-04	8.870991e-04	9.332169e-03	4.799076e-03	4.533093e-03	1.329911e-04	-1.237003e-04	1.274045e-03	-1.323614e-03	6.122381e-04	-1.935852e-03
0.644829      	1.525814e-03	6.392707e-04	8.865435e-04	9.331577e-03	4.798750e-03	4.532827e-03	1.329615e-04	-1.236364e-04	1.273965e-03	-1.323484e-03	6.122232e-04	-1.935707e-03
0.644834      	1.524825e-03	6.388402e-04	8.859845e-04	9.330979e-03	4.798422e-03	4.532558e-03	1.329321e-04	-1.235721e-04	1.273884e-03	-1.323358e-03	6.122053e-04	-1.935563e-03
0.644839      	1.523837e-03	6.384107e-04	8.854266e-04	9.330384e-03	4.798095e-03	4.532289e-03	1.329027e-04	-1.235080e-04	1.273804e-03	-1.323230e-03	6.121891e-04	-1.935419e-03
0.644844      	1.522841e-03	6.379771e-04	8.848638e-04	9.329790e-03	4.797768e-03	4.532022e-03	1.328731e-04	-1.234434e-04	1.273724e-03	-1.323102e-03	6.121724e-04	-1.935275e-03
0.644849      	1.521855e-03	6.375490e-04	8.843064e-04	9.329194e-03	4.797441e-03	4.531753e-03	1.328442e-04	-1.233787e-04	1.273642e-03	-1.322985e-03	6.121498e-04	-1.935135e-03
0.644854      	1.520867e-03	6.371189e-04	8.837485e-04	9.328592e-03	4.797111e-03	4.531481e-03	1.328151e-04	-1.233148e-04	1.273562e-03	-1.322858e-03	6.121334e-04	-1.934991e-03
0.644859      	1.519886e-03	6.366916e-04	8.831942e-04	9.328007e-03	4.796789e-03	4.531218e-03	1.327857e-04	-1.232513e-04	1.273483e-03	-1.322730e-03	6.121182e-04	-1.934848e-03
0.644864      	1.518907e-03	6.362657e-04	8.826412e-04	9.327420e-03	4.796466e-03	4.530953e-03	1.327565e-04	-1.231878e-04	1.273404e-03	-1.322607e-03	6.121011e-04	-1.934708e-03
0.644869      	1.517921e-03	6.358371e-04	8.820840e-04	9.326825e-03	4.796140e-03	4.530685e-03	1.327275e-04	-1.231234e-04	1.273324e-03	-1.322483e-03	6.120829e-04	-1.934566e-03
0.644874      	1.516943e-03	6.354115e-04	8.815312e-04	9.326230e-03	4.795814e-03	4.530416e-03	1.326988e-04	-1.230599e-04	1.273245e-03	-1.322364e-03	6.120629e-04	-1.934427e-03
0.644879      	1.515957e-03	6.349830e-04	8.809736e-04	9.325647e-03	4.795493e-03	4.530154e-03	1.326694e-04	-1.229953e-04	1.273166e-03	-1.322236e-03	6.120475e-04	-1.934284e-03
0.644884      	1.514970e-03	6.345535e-04	8.804164e-04	9.325055e-03	4.795168e-03	4.529887e-03	1.326405e-04	-1.229315e-04	1.273087e-03	-1.322116e-03	6.120287e-04	-1.934144e-03
0.644889      	1.514006e-03	6.341350e-04	8.798709e-04	9.324478e-03	4.794851e-03	4.529627e-03	1.326121e-04	-1.228680e-04	1.273008e-03	-1.322017e-03	6.119994e-04	-1.934016e-03
0.644894      	1.513027e-03	6.337086e-04	8.793180e-04	9.323894e-03	4.794529e-03	4.529365e-03	1.325824e-04	-1.228047e-04	1.272929e-03	-1.321872e-03	6.119932e-04	-1.933865e-03
0.644899      	1.512045e-03	6.332812e-04	8.787636e-04	9.323310e-03	4.794208e-03	4.529102e-03	1.325534e-04	-1.227412e-04	1.272850e-03	-1.321751e-03	6.119742e-04	-1.933726e-03
0.644904      	1.511070e-03	6.328572e-04	8.782129e-04	9.322727e-03	4.793888e-03	4.528839e-03	1.325244e-04	-1.226778e-04	1.272772e-03	-1.321625e-03	6.119593e-04	-1.933584e-03
0.644909      	1.510091e-03	6.324313e-04	8.776595e-04	9.322149e-03	4.793570e-03	4.528579e-03	1.324955e-04	-1.226141e-04	1.272693e-03	-1.321504e-03	6.119415e-04	-1.933445e-03
0.644914      	1.509113e-03	6.320058e-04	8.771074e-04	9.321569e-03	4.793251e-03	4.528318e-03	1.324666e-04	-1.225508e-04	1.272615e-03	-1.321376e-03	6.119269e-04	-1.933303e-03
0.644919      	1.508134e-03	6.315799e-04	8.765542e-04	9.320985e-03	4.792930e-03	4.528055e-03	1.324374e-04	-1.224872e-04	1.272536e-03	-1.321253e-03	6.119097e-04	-1.933163e-03
0.644924      	1.507157e-03	6.311545e-04	8.760022e-04	9.320404e-03	4.792611e-03	4.527793e-03	1.324088e-04	-1.224239e-04	1.272459e-03	-1.321133e-03	6.118924e-04	-1.933025e-03
0.644929      	1.506186e-03	6.307324e-04	8.754535e-04	9.319828e-03	4.792294e-03	4.527534e-03	1.323798e-04	-1.223605e-04	1.272381e-03	-1.321008e-03	6.118766e-04	-1.932885e-03
0.644934      	1.505205e-03	6.303057e-04	8.748994e-04	9.319248e-03	4.791975e-03	4.527273e-03	1.323510e-04	-1.222969e-04	1.272303e-03	-1.320886e-03	6.118596e-04	-1.932745e-03
0.644939      	1.504230e-03	6.298815e-04	8.743481e-04	9.318670e-03	4.791657e-03	4.527012e-03	1.323224e-04	-1.222333e-04	1.272224e-03	-1.320763e-03	6.118426e-04	-1.932606e-03
0.644944      	1.503249e-03	6.294548e-04	8.737940e-04	9.318088e-03	4.791338e-03	4.526750e-03	1.322936e-04	-1.221696e-04	1.272146e-03	-1.320637e-03	6.118276e-04	-1.932465e-03
0.644949      	1.502274e-03	6.290308e-04	8.732436e-04	9.317520e-03	4.791025e-03	4.526495e-03	1.322649e-04	-1.221064e-04	1.272069e-03	-1.320517e-03	6.118108e-04	-1.932328e-03
0.644954      	1.501309e-03	6.286106e-04	8.726980e-04	9.316948e-03	4.790710e-03	4.526238e-03	1.322362e-04	-1.220437e-04	1.271992e-03	-1.320391e-03	6.117968e-04	-1.932187e-03
0.644959      	1.500348e-03	6.281929e-04	8.721547e-04	9.316374e-03	4.790395e-03	4.525979e-03	1.322080e-04	-1.219809e-04	1.271915e-03	-1.320275e-03	6.117773e-04	-1.932052e-03
0.644964      	1.499369e-03	6.277670e-04	8.716021e-04	9.315803e-03	4.790080e-03	4.525722e-03	1.321792e-04	-1.219175e-04	1.271838e-03	-1.320154e-03	6.117609e-04	-1.931915e-03
0.644969      	1.498404e-03	6.273475e-04	8.710567e-04	9.315227e-03	4.789764e-03	4.525463e-03	1.321507e-04	-1.218546e-04	1.271761e-03	-1.320038e-03	6.117415e-04	-1.931780e-03
0.644974      	1.497437e-03	6.269267e-04	8.705106e-04	9.314661e-03	4.789452e-03	4.525208e-03	1.321220e-04	-1.217920e-04	1.271684e-03	-1.319909e-03	6.117297e-04	-1.931639e-03
0.644979      	1.496478e-03	6.265099e-04	8.699684e-04	9.314097e-03	4.789142e-03	4.524955e-03	1.320932e-04	-1.217292e-04	1.271608e-03	-1.319787e-03	6.117146e-04	-1.931502e-03
0.644984      	1.495510e-03	6.260887e-04	8.694214e-04	9.313528e-03	4.788828e-03	4.524699e-03	1.320645e-04	-1.216664e-04	1.271531e-03	-1.319661e-03	6.117010e-04	-1.931362e-03
0.644989      	1.494545e-03	6.256688e-04	8.688765e-04	9.312970e-03	4.788521e-03	4.524449e-03	1.320359e-04	-1.216038e-04	1.271456e-03	-1.319532e-03	6.116893e-04	-1.931222e-03
0.644994      	1.493583e-03	6.252503e-04	8.683325e-04	9.312405e-03	4.788210e-03	4.524195e-03	1.320073e-04	-1.215411e-04	1.271380e-03	-1.319406e-03	6.116767e-04	-1.931083e-03
0.644999      	1.492618e-03	6.248305e-04	8.677878e-04	9.311835e-03	4.787897e-03	4.523939e-03	1.319790e-04	-1.214787e-04	1.271304e-03	-1.319284e-03	6.116614e-04	-1.930946e-03
0.645004      	1.491658e-03	6.244129e-04	8.672449e-04	9.311271e-03	4.787586e-03	4.523685e-03	1.319505e-04	-1.214160e-04	1.271228e-03	-1.319159e-03	6.116483e-04	-1.930807e-03
0.645009      	1.490696e-03	6.239942e-04	8.667014e-04	9.310702e-03	4.787273e-03	4.523429e-03	1.319219e-04	-1.213536e-04	1.271152e-03	-1.319034e-03	6.116346e-04	-1.930669e-03
0.645014      	1.489741e-03	6.235790e-04	8.661616e-04	9.310135e-03	4.786961e-03	4.523174e-03	1.318935e-04	-1.212913e-04	1.271077e-03	-1.318913e-03	6.116199e-04	-1.930533e-03
0.645019      	1.488783e-03	6.231628e-04	8.656199e-04	9.309587e-03	4.786658e-03	4.522928e-03	1.318650e-04	-1.212286e-04	1.271001e-03	-1.318788e-03	6.116067e-04	-1.930395e-03
0.645024      	1.487827e-03	6.227472e-04	8.650794e-04	9.309030e-03	4.786351e-03	4.522678e-03	1.318366e-04	-1.211661e-04	1.270925e-03	-1.318660e-03	6.115946e-04	-1.930255e-03
0.645029      	1.486866e-03	6.223288e-04	8.645368e-04	9.308466e-03	4.786041e-03	4.522425e-03	1.318083e-04	-1.211040e-04	1.270850e-03	-1.318540e-03	6.115795e-04	-1.930120e-03
0.645034      	1.485904e-03	6.219101e-04	8.639938e-04	9.307907e-03	4.785733e-03	4.522174e-03	1.317798e-04	-1.210418e-04	1.270775e-03	-1.318414e-03	6.115677e-04	-1.929982e-03
0.645039      	1.484946e-03	6.214936e-04	8.634528e-04	9.307344e-03	4.785423e-03	4.521920e-03	1.317515e-04	-1.209796e-04	1.270700e-03	-1.318294e-03	6.115528e-04	-1.929847e-03
0.645044      	1.484002e-03	6.210832e-04	8.629184e-04	9.306789e-03	4.785118e-03	4.521671e-03	1.317232e-04	-1.209176e-04	1.270625e-03	-1.318170e-03	6.115397e-04	-1.929710e-03
0.645049      	1.483041e-03	6.206656e-04	8.623759e-04	9.306230e-03	4.784810e-03	4.521420e-03	1.316948e-04	-1.208552e-04	1.270550e-03	-1.318045e-03	6.115272e-04	-1.929573e-03
0.645054      	1.482103e-03	6.202579e-04	8.618456e-04	9.305673e-03	4.784503e-03	4.521170e-03	1.316666e-04	-1.207939e-04	1.270475e-03	-1.317923e-03	6.115142e-04	-1.929437e-03
0.645059      	1.481147e-03	6.198417e-04	8.613056e-04	9.305120e-03	4.784199e-03	4.520922e-03	1.316384e-04	-1.207319e-04	1.270401e-03	-1.317801e-03	6.115009e-04	-1.929302e-03
0.645064      	1.480190e-03	6.194257e-04	8.607648e-04	9.304567e-03	4.783894e-03	4.520673e-03	1.316102e-04	-1.206696e-04	1.270326e-03	-1.317678e-03	6.114874e-04	-1.929165e-03
0.645069      	1.479243e-03	6.190136e-04	8.602294e-04	9.304010e-03	4.783587e-03	4.520423e-03	1.315821e-04	-1.206079e-04	1.270252e-03	-1.317555e-03	6.114743e-04	-1.929030e-03
0.645074      	1.478292e-03	6.185998e-04	8.596924e-04	9.303460e-03	4.783284e-03	4.520176e-03	1.315541e-04	-1.205463e-04	1.270178e-03	-1.317437e-03	6.114594e-04	-1.928896e-03
0.645079      	1.477353e-03	6.181913e-04	8.591614e-04	9.302921e-03	4.782986e-03	4.519935e-03	1.315257e-04	-1.204851e-04	1.270105e-03	-1.317309e-03	6.114502e-04	-1.928759e-03
0.645084      	1.476401e-03	6.177770e-04	8.586239e-04	9.302362e-03	4.782679e-03	4.519684e-03	1.314977e-04	-1.204234e-04	1.270030e-03	-1.317186e-03	6.114371e-04	-1.928623e-03
0.645089      	1.475449e-03	6.173629e-04	8.580863e-04	9.301818e-03	4.782379e-03	4.519439e-03	1.314696e-04	-1.203617e-04	1.269957e-03	-1.317062e-03	6.114257e-04	-1.928488e-03
0.645094      	1.474510e-03	6.169547e-04	8.575557e-04	9.301279e-03	4.782081e-03	4.519198e-03	1.314416e-04	-1.203005e-04	1.269883e-03	-1.316944e-03	6.114115e-04	-1.928355e-03
0.645099      	1.473563e-03	6.165428e-04	8.570204e-04	9.300721e-03	4.781775e-03	4.518947e-03	1.314140e-04	-1.202388e-04	1.269809e-03	-1.316827e-03	6.113959e-04	-1.928223e-03
0.645104      	1.472629e-03	6.161369e-04	8.564918e-04	9.300172e-03	4.781472e-03	4.518700e-03	1.313860e-04	-1.201774e-04	1.269736e-03	-1.316701e-03	6.113857e-04	-1.928086e-03
0.645109      	1.471690e-03	6.157287e-04	8.559611e-04	9.299618e-03	4.781167e-03	4.518450e-03	1.313585e-04	-1.201162e-04	1.269662e-03	-1.316591e-03	6.113666e-04	-1.927957e-03
0.645114      	1.470740e-03	6.153155e-04	8.554244e-04	9.299074e-03	4.780867e-03	4.518207e-03	1.313297e-04	-1.200545e-04	1.269589e-03	-1.316459e-03	6.113596e-04	-1.927818e-03
0.645119      	1.469798e-03	6.149059e-04	8.548924e-04	9.298528e-03	4.780566e-03	4.517962e-03	1.313022e-04	-1.199933e-04	1.269516e-03	-1.316343e-03	6.113444e-04	-1.927687e-03
0.645124      	1.468862e-03	6.144989e-04	8.543632e-04	9.297977e-03	4.780263e-03	4.517714e-03	1.312743e-04	-1.199321e-04	1.269443e-03	-1.316220e-03	6.113326e-04	-1.927553e-03
0.645129      	1.467922e-03	6.140898e-04	8.538317e-04	9.297441e-03	4.779967e-03	4.517474e-03	1.312464e-04	-1.198710e-04	1.269370e-03	-1.316096e-03	6.113219e-04	-1.927418e-03
0.645134      	1.466979e-03	6.136803e-04	8.532990e-04	9.296899e-03	4.779669e-03	4.517231e-03	1.312190e-04	-1.198093e-04	1.269297e-03	-1.315983e-03	6.113056e-04	-1.927289e-03
0.645139      	1.466042e-03	6.132724e-04	8.527699e-04	9.296352e-03	4.779367e-03	4.516985e-03	1.311912e-04	-1.197487e-04	1.269223e-03	-1.315861e-03	6.112929e-04	-1.927154e-03
0.645144      	1.465094e-03	6.128596e-04	8.522346e-04	9.295813e-03	4.779070e-03	4.516743e-03	1.311635e-04	-1.196875e-04	1.269151e-03	-1.315741e-03	6.112798e-04	-1.927021e-03
0.645149      	1.464160e-03	6.124537e-04	8.517061e-04	9.295269e-03	4.778771e-03	4.516498e-03	1.311362e-04	-1.196262e-04	1.269078e-03	-1.315626e-03	6.112652e-04	-1.926891e-03
0.645154      	1.463220e-03	6.120451e-04	8.511754e-04	9.294739e-03	4.778478e-03	4.516262e-03	1.311079e-04	-1.195652e-04	1.269007e-03	-1.315500e-03	6.112564e-04	-1.926757e-03
0.645159      	1.462281e-03	6.116368e-04	8.506445e-04	9.294207e-03	4.778184e-03	4.516023e-03	1.310808e-04	-1.195038e-04	1.268935e-03	-1.315387e-03	6.112414e-04	-1.926628e-03
0.645164      	1.461349e-03	6.112315e-04	8.501177e-04	9.293653e-03	4.777879e-03	4.515774e-03	1.310523e-04	-1.194431e-04	1.268862e-03	-1.315255e-03	6.112342e-04	-1.926489e-03
0.645169      	1.460411e-03	6.108234e-04	8.495879e-04	9.293128e-03	4.777588e-03	4.515540e-03	1.310241e-04	-1.193822e-04	1.268791e-03	-1.315126e-03	6.112282e-04	-1.926354e-03
0.645174      	1.459480e-03	6.104185e-04	8.490616e-04	9.292583e-03	4.777288e-03	4.515294e-03	1.309970e-04	-1.193215e-04	1.268718e-03	-1.315013e-03	6.112118e-04	-1.926225e-03
0.645179      	1.458544e-03	6.100115e-04	8.485329e-04	9.292040e-03	4.776989e-03	4.515051e-03	1.309692e-04	-1.192607e-04	1.268646e-03	-1.314890e-03	6.112012e-04	-1.926091e-03
0.645184      	1.457619e-03	6.096093e-04	8.480097e-04	9.291509e-03	4.776697e-03	4.514813e-03	1.309420e-04	-1.192002e-04	1.268575e-03	-1.314778e-03	6.111862e-04	-1.925964e-03
0.645189      	1.456688e-03	6.092047e-04	8.474834e-04	9.290979e-03	4.776404e-03	4.514575e-03	1.309144e-04	-1.191393e-04	1.268505e-03	-1.314663e-03	6.111731e-04	-1.925836e-03
0.645194      	1.455764e-03	6.088025e-04	8.469618e-04	9.290434e-03	4.776104e-03	4.514330e-03	1.308868e-04	-1.190796e-04	1.268431e-03	-1.314537e-03	6.111625e-04	-1.925699e-03
0.645199      	1.454840e-03	6.084007e-04	8.464396e-04	9.289901e-03	4.775810e-03	4.514091e-03	1.308595e-04	-1.190195e-04	1.268359e-03	-1.314422e-03	6.111483e-04	-1.925571e-03
0.645204      	1.453908e-03	6.079950e-04	8.459129e-04	9.289367e-03	4.775516e-03	4.513851e-03	1.308322e-04	-1.189590e-04	1.268288e-03	-1.314304e-03	6.111357e-04	-1.925440e-03
0.645209      	1.452979e-03	6.075913e-04	8.453881e-04	9.288843e-03	4.775226e-03	4.513617e-03	1.308047e-04	-1.188984e-04	1.268217e-03	-1.314181e-03	6.111262e-04	-1.925307e-03
0.645214      	1.452064e-03	6.071930e-04	8.448708e-04	9.288300e-03	4.774928e-03	4.513373e-03	1.307776e-04	-1.188389e-04	1.268146e-03	-1.314067e-03	6.111126e-04	-1.925179e-03
0.645219      	1.451148e-03	6.067949e-04	8.443536e-04	9.287770e-03	4.774635e-03	4.513135e-03	1.307500e-04	-1.187794e-04	1.268073e-03	-1.313949e-03	6.110980e-04	-1.925047e-03
0.645224      	1.450224e-03	6.063930e-04	8.438311e-04	9.287243e-03	4.774344e-03	4.512899e-03	1.307227e-04	-1.187191e-04	1.268002e-03	-1.313830e-03	6.110877e-04	-1.924917e-03
0.645229      	1.449300e-03	6.059914e-04	8.433088e-04	9.286710e-03	4.774051e-03	4.512660e-03	1.306954e-04	-1.186587e-04	1.267932e-03	-1.313713e-03	6.110750e-04	-1.924788e-03
0.645234      	1.448380e-03	6.055912e-04	8.427886e-04	9.286192e-03	4.773764e-03	4.512428e-03	1.306681e-04	-1.185987e-04	1.267861e-03	-1.313596e-03	6.110633e-04	-1.924660e-03
0.645239      	1.447455e-03	6.051889e-04	8.422665e-04	9.285670e-03	4.773477e-03	4.512194e-03	1.306415e-04	-1.185388e-04	1.267792e-03	-1.313488e-03	6.110482e-04	-1.924536e-03
0.645244      	1.446545e-03	6.047931e-04	8.417515e-04	9.285132e-03	4.773181e-03	4.511952e-03	1.306144e-04	-1.184792e-04	1.267721e-03	-1.313374e-03	6.110342e-04	-1.924408e-03
0.645249      	1.445621e-03	6.043914e-04	8.412296e-04	9.284606e-03	4.772890e-03	4.511717e-03	1.305866e-04	-1.184191e-04	1.267650e-03	-1.313246e-03	6.110270e-04	-1.924273e-03
0.645254      	1.444705e-03	6.039933e-04	8.407118e-04	9.284086e-03	4.772603e-03	4.511483e-03	1.305597e-04	-1.183593e-04	1.267580e-03	-1.313132e-03	6.110139e-04	-1.924146e-03
0.645259      	1.443784e-03	6.035923e-04	8.401913e-04	9.283559e-03	4.772312e-03	4.511247e-03	1.305324e-04	-1.182995e-04	1.267510e-03	-1.313012e-03	6.110038e-04	-1.924016e-03
0.645264      	1.442872e-03	6.031959e-04	8.396758e-04	9.283045e-03	4.772028e-03	4.511016e-03	1.305061e-04	-1.182400e-04	1.267441e-03	-1.312911e-03	6.109854e-04	-1.923896e-03
0.645269      	1.441955e-03	6.027972e-04	8.391578e-04	9.282514e-03	4.771735e-03	4.510778e-03	1.304786e-04	-1.181803e-04	1.267370e-03	-1.312789e-03	6.109758e-04	-1.923765e-03
0.645274      	1.441051e-03	6.024050e-04	8.386462e-04	9.281998e-03	4.771451e-03	4.510547e-03	1.304516e-04	-1.181206e-04	1.267300e-03	-1.312672e-03	6.109645e-04	-1.923636e-03
0.645279      	1.440134e-03	6.020061e-04	8.381277e-04	9.281473e-03	4.771161e-03	4.510312e-03	1.304246e-04	-1.180608e-04	1.267230e-03	-1.312556e-03	6.109524e-04	-1.923508e-03
0.645284      	1.439222e-03	6.016098e-04	8.376126e-04	9.280970e-03	4.770883e-03	4.510087e-03	1.303976e-04	-1.180014e-04	1.267162e-03	-1.312441e-03	6.109415e-04	-1.923383e-03
0.645289      	1.438304e-03	6.012103e-04	8.370940e-04	9.280444e-03	4.770593e-03	4.509851e-03	1.303709e-04	-1.179419e-04	1.267093e-03	-1.312327e-03	6.109290e-04	-1.923256e-03
0.645294      	1.437390e-03	6.008131e-04	8.365773e-04	9.279924e-03	4.770306e-03	4.509618e-03	1.303441e-04	-1.178821e-04	1.267023e-03	-1.312215e-03	6.109157e-04	-1.923131e-03
0.645299      	1.436484e-03	6.004188e-04	8.360647e-04	9.279402e-03	4.770018e-03	4.509384e-03	1.303171e-04	-1.178229e-04	1.266953e-03	-1.312097e-03	6.109046e-04	-1.923001e-03
0.645304      	1.435577e-03	6.000249e-04	8.355525e-04	9.278892e-03	4.769736e-03	4.509156e-03	1.302903e-04	-1.177638e-04	1.266885e-03	-1.311984e-03	6.108930e-04	-1.922877e-03
0.645309      	1.434668e-03	5.996292e-04	8.350384e-04	9.278364e-03	4.769446e-03	4.508919e-03	1.302635e-04	-1.177046e-04	1.266816e-03	-1.311872e-03	6.108798e-04	-1.922752e-03
0.645314      	1.433752e-03	5.992310e-04	8.345210e-04	9.277844e-03	4.769159e-03	4.508685e-03	1.302368e-04	-1.176450e-04	1.266746e-03	-1.311761e-03	6.108657e-04	-1.922627e-03
0.645319      	1.432846e-03	5.988373e-04	8.340089e-04	9.277329e-03	4.768875e-03	4.508454e-03	1.302103e-04	-1.175858e-04	1.266677e-03	-1.311652e-03	6.108511e-04	-1.922503e-03
0.645324      	1.431940e-03	5.984431e-04	8.334967e-04	9.276815e-03	4.768591e-03	4.508224e-03	1.301836e-04	-1.175268e-04	1.266608e-03	-1.311540e-03	6.108379e-04	-1.922378e-03
0.645329      	1.431027e-03	5.980463e-04	8.329808e-04	9.276306e-03	4.768310e-03	4.507996e-03	1.301566e-04	-1.174673e-04	1.266540e-03	-1.311420e-03	6.108300e-04	-1.922250e-03
0.645334      	1.430128e-03	5.976551e-04	8.324730e-04	9.275799e-03	4.768029e-03	4.507770e-03	1.301298e-04	-1.174090e-04	1.266472e-03	-1.311297e-03	6.108235e-04	-1.922121e-03
0.645339      	1.429219e-03	5.972598e-04	8.319590e-04	9.275286e-03	4.767746e-03	4.507540e-03	1.301032e-04	-1.173496e-04	1.266403e-03	-1.311184e-03	6.108113e-04	-1.921995e-03
0.645344      	1.428314e-03	5.968661e-04	8.314478e-04	9.274779e-03	4.767465e-03	4.507314e-03	1.300759e-04	-1.172908e-04	1.266336e-03	-1.311060e-03	6.108055e-04	-1.921866e-03
0.645349      	1.427413e-03	5.964745e-04	8.309388e-04	9.274255e-03	4.767177e-03	4.507078e-03	1.300495e-04	-1.172321e-04	1.266266e-03	-1.310945e-03	6.107932e-04	-1.921738e-03
0.645354      	1.426509e-03	5.960818e-04	8.304275e-04	9.273740e-03	4.766893e-03	4.506847e-03	1.300227e-04	-1.171729e-04	1.266197e-03	-1.310836e-03	6.107788e-04	-1.921614e-03
0.645359      	1.425607e-03	5.956897e-04	8.299174e-04	9.273225e-03	4.766609e-03	4.506616e-03	1.299965e-04	-1.171138e-04	1.266128e-03	-1.310729e-03	6.107634e-04	-1.921492e-03
0.645364      	1.424704e-03	5.952969e-04	8.294068e-04	9.272710e-03	4.766325e-03	4.506385e-03	1.299699e-04	-1.170549e-04	1.266059e-03	-1.310615e-03	6.107516e-04	-1.921367e-03
0.645369      	1.423813e-03	5.949098e-04	8.289030e-04	9.272204e-03	4.766045e-03	4.506159e-03	1.299433e-04	-1.169966e-04	1.265992e-03	-1.310498e-03	6.107424e-04	-1.921241e-03
0.645374      	1.422913e-03	5.945187e-04	8.283944e-04	9.271691e-03	4.765762e-03	4.505928e-03	1.299169e-04	-1.169379e-04	1.265923e-03	-1.310388e-03	6.107289e-04	-1.921117e-03
0.645379      	1.422013e-03	5.941275e-04	8.278859e-04	9.271178e-03	4.765479e-03	4.505698e-03	1.298905e-04	-1.168792e-04	1.265855e-03	-1.310276e-03	6.107167e-04	-1.920993e-03
0.645384      	1.421114e-03	5.937367e-04	8.273771e-04	9.270671e-03	4.765199e-03	4.505471e-03	1.298641e-04	-1.168202e-04	1.265788e-03	-1.310169e-03	6.107030e-04	-1.920872e-03
0.645389      	1.420214e-03	5.933459e-04	8.268680e-04	9.270160e-03	4.764918e-03	4.505242e-03	1.298377e-04	-1.167610e-04	1.265719e-03	-1.310054e-03	6.106916e-04	-1.920746e-03
0.645394      	1.419315e-03	5.929553e-04	8.263598e-04	9.269654e-03	4.764639e-03	4.505015e-03	1.298118e-04	-1.167023e-04	1.265652e-03	-1.309946e-03	6.106790e-04	-1.920625e-03
0.645399      	1.418426e-03	5.925683e-04	8.258580e-04	9.269157e-03	4.764364e-03	4.504793e-03	1.297853e-04	-1.166448e-04	1.265585e-03	-1.309838e-03	6.106659e-04	-1.920504e-03
0.645404      	1.417531e-03	5.921792e-04	8.253522e-04	9.268650e-03	4.764084e-03	4.504566e-03	1.297587e-04	-1.165865e-04	1.265518e-03	-1.309722e-03	6.106565e-04	-1.920379e-03
0.645409      	1.416634e-03	5.917893e-04	8.248450e-04	9.268146e-03	4.763805e-03	4.504340e-03	1.297324e-04	-1.165279e-04	1.265450e-03	-1.309610e-03	6.106448e-04	-1.920255e-03
0.645414      	1.415750e-03	5.914045e-04	8.243453e-04	9.267644e-03	4.763528e-03	4.504116e-03	1.297059e-04	-1.164704e-04	1.265383e-03	-1.309495e-03	6.106353e-04	-1.920131e-03
0.645419      	1.414864e-03	5.910196e-04	8.238447e-04	9.267135e-03	4.763248e-03	4.503888e-03	1.296799e-04	-1.164125e-04	1.265315e-03	-1.309390e-03	6.106202e-04	-1.920010e-03
0.645424      	1.413979e-03	5.906347e-04	8.233440e-04	9.266634e-03	4.762970e-03	4.503663e-03	1.296536e-04	-1.163546e-04	1.265248e-03	-1.309278e-03	6.106093e-04	-1.919887e-03
0.645429      	1.413085e-03	5.902462e-04	8.228389e-04	9.266120e-03	4.762688e-03	4.503433e-03	1.296275e-04	-1.162963e-04	1.265180e-03	-1.309171e-03	6.105949e-04	-1.919766e-03
0.645434      	1.412194e-03	5.898588e-04	8.223353e-04	9.265615e-03	4.762409e-03	4.503206e-03	1.296013e-04	-1.162382e-04	1.265113e-03	-1.309063e-03	6.105816e-04	-1.919645e-03
0.645439      	1.411304e-03	5.894720e-04	8.218318e-04	9.265109e-03	4.762130e-03	4.502979e-03	1.295753e-04	-1.161799e-04	1.265046e-03	-1.308952e-03	6.105699e-04	-1.919521e-03
0.645444      	1.410417e-03	5.890865e-04	8.213304e-04	9.264607e-03	4.761853e-03	4.502754e-03	1.295492e-04	-1.161220e-04	1.264979e-03	-1.308842e-03	6.105580e-04	-1.919400e-03
0.645449      	1.409525e-03	5.886986e-04	8.208263e-04	9.264100e-03	4.761573e-03	4.502527e-03	1.295228e-04	-1.160638e-04	1.264911e-03	-1.308729e-03	6.105467e-04	-1.919275e-03
0.645454      	1.408646e-03	5.883164e-04	8.203292e-04	9.263607e-03	4.761300e-03	4.502307e-03	1.294968e-04	-1.160064e-04	1.264845e-03	-1.308617e-03	6.105367e-04	-1.919154e-03
0.645459      	1.407767e-03	5.879347e-04	8.198326e-04	9.263107e-03	4.761025e-03	4.502083e-03	1.294710e-04	-1.159489e-04	1.264779e-03	-1.308515e-03	6.105217e-04	-1.919037e-03
0.645464      	1.406885e-03	5.875514e-04	8.193336e-04	9.262595e-03	4.760742e-03	4.501852e-03	1.294449e-04	-1.158911e-04	1.264711e-03	-1.308403e-03	6.105098e-04	-1.918913e-03
0.645469      	1.405997e-03	5.871655e-04	8.188317e-04	9.262095e-03	4.760467e-03	4.501629e-03	1.294189e-04	-1.158331e-04	1.264644e-03	-1.308293e-03	6.104980e-04	-1.918791e-03
0.645474      	1.405127e-03	5.867876e-04	8.183397e-04	9.261598e-03	4.760192e-03	4.501406e-03	1.293930e-04	-1.157760e-04	1.264578e-03	-1.308182e-03	6.104875e-04	-1.918669e-03
0.645479      	1.404248e-03	5.864058e-04	8.178426e-04	9.261097e-03	4.759915e-03	4.501181e-03	1.293670e-04	-1.157184e-04	1.264512e-03	-1.308073e-03	6.104758e-04	-1.918548e-03
0.645484      	1.403368e-03	5.860231e-04	8.173445e-04	9.260602e-03	4.759642e-03	4.500960e-03	1.293411e-04	-1.156607e-04	1.264446e-03	-1.307963e-03	6.104645e-04	-1.918427e-03
0.645489      	1.402487e-03	5.856406e-04	8.168468e-04	9.260098e-03	4.759364e-03	4.500734e-03	1.293152e-04	-1.156031e-04	1.264379e-03	-1.307854e-03	6.104523e-04	-1.918306e-03
0.645494      	1.401610e-03	5.852595e-04	8.163507e-04	9.259602e-03	4.759090e-03	4.500511e-03	1.292895e-04	-1.155456e-04	1.264313e-03	-1.307746e-03	6.104399e-04	-1.918186e-03
0.645499      	1.400723e-03	5.848741e-04	8.158493e-04	9.259106e-03	4.758817e-03	4.500290e-03	1.292635e-04	-1.154876e-04	1.264247e-03	-1.307637e-03	6.104284e-04	-1.918066e-03
0.645504      	1.399848e-03	5.844934e-04	8.153547e-04	9.258609e-03	4.758543e-03	4.500067e-03	1.292379e-04	-1.154306e-04	1.264181e-03	-1.307531e-03	6.104156e-04	-1.917946e-03
0.645509      	1.398974e-03	5.841136e-04	8.148603e-04	9.258114e-03	4.758269e-03	4.499845e-03	1.292121e-04	-1.153733e-04	1.264115e-03	-1.307420e-03	6.104050e-04	-1.917825e-03
0.645514      	1.398097e-03	5.837325e-04	8.143647e-04	9.257621e-03	4.757997e-03	4.499624e-03	1.291864e-04	-1.153161e-04	1.264050e-03	-1.307315e-03	6.103924e-04	-1.917707e-03
0.645519      	1.397224e-03	5.833529e-04	8.138712e-04	9.257137e-03	4.757729e-03	4.499408e-03	1.291606e-04	-1.152591e-04	1.263985e-03	-1.307205e-03	6.103823e-04	-1.917587e-03
0.645524      	1.396355e-03	5.829756e-04	8.133794e-04	9.256627e-03	4.757448e-03	4.499179e-03	1.291348e-04	-1.152019e-04	1.263919e-03	-1.307098e-03	6.103696e-04	-1.917468e-03
0.645529      	1.395485e-03	5.825977e-04	8.128875e-04	9.256137e-03	4.757177e-03	4.498959e-03	1.291089e-04	-1.151449e-04	1.263854e-03	-1.306986e-03	6.103606e-04	-1.917347e-03
0.645534      	1.394616e-03	5.822203e-04	8.123962e-04	9.255643e-03	4.756905e-03	4.498738e-03	1.290835e-04	-1.150879e-04	1.263787e-03	-1.306884e-03	6.103454e-04	-1.917229e-03
0.645539      	1.393736e-03	5.818373e-04	8.118982e-04	9.255154e-03	4.756635e-03	4.498519e-03	1.290575e-04	-1.150304e-04	1.263722e-03	-1.306776e-03	6.103337e-04	-1.917110e-03
0.645544      	1.392870e-03	5.814618e-04	8.114084e-04	9.254662e-03	4.756363e-03	4.498299e-03	1.290320e-04	-1.149733e-04	1.263656e-03	-1.306656e-03	6.103282e-04	-1.916984e-03
0.645549      	1.391995e-03	5.810810e-04	8.109138e-04	9.254178e-03	4.756096e-03	4.498083e-03	1.290065e-04	-1.149164e-04	1.263591e-03	-1.306553e-03	6.103151e-04	-1.916868e-03
0.645554      	1.391148e-03	5.807148e-04	8.104332e-04	9.253676e-03	4.755820e-03	4.497856e-03	1.289822e-04	-1.148592e-04	1.263527e-03	-1.306451e-03	6.103020e-04	-1.916753e-03
0.645559      	1.390250e-03	5.803231e-04	8.099268e-04	9.253191e-03	4.755550e-03	4.497641e-03	1.289545e-04	-1.148019e-04	1.263459e-03	-1.306320e-03	6.102991e-04	-1.916619e-03
0.645564      	1.389406e-03	5.799583e-04	8.094472e-04	9.252679e-03	4.755271e-03	4.497408e-03	1.289316e-04	-1.147445e-04	1.263395e-03	-1.306247e-03	6.102717e-04	-1.916518e-03
0.645569      	1.388526e-03	5.795755e-04	8.089509e-04	9.252197e-03	4.755004e-03	4.497193e-03	1.289051e-04	-1.146877e-04	1.263330e-03	-1.306127e-03	6.102659e-04	-1.916393e-03
0.645574      	1.387669e-03	5.792026e-04	8.084662e-04	9.251713e-03	4.754737e-03	4.496977e-03	1.288799e-04	-1.146318e-04	1.263266e-03	-1.306027e-03	6.102525e-04	-1.916280e-03
0.645579      	1.386804e-03	5.788269e-04	8.079769e-04	9.251227e-03	4.754468e-03	4.496759e-03	1.288543e-04	-1.145750e-04	1.263202e-03	-1.305919e-03	6.102427e-04	-1.916161e-03
0.645584      	1.385925e-03	5.784442e-04	8.074808e-04	9.250746e-03	4.754201e-03	4.496546e-03	1.288273e-04	-1.145183e-04	1.263136e-03	-1.305791e-03	6.102402e-04	-1.916031e-03
0.645589      	1.385068e-03	5.780725e-04	8.069951e-04	9.250250e-03	4.753928e-03	4.496322e-03	1.288027e-04	-1.144613e-04	1.263071e-03	-1.305693e-03	6.102243e-04	-1.915918e-03
0.645594      	1.384200e-03	5.776955e-04	8.065047e-04	9.249765e-03	4.753660e-03	4.496105e-03	1.287771e-04	-1.144046e-04	1.263006e-03	-1.305583e-03	6.102145e-04	-1.915798e-03
0.645599      	1.383342e-03	5.773227e-04	8.060191e-04	9.249272e-03	4.753388e-03	4.495884e-03	1.287520e-04	-1.143482e-04	1.262942e-03	-1.305483e-03	6.102004e-04	-1.915683e-03
0.645604      	1.382478e-03	5.769471e-04	8.055306e-04	9.248790e-03	4.753122e-03	4.495669e-03	1.287266e-04	-1.142917e-04	1.262877e-03	-1.305370e-03	6.101923e-04	-1.915563e-03
0.645609      	1.381616e-03	5.765726e-04	8.050429e-04	9.248310e-03	4.752856e-03	4.495454e-03	1.287012e-04	-1.142352e-04	1.262813e-03	-1.305266e-03	6.101801e-04	-1.915446e-03
0.645614      	1.380754e-03	5.761984e-04	8.045558e-04	9.247820e-03	4.752586e-03	4.495234e-03	1.286760e-04	-1.141787e-04	1.262748e-03	-1.305157e-03	6.101700e-04	-1.915327e-03
0.645619      	1.379915e-03	5.758352e-04	8.040799e-04	9.247325e-03	4.752315e-03	4.495010e-03	1.286524e-04	-1.141223e-04	1.262685e-03	-1.305075e-03	6.101475e-04	-1.915223e-03
0.645624      	1.379016e-03	5.754427e-04	8.035729e-04	9.246859e-03	4.752054e-03	4.494805e-03	1.286245e-04	-1.140651e-04	1.262620e-03	-1.304918e-03	6.101611e-04	-1.915079e-03
0.645629      	1.378206e-03	5.750933e-04	8.031131e-04	9.246352e-03	4.751779e-03	4.494573e-03	1.286030e-04	-1.140099e-04	1.262556e-03	-1.304887e-03	6.101126e-04	-1.914999e-03
0.645634      	1.377316e-03	5.747045e-04	8.026111e-04	9.245888e-03	4.751518e-03	4.494370e-03	1.285740e-04	-1.139533e-04	1.262490e-03	-1.304712e-03	6.101343e-04	-1.914846e-03
0.645639      	1.376461e-03	5.743333e-04	8.021273e-04	9.245404e-03	4.751252e-03	4.494152e-03	1.285502e-04	-1.138970e-04	1.262429e-03	-1.304623e-03	6.101181e-04	-1.914741e-03
0.645644      	1.375636e-03	5.739765e-04	8.016590e-04	9.244911e-03	4.750983e-03	4.493928e-03	1.285276e-04	-1.138413e-04	1.262365e-03	-1.304573e-03	6.100788e-04	-1.914651e-03
0.645649      	1.374746e-03	5.735882e-04	8.011577e-04	9.244449e-03	4.750724e-03	4.493726e-03	1.284991e-04	-1.137847e-04	1.262302e-03	-1.304384e-03	6.101099e-04	-1.914494e-03
0.645654      	1.373909e-03	5.732256e-04	8.006831e-04	9.243952e-03	4.750451e-03	4.493501e-03	1.284754e-04	-1.137288e-04	1.262235e-03	-1.304332e-03	6.100689e-04	-1.914401e-03
0.645659      	1.373034e-03	5.728457e-04	8.001887e-04	9.243483e-03	4.750192e-03	4.493291e-03	1.284502e-04	-1.136715e-04	1.262175e-03	-1.304195e-03	6.100772e-04	-1.914272e-03
0.645664      	1.372198e-03	5.724828e-04	7.997151e-04	9.242992e-03	4.749922e-03	4.493070e-03	1.284259e-04	-1.136162e-04	1.262108e-03	-1.304131e-03	6.100420e-04	-1.914173e-03
0.645669      	1.371329e-03	5.721051e-04	7.992235e-04	9.242512e-03	4.749656e-03	4.492856e-03	1.283999e-04	-1.135592e-04	1.262045e-03	-1.303993e-03	6.100481e-04	-1.914041e-03
0.645674      	1.370486e-03	5.717390e-04	7.987471e-04	9.242045e-03	4.749397e-03	4.492647e-03	1.283750e-04	-1.135041e-04	1.261984e-03	-1.303890e-03	6.100394e-04	-1.913929e-03
0.645679      	1.369646e-03	5.713744e-04	7.982712e-04	9.241558e-03	4.749130e-03	4.492428e-03	1.283511e-04	-1.134484e-04	1.261918e-03	-1.303810e-03	6.100132e-04	-1.913824e-03
0.645684      	1.368782e-03	5.709991e-04	7.977832e-04	9.241073e-03	4.748861e-03	4.492212e-03	1.283247e-04	-1.133920e-04	1.261854e-03	-1.303674e-03	6.100167e-04	-1.913691e-03
0.645689      	1.367925e-03	5.706265e-04	7.972985e-04	9.240600e-03	4.748601e-03	4.492000e-03	1.283004e-04	-1.133360e-04	1.261793e-03	-1.303576e-03	6.100047e-04	-1.913581e-03
0.645694      	1.367093e-03	5.702653e-04	7.968272e-04	9.240123e-03	4.748337e-03	4.491786e-03	1.282753e-04	-1.132810e-04	1.261727e-03	-1.303486e-03	6.099843e-04	-1.913471e-03
0.645699      	1.366239e-03	5.698944e-04	7.963449e-04	9.239648e-03	4.748074e-03	4.491574e-03	1.282499e-04	-1.132252e-04	1.261666e-03	-1.303365e-03	6.099834e-04	-1.913348e-03
0.645704      	1.365388e-03	5.695245e-04	7.958638e-04	9.239185e-03	4.747818e-03	4.491367e-03	1.282255e-04	-1.131697e-04	1.261606e-03	-1.303266e-03	6.099730e-04	-1.913239e-03
0.645709      	1.364567e-03	5.691685e-04	7.953988e-04	9.238706e-03	4.747555e-03	4.491151e-03	1.282018e-04	-1.131152e-04	1.261541e-03	-1.303190e-03	6.099461e-04	-1.913136e-03
0.645714      	1.363708e-03	5.687953e-04	7.949125e-04	9.238221e-03	4.747287e-03	4.490934e-03	1.281762e-04	-1.130586e-04	1.261479e-03	-1.303045e-03	6.099561e-04	-1.913001e-03
0.645719      	1.362874e-03	5.684330e-04	7.944413e-04	9.237744e-03	4.747023e-03	4.490721e-03	1.281513e-04	-1.130042e-04	1.261414e-03	-1.302968e-03	6.099293e-04	-1.912898e-03
0.645724      	1.362017e-03	5.680604e-04	7.939562e-04	9.237277e-03	4.746765e-03	4.490512e-03	1.281262e-04	-1.129479e-04	1.261353e-03	-1.302836e-03	6.099350e-04	-1.912771e-03
0.645729      	1.361191e-03	5.677022e-04	7.934892e-04	9.236796e-03	4.746500e-03	4.490296e-03	1.281023e-04	-1.128935e-04	1.261289e-03	-1.302764e-03	6.099067e-04	-1.912671e-03
0.645734      	1.360338e-03	5.673317e-04	7.930059e-04	9.236325e-03	4.746239e-03	4.490086e-03	1.280768e-04	-1.128371e-04	1.261226e-03	-1.302633e-03	6.099099e-04	-1.912543e-03
0.645739      	1.359507e-03	5.669711e-04	7.925358e-04	9.235851e-03	4.745979e-03	4.489872e-03	1.280536e-04	-1.127823e-04	1.261164e-03	-1.302567e-03	6.098802e-04	-1.912447e-03
0.645744      	1.358666e-03	5.666060e-04	7.920600e-04	9.235381e-03	4.745719e-03	4.489662e-03	1.280283e-04	-1.127270e-04	1.261101e-03	-1.302450e-03	6.098763e-04	-1.912326e-03
0.645749      	1.357830e-03	5.662429e-04	7.915872e-04	9.234912e-03	4.745460e-03	4.489452e-03	1.280038e-04	-1.126721e-04	1.261039e-03	-1.302352e-03	6.098635e-04	-1.912215e-03
0.645754      	1.356983e-03	5.658756e-04	7.911076e-04	9.234434e-03	4.745196e-03	4.489238e-03	1.279789e-04	-1.126160e-04	1.260976e-03	-1.302243e-03	6.098545e-04	-1.912097e-03
0.645759      	1.356143e-03	5.655107e-04	7.906322e-04	9.233965e-03	4.744937e-03	4.489028e-03	1.279548e-04	-1.125608e-04	1.260914e-03	-1.302153e-03	6.098374e-04	-1.911990e-03
0.645764      	1.355307e-03	5.651478e-04	7.901590e-04	9.233491e-03	4.744676e-03	4.488816e-03	1.279299e-04	-1.125056e-04	1.260851e-03	-1.302043e-03	6.098296e-04	-1.911873e-03
0.645769      	1.354465e-03	5.647827e-04	7.896827e-04	9.233023e-03	4.744417e-03	4.488606e-03	1.279057e-04	-1.124500e-04	1.260789e-03	-1.301947e-03	6.098160e-04	-1.911763e-03
0.645774      	1.353629e-03	5.644191e-04	7.892094e-04	9.232551e-03	4.744156e-03	4.488394e-03	1.278809e-04	-1.123952e-04	1.260728e-03	-1.301843e-03	6.098066e-04	-1.911649e-03
0.645779      	1.352785e-03	5.640528e-04	7.887323e-04	9.232085e-03	4.743899e-03	4.488186e-03	1.278566e-04	-1.123398e-04	1.260666e-03	-1.301740e-03	6.097960e-04	-1.911536e-03
0.645784      	1.351949e-03	5.636899e-04	7.882594e-04	9.231622e-03	4.743643e-03	4.487979e-03	1.278320e-04	-1.122848e-04	1.260604e-03	-1.301635e-03	6.097866e-04	-1.911422e-03
0.645789      	1.351100e-03	5.633207e-04	7.877792e-04	9.231163e-03	4.743388e-03	4.487775e-03	1.278065e-04	-1.122293e-04	1.260544e-03	-1.301511e-03	6.097889e-04	-1.911300e-03
0.645794      	1.350290e-03	5.629696e-04	7.873200e-04	9.230690e-03	4.743128e-03	4.487562e-03	1.277831e-04	-1.121752e-04	1.260481e-03	-1.301431e-03	6.097653e-04	-1.911197e-03
0.645799      	1.349442e-03	5.626011e-04	7.868405e-04	9.230221e-03	4.742868e-03	4.487352e-03	1.277581e-04	-1.121197e-04	1.260419e-03	-1.301321e-03	6.097588e-04	-1.911080e-03
0.645804      	1.348591e-03	5.622316e-04	7.863597e-04	9.229756e-03	4.742612e-03	4.487144e-03	1.277336e-04	-1.120640e-04	1.260360e-03	-1.301215e-03	6.097519e-04	-1.910967e-03
0.645809      	1.347780e-03	5.618800e-04	7.859003e-04	9.229280e-03	4.742349e-03	4.486930e-03	1.277095e-04	-1.120102e-04	1.260295e-03	-1.301126e-03	6.097326e-04	-1.910858e-03
0.645814      	1.346942e-03	5.615163e-04	7.854261e-04	9.228819e-03	4.742094e-03	4.486724e-03	1.276851e-04	-1.119549e-04	1.260235e-03	-1.301015e-03	6.097278e-04	-1.910742e-03
0.645819      	1.346113e-03	5.611558e-04	7.849572e-04	9.228342e-03	4.741832e-03	4.486510e-03	1.276608e-04	-1.119007e-04	1.260173e-03	-1.300916e-03	6.097145e-04	-1.910631e-03
0.645824      	1.345282e-03	5.607952e-04	7.844867e-04	9.227880e-03	4.741576e-03	4.486303e-03	1.276365e-04	-1.118457e-04	1.260112e-03	-1.300814e-03	6.097051e-04	-1.910519e-03
0.645829      	1.344454e-03	5.604360e-04	7.840182e-04	9.227416e-03	4.741320e-03	4.486095e-03	1.276124e-04	-1.117911e-04	1.260050e-03	-1.300710e-03	6.096953e-04	-1.910405e-03
0.645834      	1.343619e-03	5.600736e-04	7.835456e-04	9.226950e-03	4.741063e-03	4.485887e-03	1.275883e-04	-1.117360e-04	1.259989e-03	-1.300613e-03	6.096820e-04	-1.910295e-03
0.645839      	1.342790e-03	5.597136e-04	7.830765e-04	9.226480e-03	4.740804e-03	4.485676e-03	1.275637e-04	-1.116815e-04	1.259926e-03	-1.300504e-03	6.096743e-04	-1.910178e-03
0.645844      	1.341950e-03	5.593491e-04	7.826012e-04	9.226022e-03	4.740550e-03	4.485472e-03	1.275391e-04	-1.116261e-04	1.259866e-03	-1.300402e-03	6.096646e-04	-1.910067e-03
0.645849      	1.341130e-03	5.589923e-04	7.821376e-04	9.225560e-03	4.740295e-03	4.485265e-03	1.275152e-04	-1.115727e-04	1.259807e-03	-1.300304e-03	6.096544e-04	-1.909959e-03
0.645854      	1.340307e-03	5.586353e-04	7.816715e-04	9.225102e-03	4.740042e-03	4.485060e-03	1.274913e-04	-1.115181e-04	1.259745e-03	-1.300209e-03	6.096402e-04	-1.909850e-03
0.645859      	1.339486e-03	5.582787e-04	7.812069e-04	9.224654e-03	4.739794e-03	4.484860e-03	1.274673e-04	-1.114641e-04	1.259685e-03	-1.300112e-03	6.096291e-04	-1.909742e-03
0.645864      	1.338651e-03	5.579158e-04	7.807355e-04	9.224182e-03	4.739534e-03	4.484648e-03	1.274429e-04	-1.114099e-04	1.259626e-03	-1.300009e-03	6.096213e-04	-1.909630e-03
0.645869      	1.337843e-03	5.575653e-04	7.802776e-04	9.223727e-03	4.739283e-03	4.484445e-03	1.274190e-04	-1.113562e-04	1.259564e-03	-1.299908e-03	6.096105e-04	-1.909518e-03
0.645874      	1.337016e-03	5.572067e-04	7.798093e-04	9.223269e-03	4.739029e-03	4.484240e-03	1.273944e-04	-1.113013e-04	1.259505e-03	-1.299804e-03	6.096034e-04	-1.909407e-03
0.645879      	1.336205e-03	5.568550e-04	7.793500e-04	9.222807e-03	4.738775e-03	4.484033e-03	1.273709e-04	-1.112475e-04	1.259443e-03	-1.299703e-03	6.095910e-04	-1.909294e-03
0.645884      	1.335381e-03	5.564972e-04	7.788835e-04	9.222353e-03	4.738523e-03	4.483830e-03	1.273467e-04	-1.111932e-04	1.259384e-03	-1.299606e-03	6.095806e-04	-1.909187e-03
0.645889      	1.334571e-03	5.561466e-04	7.784247e-04	9.221884e-03	4.738265e-03	4.483619e-03	1.273230e-04	-1.111391e-04	1.259322e-03	-1.299503e-03	6.095704e-04	-1.909073e-03
0.645894      	1.333741e-03	5.557853e-04	7.779554e-04	9.221429e-03	4.738012e-03	4.483416e-03	1.272981e-04	-1.110850e-04	1.259261e-03	-1.299386e-03	6.095678e-04	-1.908954e-03
0.645899      	1.332915e-03	5.554269e-04	7.774884e-04	9.220970e-03	4.737759e-03	4.483211e-03	1.272744e-04	-1.110307e-04	1.259202e-03	-1.299287e-03	6.095581e-04	-1.908845e-03
0.645904      	1.332105e-03	5.550753e-04	7.770295e-04	9.220511e-03	4.737506e-03	4.483005e-03	1.272506e-04	-1.109771e-04	1.259141e-03	-1.299200e-03	6.095410e-04	-1.908741e-03
0.645909      	1.331275e-03	5.547156e-04	7.765598e-04	9.220055e-03	4.737254e-03	4.482801e-03	1.272265e-04	-1.109221e-04	1.259080e-03	-1.299088e-03	6.095363e-04	-1.908624e-03
0.645914      	1.330477e-03	5.543691e-04	7.761079e-04	9.219603e-03	4.737005e-03	4.482599e-03	1.272028e-04	-1.108694e-04	1.259022e-03	-1.298994e-03	6.095246e-04	-1.908519e-03
0.645919      	1.329658e-03	5.540132e-04	7.756446e-04	9.219143e-03	4.736750e-03	4.482392e-03	1.271789e-04	-1.108157e-04	1.258961e-03	-1.298897e-03	6.095130e-04	-1.908410e-03
0.645924      	1.328850e-03	5.536629e-04	7.751876e-04	9.218690e-03	4.736500e-03	4.482190e-03	1.271551e-04	-1.107623e-04	1.258902e-03	-1.298797e-03	6.095042e-04	-1.908301e-03
0.645929      	1.328035e-03	5.533091e-04	7.747262e-04	9.218233e-03	4.736248e-03	4.481985e-03	1.271313e-04	-1.107086e-04	1.258843e-03	-1.298698e-03	6.094933e-04	-1.908192e-03
0.645934      	1.327215e-03	5.529535e-04	7.742619e-04	9.217777e-03	4.735996e-03	4.481781e-03	1.271076e-04	-1.106542e-04	1.258783e-03	-1.298596e-03	6.094846e-04	-1.908081e-03
0.645939      	1.326405e-03	5.526016e-04	7.738031e-04	9.217327e-03	4.735747e-03	4.481580e-03	1.270837e-04	-1.106007e-04	1.258724e-03	-1.298498e-03	6.094749e-04	-1.907972e-03
0.645944      	1.325578e-03	5.522428e-04	7.733348e-04	9.216874e-03	4.735497e-03	4.481377e-03	1.270601e-04	-1.105460e-04	1.258664e-03	-1.298395e-03	6.094667e-04	-1.907862e-03
0.645949      	1.324765e-03	5.518897e-04	7.728755e-04	9.216424e-03	4.735248e-03	4.481176e-03	1.270360e-04	-1.104929e-04	1.258605e-03	-1.298297e-03	6.094563e-04	-1.907754e-03
0.645954      	1.323965e-03	5.515435e-04	7.724217e-04	9.215967e-03	4.734996e-03	4.480971e-03	1.270126e-04	-1.104391e-04	1.258545e-03	-1.298191e-03	6.094494e-04	-1.907640e-03
0.645959      	1.323155e-03	5.511917e-04	7.719629e-04	9.215506e-03	4.734742e-03	4.480764e-03	1.269887e-04	-1.103856e-04	1.258484e-03	-1.298098e-03	6.094351e-04	-1.907533e-03
0.645964      	1.322350e-03	5.508427e-04	7.715077e-04	9.215054e-03	4.734492e-03	4.480562e-03	1.269652e-04	-1.103325e-04	1.258426e-03	-1.297999e-03	6.094266e-04	-1.907425e-03
0.645969      	1.321537e-03	5.504898e-04	7.710473e-04	9.214612e-03	4.734248e-03	4.480365e-03	1.269414e-04	-1.102788e-04	1.258367e-03	-1.297895e-03	6.094198e-04	-1.907315e-03
0.645974      	1.320735e-03	5.501426e-04	7.705925e-04	9.214163e-03	4.734000e-03	4.480163e-03	1.269181e-04	-1.102250e-04	1.258308e-03	-1.297793e-03	6.094116e-04	-1.907205e-03
0.645979      	1.319920e-03	5.497887e-04	7.701310e-04	9.213710e-03	4.733749e-03	4.479960e-03	1.268945e-04	-1.101711e-04	1.258248e-03	-1.297695e-03	6.094006e-04	-1.907096e-03
0.645984      	1.319110e-03	5.494375e-04	7.696730e-04	9.213254e-03	4.733498e-03	4.479756e-03	1.268711e-04	-1.101177e-04	1.258189e-03	-1.297599e-03	6.093899e-04	-1.906989e-03
0.645989      	1.318309e-03	5.490898e-04	7.692194e-04	9.212806e-03	4.733251e-03	4.479556e-03	1.268477e-04	-1.100648e-04	1.258130e-03	-1.297505e-03	6.093780e-04	-1.906883e-03
0.645994      	1.317504e-03	5.487402e-04	7.687636e-04	9.212355e-03	4.733002e-03	4.479354e-03	1.268242e-04	-1.100117e-04	1.258072e-03	-1.297409e-03	6.093676e-04	-1.906776e-03
0.645999      	1.316698e-03	5.483906e-04	7.683072e-04	9.211907e-03	4.732754e-03	4.479153e-03	1.268005e-04	-1.099583e-04	1.258013e-03	-1.297308e-03	6.093593e-04	-1.906667e-03
0.646004      	1.315891e-03	5.480407e-04	7.678500e-04	9.211453e-03	4.732504e-03	4.478950e-03	1.267770e-04	-1.099046e-04	1.257954e-03	-1.297206e-03	6.093507e-04	-1.906557e-03
0.646009      	1.315087e-03	5.476921e-04	7.673952e-04	9.211000e-03	4.732253e-03	4.478746e-03	1.267534e-04	-1.098515e-04	1.257896e-03	-1.297112e-03	6.093396e-04	-1.906451e-03
0.646014      	1.314288e-03	5.473453e-04	7.669430e-04	9.210560e-03	4.732010e-03	4.478550e-03	1.267300e-04	-1.097988e-04	1.257837e-03	-1.297011e-03	6.093311e-04	-1.906342e-03
0.646019      	1.313489e-03	5.469982e-04	7.664903e-04	9.210117e-03	4.731765e-03	4.478352e-03	1.267066e-04	-1.097460e-04	1.257780e-03	-1.296910e-03	6.093246e-04	-1.906235e-03
0.646024      	1.312678e-03	5.466470e-04	7.660312e-04	9.209667e-03	4.731517e-03	4.478150e-03	1.266833e-04	-1.096921e-04	1.257720e-03	-1.296812e-03	6.093139e-04	-1.906126e-03
0.646029      	1.311871e-03	5.462969e-04	7.655739e-04	9.209215e-03	4.731267e-03	4.477948e-03	1.266599e-04	-1.096385e-04	1.257660e-03	-1.296718e-03	6.093015e-04	-1.906019e-03
0.646034      	1.311079e-03	5.459533e-04	7.651253e-04	9.208781e-03	4.731027e-03	4.477754e-03	1.266367e-04	-1.095860e-04	1.257603e-03	-1.296613e-03	6.092964e-04	-1.905909e-03
0.646039      	1.310276e-03	5.456051e-04	7.646708e-04	9.208331e-03	4.730779e-03	4.477552e-03	1.266134e-04	-1.095328e-04	1.257544e-03	-1.296519e-03	6.092847e-04	-1.905804e-03
0.646044      	1.309468e-03	5.452547e-04	7.642132e-04	9.207880e-03	4.730530e-03	4.477350e-03	1.265901e-04	-1.094793e-04	1.257486e-03	-1.296417e-03	6.092772e-04	-1.905694e-03
0.646049      	1.308666e-03	5.449070e-04	7.637588e-04	9.207435e-03	4.730284e-03	4.477151e-03	1.265667e-04	-1.094259e-04	1.257427e-03	-1.296320e-03	6.092675e-04	-1.905587e-03
0.646054      	1.307875e-03	5.445638e-04	7.633109e-04	9.206989e-03	4.730038e-03	4.476951e-03	1.265434e-04	-1.093735e-04	1.257369e-03	-1.296219e-03	6.092593e-04	-1.905479e-03
0.646059      	1.307090e-03	5.442234e-04	7.628663e-04	9.206560e-03	4.729800e-03	4.476760e-03	1.265203e-04	-1.093214e-04	1.257312e-03	-1.296121e-03	6.092512e-04	-1.905372e-03
0.646064      	1.306300e-03	5.438811e-04	7.624194e-04	9.206121e-03	4.729557e-03	4.476564e-03	1.264966e-04	-1.092692e-04	1.257255e-03	-1.296018e-03	6.092461e-04	-1.905264e-03
0.646069      	1.305500e-03	5.435339e-04	7.619659e-04	9.205679e-03	4.729313e-03	4.476366e-03	1.264737e-04	-1.092160e-04	1.257197e-03	-1.295931e-03	6.092317e-04	-1.905162e-03
0.646074      	1.304704e-03	5.431888e-04	7.615157e-04	9.205237e-03	4.729069e-03	4.476168e-03	1.264506e-04	-1.091634e-04	1.257140e-03	-1.295835e-03	6.092225e-04	-1.905057e-03
0.646079      	1.303915e-03	5.428464e-04	7.610686e-04	9.204796e-03	4.728825e-03	4.475971e-03	1.264271e-04	-1.091111e-04	1.257082e-03	-1.295733e-03	6.092161e-04	-1.904949e-03
0.646084      	1.303138e-03	5.425098e-04	7.606287e-04	9.204364e-03	4.728586e-03	4.475779e-03	1.264036e-04	-1.090595e-04	1.257026e-03	-1.295627e-03	6.092125e-04	-1.904840e-03
0.646089      	1.302329e-03	5.421576e-04	7.601710e-04	9.203895e-03	4.728329e-03	4.475566e-03	1.263817e-04	-1.090067e-04	1.256966e-03	-1.295562e-03	6.091844e-04	-1.904747e-03
0.646094      	1.301538e-03	5.418150e-04	7.597230e-04	9.203459e-03	4.728087e-03	4.475372e-03	1.263576e-04	-1.089540e-04	1.256907e-03	-1.295434e-03	6.091902e-04	-1.904625e-03
0.646099      	1.300750e-03	5.414746e-04	7.592753e-04	9.203014e-03	4.727842e-03	4.475172e-03	1.263354e-04	-1.089004e-04	1.256847e-03	-1.295345e-03	6.091750e-04	-1.904520e-03
0.646104      	1.299922e-03	5.411155e-04	7.588065e-04	9.202556e-03	4.727591e-03	4.474965e-03	1.263127e-04	-1.088455e-04	1.256788e-03	-1.295258e-03	6.091592e-04	-1.904417e-03
0.646109      	1.299123e-03	5.407684e-04	7.583544e-04	9.202108e-03	4.727342e-03	4.474766e-03	1.262882e-04	-1.087930e-04	1.256728e-03	-1.295132e-03	6.091620e-04	-1.904294e-03
0.646114      	1.298357e-03	5.404370e-04	7.579203e-04	9.201691e-03	4.727111e-03	4.474580e-03	1.262654e-04	-1.087416e-04	1.256673e-03	-1.295035e-03	6.091557e-04	-1.904190e-03
0.646119      	1.297565e-03	5.400932e-04	7.574719e-04	9.201242e-03	4.726864e-03	4.474378e-03	1.262432e-04	-1.086894e-04	1.256615e-03	-1.294957e-03	6.091363e-04	-1.904093e-03
0.646124      	1.296759e-03	5.397440e-04	7.570154e-04	9.200788e-03	4.726614e-03	4.474174e-03	1.262197e-04	-1.086357e-04	1.256554e-03	-1.294852e-03	6.091275e-04	-1.903980e-03
0.646129      	1.295995e-03	5.394131e-04	7.565822e-04	9.200377e-03	4.726385e-03	4.473993e-03	1.261961e-04	-1.085846e-04	1.256500e-03	-1.294734e-03	6.091328e-04	-1.903867e-03
0.646134      	1.295199e-03	5.390669e-04	7.561319e-04	9.199926e-03	4.726137e-03	4.473789e-03	1.261739e-04	-1.085325e-04	1.256441e-03	-1.294655e-03	6.091135e-04	-1.903769e-03
0.646139      	1.294423e-03	5.387308e-04	7.556919e-04	9.199506e-03	4.725905e-03	4.473601e-03	1.261517e-04	-1.084805e-04	1.256387e-03	-1.294567e-03	6.091034e-04	-1.903671e-03
0.646144      	1.293624e-03	5.383839e-04	7.552399e-04	9.199051e-03	4.725653e-03	4.473398e-03	1.261274e-04	-1.084280e-04	1.256327e-03	-1.294448e-03	6.091032e-04	-1.903552e-03
0.646149      	1.292852e-03	5.380496e-04	7.548021e-04	9.198626e-03	4.725419e-03	4.473207e-03	1.261063e-04	-1.083763e-04	1.256273e-03	-1.294386e-03	6.090800e-04	-1.903466e-03
0.646154      	1.292060e-03	5.377057e-04	7.543541e-04	9.198170e-03	4.725168e-03	4.473003e-03	1.260824e-04	-1.083242e-04	1.256213e-03	-1.294271e-03	6.090774e-04	-1.903348e-03
0.646159      	1.291295e-03	5.373749e-04	7.539200e-04	9.197759e-03	4.724938e-03	4.472821e-03	1.260587e-04	-1.082725e-04	1.256158e-03	-1.294151e-03	6.090829e-04	-1.903234e-03
0.646164      	1.290510e-03	5.370342e-04	7.534759e-04	9.197315e-03	4.724695e-03	4.472621e-03	1.260370e-04	-1.082208e-04	1.256101e-03	-1.294079e-03	6.090614e-04	-1.903140e-03
0.646169      	1.289729e-03	5.366957e-04	7.530331e-04	9.196880e-03	4.724455e-03	4.472425e-03	1.260147e-04	-1.081687e-04	1.256045e-03	-1.293993e-03	6.090486e-04	-1.903041e-03
0.646174      	1.288932e-03	5.363492e-04	7.525825e-04	9.196459e-03	4.724221e-03	4.472238e-03	1.259912e-04	-1.081166e-04	1.255990e-03	-1.293888e-03	6.090456e-04	-1.902934e-03
0.646179      	1.288159e-03	5.360141e-04	7.521452e-04	9.196017e-03	4.723977e-03	4.472040e-03	1.259689e-04	-1.080656e-04	1.255933e-03	-1.293807e-03	6.090295e-04	-1.902837e-03
0.646184      	1.287401e-03	5.356856e-04	7.517152e-04	9.195575e-03	4.723733e-03	4.471843e-03	1.259448e-04	-1.080148e-04	1.255873e-03	-1.293676e-03	6.090356e-04	-1.902711e-03
0.646189      	1.286631e-03	5.353522e-04	7.512788e-04	9.195151e-03	4.723500e-03	4.471651e-03	1.259243e-04	-1.079633e-04	1.255820e-03	-1.293622e-03	6.090090e-04	-1.902631e-03
0.646194      	1.285852e-03	5.350143e-04	7.508373e-04	9.194712e-03	4.723255e-03	4.471457e-03	1.258992e-04	-1.079115e-04	1.255760e-03	-1.293480e-03	6.090202e-04	-1.902500e-03
0.646199      	1.285088e-03	5.346830e-04	7.504046e-04	9.194290e-03	4.723024e-03	4.471266e-03	1.258789e-04	-1.078608e-04	1.255708e-03	-1.293431e-03	6.089923e-04	-1.902423e-03
0.646204      	1.284312e-03	5.343464e-04	7.499653e-04	9.193842e-03	4.722775e-03	4.471067e-03	1.258543e-04	-1.078095e-04	1.255648e-03	-1.293293e-03	6.090015e-04	-1.902294e-03
0.646209      	1.283548e-03	5.340154e-04	7.495322e-04	9.193423e-03	4.722546e-03	4.470877e-03	1.258343e-04	-1.077584e-04	1.255596e-03	-1.293248e-03	6.089717e-04	-1.902220e-03
0.646214      	1.282779e-03	5.336818e-04	7.490970e-04	9.192992e-03	4.722306e-03	4.470686e-03	1.258098e-04	-1.077076e-04	1.255538e-03	-1.293112e-03	6.089822e-04	-1.902095e-03
0.646219      	1.281988e-03	5.333396e-04	7.486484e-04	9.192554e-03	4.722066e-03	4.470488e-03	1.257887e-04	-1.076544e-04	1.255481e-03	-1.293048e-03	6.089573e-04	-1.902005e-03
0.646224      	1.281231e-03	5.330112e-04	7.482197e-04	9.192130e-03	4.721830e-03	4.470299e-03	1.257655e-04	-1.076043e-04	1.255426e-03	-1.292937e-03	6.089576e-04	-1.901895e-03
0.646229      	1.280443e-03	5.326704e-04	7.477726e-04	9.191689e-03	4.721588e-03	4.470101e-03	1.257433e-04	-1.075511e-04	1.255367e-03	-1.292847e-03	6.089438e-04	-1.901790e-03
0.646234      	1.279663e-03	5.323324e-04	7.473303e-04	9.191256e-03	4.721349e-03	4.469907e-03	1.257208e-04	-1.074990e-04	1.255309e-03	-1.292744e-03	6.089372e-04	-1.901682e-03
0.646239      	1.278861e-03	5.319859e-04	7.468753e-04	9.190806e-03	4.721102e-03	4.469704e-03	1.256987e-04	-1.074447e-04	1.255249e-03	-1.292649e-03	6.089246e-04	-1.901574e-03
0.646244      	1.278107e-03	5.316585e-04	7.464481e-04	9.190385e-03	4.720869e-03	4.469516e-03	1.256762e-04	-1.073948e-04	1.255195e-03	-1.292554e-03	6.089181e-04	-1.901472e-03
0.646249      	1.277344e-03	5.313283e-04	7.460162e-04	9.189957e-03	4.720632e-03	4.469324e-03	1.256540e-04	-1.073439e-04	1.255139e-03	-1.292462e-03	6.089083e-04	-1.901371e-03
0.646254      	1.276582e-03	5.309975e-04	7.455844e-04	9.189535e-03	4.720398e-03	4.469137e-03	1.256309e-04	-1.072934e-04	1.255085e-03	-1.292364e-03	6.089028e-04	-1.901267e-03
0.646259      	1.275822e-03	5.306683e-04	7.451539e-04	9.189111e-03	4.720164e-03	4.468947e-03	1.256085e-04	-1.072428e-04	1.255030e-03	-1.292268e-03	6.088955e-04	-1.901164e-03
0.646264      	1.275054e-03	5.303357e-04	7.447187e-04	9.188675e-03	4.719924e-03	4.468751e-03	1.255864e-04	-1.071915e-04	1.254973e-03	-1.292177e-03	6.088843e-04	-1.901062e-03
0.646269      	1.274293e-03	5.300059e-04	7.442874e-04	9.188248e-03	4.719688e-03	4.468560e-03	1.255641e-04	-1.071407e-04	1.254917e-03	-1.292080e-03	6.088773e-04	-1.900957e-03
0.646274      	1.273530e-03	5.296748e-04	7.438550e-04	9.187828e-03	4.719456e-03	4.468373e-03	1.255414e-04	-1.070901e-04	1.254862e-03	-1.291987e-03	6.088690e-04	-1.900856e-03
0.646279      	1.272762e-03	5.293420e-04	7.434202e-04	9.187396e-03	4.719217e-03	4.468179e-03	1.255191e-04	-1.070391e-04	1.254806e-03	-1.291891e-03	6.088603e-04	-1.900752e-03
0.646284      	1.271998e-03	5.290114e-04	7.429871e-04	9.186973e-03	4.718984e-03	4.467989e-03	1.254974e-04	-1.069879e-04	1.254750e-03	-1.291804e-03	6.088485e-04	-1.900652e-03
0.646289      	1.271245e-03	5.286854e-04	7.425592e-04	9.186547e-03	4.718749e-03	4.467798e-03	1.254753e-04	-1.069369e-04	1.254694e-03	-1.291707e-03	6.088409e-04	-1.900547e-03
0.646294      	1.270476e-03	5.283523e-04	7.421236e-04	9.186117e-03	4.718512e-03	4.467605e-03	1.254531e-04	-1.068857e-04	1.254638e-03	-1.291611e-03	6.088321e-04	-1.900444e-03
0.646299      	1.269711e-03	5.280207e-04	7.416903e-04	9.185694e-03	4.718278e-03	4.467416e-03	1.254308e-04	-1.068348e-04	1.254582e-03	-1.291517e-03	6.088240e-04	-1.900341e-03
0.646304      	1.268955e-03	5.276934e-04	7.412619e-04	9.185262e-03	4.718040e-03	4.467222e-03	1.254087e-04	-1.067843e-04	1.254527e-03	-1.291421e-03	6.088164e-04	-1.900238e-03
0.646309      	1.268204e-03	5.273680e-04	7.408358e-04	9.184839e-03	4.717806e-03	4.467033e-03	1.253864e-04	-1.067339e-04	1.254472e-03	-1.291329e-03	6.088069e-04	-1.900136e-03
0.646314      	1.267438e-03	5.270358e-04	7.404020e-04	9.184422e-03	4.717576e-03	4.466846e-03	1.253649e-04	-1.066831e-04	1.254418e-03	-1.291249e-03	6.087938e-04	-1.900043e-03
0.646319      	1.266684e-03	5.267090e-04	7.399747e-04	9.183992e-03	4.717338e-03	4.466654e-03	1.253423e-04	-1.066328e-04	1.254361e-03	-1.291143e-03	6.087895e-04	-1.899932e-03
0.646324      	1.265917e-03	5.263773e-04	7.395398e-04	9.183571e-03	4.717107e-03	4.466465e-03	1.253208e-04	-1.065813e-04	1.254307e-03	-1.291058e-03	6.087782e-04	-1.899836e-03
0.646329      	1.265165e-03	5.260516e-04	7.391132e-04	9.183147e-03	4.716872e-03	4.466275e-03	1.252983e-04	-1.065308e-04	1.254251e-03	-1.290952e-03	6.087746e-04	-1.899727e-03
0.646334      	1.264400e-03	5.257204e-04	7.386796e-04	9.182720e-03	4.716636e-03	4.466083e-03	1.252764e-04	-1.064796e-04	1.254195e-03	-1.290865e-03	6.087622e-04	-1.899627e-03
0.646339      	1.263646e-03	5.253944e-04	7.382518e-04	9.182284e-03	4.716396e-03	4.465888e-03	1.252544e-04	-1.064287e-04	1.254138e-03	-1.290762e-03	6.087574e-04	-1.899519e-03
0.646344      	1.262889e-03	5.250666e-04	7.378228e-04	9.181864e-03	4.716165e-03	4.465700e-03	1.252326e-04	-1.063781e-04	1.254083e-03	-1.290674e-03	6.087461e-04	-1.899421e-03
0.646349      	1.262146e-03	5.247442e-04	7.374016e-04	9.181442e-03	4.715931e-03	4.465511e-03	1.252101e-04	-1.063287e-04	1.254027e-03	-1.290570e-03	6.087420e-04	-1.899312e-03
0.646354      	1.261365e-03	5.244060e-04	7.369586e-04	9.180995e-03	4.715686e-03	4.465309e-03	1.251886e-04	-1.062763e-04	1.253968e-03	-1.290489e-03	6.087233e-04	-1.899212e-03
0.646359      	1.260613e-03	5.240802e-04	7.365326e-04	9.180578e-03	4.715455e-03	4.465123e-03	1.251661e-04	-1.062262e-04	1.253915e-03	-1.290393e-03	6.087186e-04	-1.899111e-03
0.646364      	1.259919e-03	5.237790e-04	7.361397e-04	9.180186e-03	4.715236e-03	4.464949e-03	1.251436e-04	-1.061803e-04	1.253866e-03	-1.290286e-03	6.087236e-04	-1.899009e-03
0.646369      	1.259153e-03	5.234487e-04	7.357046e-04	9.179758e-03	4.715001e-03	4.464757e-03	1.251221e-04	-1.061279e-04	1.253808e-03	-1.290185e-03	6.087156e-04	-1.898900e-03
0.646374      	1.258416e-03	5.231294e-04	7.352865e-04	9.179329e-03	4.714766e-03	4.464563e-03	1.251015e-04	-1.060785e-04	1.253752e-03	-1.290100e-03	6.087018e-04	-1.898801e-03
0.646379      	1.257681e-03	5.228115e-04	7.348695e-04	9.178889e-03	4.714524e-03	4.464365e-03	1.250796e-04	-1.060290e-04	1.253695e-03	-1.290029e-03	6.086804e-04	-1.898709e-03
0.646384      	1.256909e-03	5.224776e-04	7.344318e-04	9.178476e-03	4.714296e-03	4.464181e-03	1.250576e-04	-1.059771e-04	1.253640e-03	-1.289926e-03	6.086771e-04	-1.898603e-03
0.646389      	1.256185e-03	5.221636e-04	7.340217e-04	9.178063e-03	4.714067e-03	4.463996e-03	1.250355e-04	-1.059290e-04	1.253587e-03	-1.289832e-03	6.086710e-04	-1.898503e-03
0.646394      	1.255428e-03	5.218366e-04	7.335916e-04	9.177628e-03	4.713829e-03	4.463799e-03	1.250149e-04	-1.058775e-04	1.253528e-03	-1.289736e-03	6.086604e-04	-1.898396e-03
0.646399      	1.254664e-03	5.215062e-04	7.331578e-04	9.177204e-03	4.713595e-03	4.463609e-03	1.249930e-04	-1.058258e-04	1.253472e-03	-1.289634e-03	6.086545e-04	-1.898289e-03
0.646404      	1.253910e-03	5.211797e-04	7.327305e-04	9.176789e-03	4.713366e-03	4.463423e-03	1.249714e-04	-1.057754e-04	1.253417e-03	-1.289542e-03	6.086459e-04	-1.898188e-03
0.646409      	1.253156e-03	5.208527e-04	7.323028e-04	9.176376e-03	4.713137e-03	4.463239e-03	1.249493e-04	-1.057250e-04	1.253362e-03	-1.289440e-03	6.086422e-04	-1.898083e-03
0.646414      	1.252412e-03	5.205305e-04	7.318817e-04	9.175971e-03	4.712913e-03	4.463058e-03	1.249273e-04	-1.056756e-04	1.253310e-03	-1.289346e-03	6.086365e-04	-1.897983e-03
0.646419      	1.251656e-03	5.202031e-04	7.314528e-04	9.175541e-03	4.712676e-03	4.462865e-03	1.249058e-04	-1.056249e-04	1.253253e-03	-1.289255e-03	6.086253e-04	-1.897881e-03
0.646424      	1.250909e-03	5.198798e-04	7.310295e-04	9.175129e-03	4.712448e-03	4.462681e-03	1.248837e-04	-1.055748e-04	1.253199e-03	-1.289158e-03	6.086200e-04	-1.897778e-03
0.646429      	1.250156e-03	5.195535e-04	7.306022e-04	9.174711e-03	4.712217e-03	4.462494e-03	1.248616e-04	-1.055243e-04	1.253144e-03	-1.289060e-03	6.086141e-04	-1.897674e-03
0.646434      	1.249432e-03	5.192396e-04	7.301923e-04	9.174302e-03	4.711991e-03	4.462312e-03	1.248395e-04	-1.054763e-04	1.253093e-03	-1.288968e-03	6.086087e-04	-1.897577e-03
0.646439      	1.248689e-03	5.189182e-04	7.297704e-04	9.173873e-03	4.711755e-03	4.462118e-03	1.248183e-04	-1.054261e-04	1.253036e-03	-1.288882e-03	6.085955e-04	-1.897477e-03
0.646444      	1.247925e-03	5.185874e-04	7.293373e-04	9.173457e-03	4.711525e-03	4.461931e-03	1.247969e-04	-1.053750e-04	1.252980e-03	-1.288793e-03	6.085835e-04	-1.897376e-03
0.646449      	1.247156e-03	5.182553e-04	7.289010e-04	9.173022e-03	4.711287e-03	4.461735e-03	1.247761e-04	-1.053228e-04	1.252921e-03	-1.288719e-03	6.085616e-04	-1.897281e-03
0.646454      	1.246410e-03	5.179329e-04	7.284768e-04	9.172597e-03	4.711054e-03	4.461544e-03	1.247549e-04	-1.052719e-04	1.252863e-03	-1.288626e-03	6.085499e-04	-1.897176e-03
0.646459      	1.245688e-03	5.176197e-04	7.280680e-04	9.172189e-03	4.710828e-03	4.461361e-03	1.247334e-04	-1.052242e-04	1.252811e-03	-1.288545e-03	6.085389e-04	-1.897084e-03
0.646464      	1.244916e-03	5.172860e-04	7.276303e-04	9.171771e-03	4.710597e-03	4.461174e-03	1.247116e-04	-1.051722e-04	1.252755e-03	-1.288443e-03	6.085332e-04	-1.896977e-03
0.646469      	1.244172e-03	5.169634e-04	7.272081e-04	9.171355e-03	4.710368e-03	4.460987e-03	1.246903e-04	-1.051223e-04	1.252700e-03	-1.288358e-03	6.085209e-04	-1.896878e-03
0.646474      	1.243444e-03	5.166482e-04	7.267961e-04	9.170955e-03	4.710146e-03	4.460809e-03	1.246687e-04	-1.050740e-04	1.252648e-03	-1.288274e-03	6.085113e-04	-1.896785e-03
0.646479      	1.242717e-03	5.163329e-04	7.263837e-04	9.170539e-03	4.709917e-03	4.460622e-03	1.246476e-04	-1.050254e-04	1.252595e-03	-1.288182e-03	6.085045e-04	-1.896686e-03
0.646484      	1.241983e-03	5.160153e-04	7.259680e-04	9.170129e-03	4.709691e-03	4.460438e-03	1.246261e-04	-1.049763e-04	1.252542e-03	-1.288091e-03	6.084964e-04	-1.896588e-03
0.646489      	1.241244e-03	5.156956e-04	7.255480e-04	9.169721e-03	4.709465e-03	4.460256e-03	1.246047e-04	-1.049262e-04	1.252488e-03	-1.287999e-03	6.084884e-04	-1.896487e-03
0.646494      	1.240516e-03	5.153806e-04	7.251355e-04	9.169309e-03	4.709238e-03	4.460071e-03	1.245833e-04	-1.048774e-04	1.252434e-03	-1.287907e-03	6.084806e-04	-1.896388e-03
0.646499      	1.239757e-03	5.150523e-04	7.247051e-04	9.168877e-03	4.709001e-03	4.459876e-03	1.245622e-04	-1.048264e-04	1.252377e-03	-1.287819e-03	6.084672e-04	-1.896286e-03
0.646504      	1.239015e-03	5.147302e-04	7.242847e-04	9.168468e-03	4.708775e-03	4.459693e-03	1.245410e-04	-1.047773e-04	1.252324e-03	-1.287740e-03	6.084540e-04	-1.896194e-03
0.646509      	1.238285e-03	5.144145e-04	7.238706e-04	9.168053e-03	4.708547e-03	4.459507e-03	1.245201e-04	-1.047281e-04	1.252269e-03	-1.287654e-03	6.084425e-04	-1.896096e-03
0.646514      	1.237540e-03	5.140927e-04	7.234470e-04	9.167634e-03	4.708316e-03	4.459318e-03	1.244990e-04	-1.046771e-04	1.252212e-03	-1.287559e-03	6.084327e-04	-1.895992e-03
0.646519      	1.236822e-03	5.137813e-04	7.230405e-04	9.167232e-03	4.708094e-03	4.459138e-03	1.244776e-04	-1.046296e-04	1.252161e-03	-1.287475e-03	6.084232e-04	-1.895898e-03
0.646524      	1.236093e-03	5.134665e-04	7.226268e-04	9.166814e-03	4.707864e-03	4.458950e-03	1.244567e-04	-1.045802e-04	1.252106e-03	-1.287384e-03	6.084134e-04	-1.895798e-03
0.646529      	1.235359e-03	5.131488e-04	7.222106e-04	9.166403e-03	4.707637e-03	4.458766e-03	1.244357e-04	-1.045309e-04	1.252052e-03	-1.287298e-03	6.084025e-04	-1.895701e-03
0.646534      	1.234642e-03	5.128385e-04	7.218032e-04	9.165994e-03	4.707411e-03	4.458582e-03	1.244145e-04	-1.044824e-04	1.251998e-03	-1.287202e-03	6.083971e-04	-1.895599e-03
0.646539      	1.233897e-03	5.125168e-04	7.213802e-04	9.165571e-03	4.707179e-03	4.458392e-03	1.243936e-04	-1.044317e-04	1.251941e-03	-1.287115e-03	6.083837e-04	-1.895499e-03
0.646544      	1.233154e-03	5.121954e-04	7.209584e-04	9.165157e-03	4.706951e-03	4.458206e-03	1.243724e-04	-1.043815e-04	1.251886e-03	-1.287016e-03	6.083782e-04	-1.895394e-03
0.646549      	1.232450e-03	5.118902e-04	7.205594e-04	9.164766e-03	4.706734e-03	4.458032e-03	1.243513e-04	-1.043346e-04	1.251836e-03	-1.286927e-03	6.083728e-04	-1.895300e-03
0.646554      	1.231720e-03	5.115751e-04	7.201450e-04	9.164350e-03	4.706505e-03	4.457845e-03	1.243303e-04	-1.042850e-04	1.251781e-03	-1.286839e-03	6.083614e-04	-1.895200e-03
0.646559      	1.230996e-03	5.112618e-04	7.197337e-04	9.163938e-03	4.706278e-03	4.457659e-03	1.243097e-04	-1.042360e-04	1.251727e-03	-1.286754e-03	6.083497e-04	-1.895104e-03
0.646564      	1.230279e-03	5.109520e-04	7.193268e-04	9.163545e-03	4.706061e-03	4.457484e-03	1.242885e-04	-1.041874e-04	1.251676e-03	-1.286655e-03	6.083490e-04	-1.895004e-03
0.646569      	1.229542e-03	5.106338e-04	7.189087e-04	9.163119e-03	4.705827e-03	4.457291e-03	1.242679e-04	-1.041374e-04	1.251619e-03	-1.286571e-03	6.083330e-04	-1.894904e-03
0.646574      	1.228817e-03	5.103199e-04	7.184969e-04	9.162715e-03	4.705605e-03	4.457110e-03	1.242471e-04	-1.040885e-04	1.251566e-03	-1.286485e-03	6.083231e-04	-1.894808e-03
0.646579      	1.228088e-03	5.100052e-04	7.180829e-04	9.162303e-03	4.705377e-03	4.456925e-03	1.242261e-04	-1.040388e-04	1.251511e-03	-1.286396e-03	6.083129e-04	-1.894709e-03
0.646584      	1.227357e-03	5.096895e-04	7.176677e-04	9.161880e-03	4.705145e-03	4.456734e-03	1.242056e-04	-1.039891e-04	1.251455e-03	-1.286311e-03	6.082997e-04	-1.894611e-03
0.646589      	1.226631e-03	5.093758e-04	7.172554e-04	9.161463e-03	4.704917e-03	4.456547e-03	1.241848e-04	-1.039398e-04	1.251401e-03	-1.286223e-03	6.082893e-04	-1.894513e-03
0.646594      	1.225903e-03	5.090608e-04	7.168419e-04	9.161047e-03	4.704688e-03	4.456359e-03	1.241646e-04	-1.038905e-04	1.251347e-03	-1.286146e-03	6.082738e-04	-1.894420e-03
0.646599      	1.225193e-03	5.087543e-04	7.164386e-04	9.160638e-03	4.704463e-03	4.456175e-03	1.241438e-04	-1.038422e-04	1.251292e-03	-1.286051e-03	6.082670e-04	-1.894318e-03
0.646604      	1.224445e-03	5.084314e-04	7.160133e-04	9.160213e-03	4.704230e-03	4.455984e-03	1.241231e-04	-1.037909e-04	1.251235e-03	-1.285955e-03	6.082571e-04	-1.894212e-03
0.646609      	1.223702e-03	5.081106e-04	7.155909e-04	9.159792e-03	4.703998e-03	4.455794e-03	1.241023e-04	-1.037401e-04	1.251178e-03	-1.285865e-03	6.082452e-04	-1.894110e-03
0.646614      	1.222975e-03	5.077971e-04	7.151780e-04	9.159358e-03	4.703761e-03	4.455597e-03	1.240819e-04	-1.036904e-04	1.251121e-03	-1.285779e-03	6.082318e-04	-1.894010e-03
0.646619      	1.222289e-03	5.074979e-04	7.147911e-04	9.159028e-03	4.703575e-03	4.455454e-03	1.240604e-04	-1.036466e-04	1.251074e-03	-1.285676e-03	6.082361e-04	-1.893912e-03
0.646624      	1.221568e-03	5.071869e-04	7.143813e-04	9.158618e-03	4.703349e-03	4.455269e-03	1.240399e-04	-1.035972e-04	1.251020e-03	-1.285589e-03	6.082257e-04	-1.893815e-03
0.646629      	1.220866e-03	5.068836e-04	7.139820e-04	9.158209e-03	4.703124e-03	4.455085e-03	1.240196e-04	-1.035492e-04	1.250966e-03	-1.285499e-03	6.082165e-04	-1.893716e-03
0.646634      	1.220156e-03	5.065776e-04	7.135782e-04	9.157791e-03	4.702895e-03	4.454896e-03	1.239994e-04	-1.035003e-04	1.250911e-03	-1.285425e-03	6.081982e-04	-1.893623e-03
0.646639      	1.219437e-03	5.062680e-04	7.131693e-04	9.157371e-03	4.702665e-03	4.454706e-03	1.239795e-04	-1.034506e-04	1.250854e-03	-1.285338e-03	6.081852e-04	-1.893524e-03
0.646644      	1.218744e-03	5.059689e-04	7.127752e-04	9.156961e-03	4.702440e-03	4.454521e-03	1.239591e-04	-1.034032e-04	1.250802e-03	-1.285254e-03	6.081746e-04	-1.893429e-03
0.646649      	1.218081e-03	5.056816e-04	7.123990e-04	9.156560e-03	4.702219e-03	4.454341e-03	1.239389e-04	-1.033587e-04	1.250753e-03	-1.285183e-03	6.081614e-04	-1.893345e-03
0.646654      	1.217404e-03	5.053887e-04	7.120150e-04	9.156182e-03	4.702010e-03	4.454172e-03	1.239186e-04	-1.033131e-04	1.250703e-03	-1.285101e-03	6.081520e-04	-1.893253e-03
0.646659      	1.216579e-03	5.050308e-04	7.115482e-04	9.155786e-03	4.701789e-03	4.453997e-03	1.238963e-04	-1.032587e-04	1.250645e-03	-1.284982e-03	6.081542e-04	-1.893136e-03
0.646664      	1.215856e-03	5.047216e-04	7.111346e-04	9.155321e-03	4.701538e-03	4.453783e-03	1.238772e-04	-1.032065e-04	1.250582e-03	-1.284898e-03	6.081334e-04	-1.893032e-03
0.646669      	1.215157e-03	5.044181e-04	7.107393e-04	9.154940e-03	4.701327e-03	4.453613e-03	1.238571e-04	-1.031606e-04	1.250534e-03	-1.284842e-03	6.081134e-04	-1.892955e-03
0.646674      	1.214497e-03	5.041345e-04	7.103629e-04	9.154519e-03	4.701096e-03	4.453423e-03	1.238366e-04	-1.031142e-04	1.250480e-03	-1.284738e-03	6.081109e-04	-1.892849e-03
0.646679      	1.213743e-03	5.038067e-04	7.099361e-04	9.154129e-03	4.700881e-03	4.453248e-03	1.238164e-04	-1.030647e-04	1.250428e-03	-1.284672e-03	6.080913e-04	-1.892764e-03
0.646684      	1.213095e-03	5.035285e-04	7.095661e-04	9.153719e-03	4.700656e-03	4.453063e-03	1.237961e-04	-1.030188e-04	1.250375e-03	-1.284568e-03	6.080906e-04	-1.892659e-03
0.646689      	1.212387e-03	5.032197e-04	7.091676e-04	9.153359e-03	4.700455e-03	4.452904e-03	1.237758e-04	-1.029739e-04	1.250330e-03	-1.284515e-03	6.080722e-04	-1.892587e-03
0.646694      	1.211688e-03	5.029151e-04	7.087725e-04	9.152997e-03	4.700252e-03	4.452745e-03	1.237534e-04	-1.029287e-04	1.250281e-03	-1.284391e-03	6.080852e-04	-1.892476e-03
0.646699      	1.210881e-03	5.025695e-04	7.083118e-04	9.152539e-03	4.700004e-03	4.452535e-03	1.237344e-04	-1.028711e-04	1.250216e-03	-1.284304e-03	6.080642e-04	-1.892368e-03
0.646704      	1.210193e-03	5.022746e-04	7.079185e-04	9.152094e-03	4.699762e-03	4.452332e-03	1.237147e-04	-1.028220e-04	1.250157e-03	-1.284224e-03	6.080453e-04	-1.892269e-03
0.646709      	1.209351e-03	5.019127e-04	7.074385e-04	9.151616e-03	4.699502e-03	4.452114e-03	1.236940e-04	-1.027629e-04	1.250089e-03	-1.284098e-03	6.080397e-04	-1.892138e-03
0.646714      	1.208746e-03	5.016512e-04	7.070953e-04	9.151260e-03	4.699304e-03	4.451956e-03	1.236741e-04	-1.027220e-04	1.250046e-03	-1.284024e-03	6.080336e-04	-1.892058e-03
0.646719      	1.208015e-03	5.013343e-04	7.066806e-04	9.150874e-03	4.699090e-03	4.451784e-03	1.236533e-04	-1.026731e-04	1.249992e-03	-1.283933e-03	6.080260e-04	-1.891959e-03
0.646724      	1.207379e-03	5.010614e-04	7.063177e-04	9.150425e-03	4.698848e-03	4.451578e-03	1.236349e-04	-1.026281e-04	1.249936e-03	-1.283870e-03	6.080015e-04	-1.891871e-03
0.646729      	1.206661e-03	5.007501e-04	7.059113e-04	9.150070e-03	4.698650e-03	4.451421e-03	1.236145e-04	-1.025806e-04	1.249888e-03	-1.283800e-03	6.079880e-04	-1.891788e-03
0.646734      	1.206008e-03	5.004710e-04	7.055367e-04	9.149632e-03	4.698411e-03	4.451222e-03	1.235945e-04	-1.025328e-04	1.249831e-03	-1.283680e-03	6.079913e-04	-1.891671e-03
0.646739      	1.205165e-03	5.001064e-04	7.050586e-04	9.149210e-03	4.698179e-03	4.451030e-03	1.235746e-04	-1.024761e-04	1.249768e-03	-1.283609e-03	6.079633e-04	-1.891572e-03
0.646744      	1.204520e-03	4.998311e-04	7.046888e-04	9.148770e-03	4.697940e-03	4.450830e-03	1.235547e-04	-1.024288e-04	1.249711e-03	-1.283481e-03	6.079700e-04	-1.891451e-03
0.646749      	1.203777e-03	4.995078e-04	7.042692e-04	9.148416e-03	4.697743e-03	4.450673e-03	1.235347e-04	-1.023807e-04	1.249662e-03	-1.283429e-03	6.079469e-04	-1.891376e-03
0.646754      	1.203087e-03	4.992135e-04	7.038732e-04	9.147949e-03	4.697489e-03	4.450460e-03	1.235147e-04	-1.023299e-04	1.249600e-03	-1.283298e-03	6.079511e-04	-1.891249e-03
0.646759      	1.202340e-03	4.988873e-04	7.034529e-04	9.147618e-03	4.697303e-03	4.450315e-03	1.234944e-04	-1.022828e-04	1.249553e-03	-1.283253e-03	6.079266e-04	-1.891179e-03
0.646764      	1.201699e-03	4.986118e-04	7.030868e-04	9.147184e-03	4.697066e-03	4.450118e-03	1.234744e-04	-1.022375e-04	1.249497e-03	-1.283139e-03	6.079276e-04	-1.891067e-03
0.646769      	1.200951e-03	4.982879e-04	7.026630e-04	9.146841e-03	4.696874e-03	4.449967e-03	1.234534e-04	-1.021876e-04	1.249447e-03	-1.283039e-03	6.079271e-04	-1.890967e-03
0.646774      	1.200337e-03	4.980229e-04	7.023144e-04	9.146432e-03	4.696650e-03	4.449782e-03	1.234339e-04	-1.021458e-04	1.249396e-03	-1.282965e-03	6.079138e-04	-1.890879e-03
0.646779      	1.199634e-03	4.977178e-04	7.019164e-04	9.146105e-03	4.696465e-03	4.449640e-03	1.234125e-04	-1.020993e-04	1.249348e-03	-1.282849e-03	6.079232e-04	-1.890772e-03
0.646784      	1.198883e-03	4.973950e-04	7.014877e-04	9.145629e-03	4.696209e-03	4.449420e-03	1.233949e-04	-1.020463e-04	1.249287e-03	-1.282796e-03	6.078891e-04	-1.890685e-03
0.646789      	1.198141e-03	4.970762e-04	7.010649e-04	9.145165e-03	4.695960e-03	4.449205e-03	1.233771e-04	-1.019944e-04	1.249228e-03	-1.282777e-03	6.078397e-04	-1.890617e-03
0.646794      	1.197510e-03	4.968042e-04	7.007058e-04	9.144765e-03	4.695740e-03	4.449025e-03	1.233575e-04	-1.019508e-04	1.249176e-03	-1.282684e-03	6.078341e-04	-1.890518e-03
0.646799      	1.196798e-03	4.964983e-04	7.002994e-04	9.144354e-03	4.695515e-03	4.448838e-03	1.233384e-04	-1.019005e-04	1.249120e-03	-1.282602e-03	6.078196e-04	-1.890421e-03
0.646804      	1.196101e-03	4.961982e-04	6.999033e-04	9.143950e-03	4.695294e-03	4.448656e-03	1.233188e-04	-1.018525e-04	1.249066e-03	-1.282512e-03	6.078100e-04	-1.890322e-03
0.646809      	1.195437e-03	4.959115e-04	6.995258e-04	9.143560e-03	4.695079e-03	4.448481e-03	1.232992e-04	-1.018072e-04	1.249015e-03	-1.282428e-03	6.078007e-04	-1.890228e-03
0.646814      	1.194772e-03	4.956246e-04	6.991470e-04	9.143159e-03	4.694859e-03	4.448299e-03	1.232799e-04	-1.017612e-04	1.248961e-03	-1.282347e-03	6.077875e-04	-1.890135e-03
0.646819      	1.194074e-03	4.953231e-04	6.987509e-04	9.142750e-03	4.694636e-03	4.448114e-03	1.232610e-04	-1.017139e-04	1.248908e-03	-1.282288e-03	6.077636e-04	-1.890052e-03
0.646824      	1.193312e-03	4.949960e-04	6.983161e-04	9.142306e-03	4.694395e-03	4.447911e-03	1.232420e-04	-1.016601e-04	1.248844e-03	-1.282203e-03	6.077425e-04	-1.889946e-03
0.646829      	1.192664e-03	4.947165e-04	6.979471e-04	9.141909e-03	4.694178e-03	4.447732e-03	1.232229e-04	-1.016153e-04	1.248794e-03	-1.282140e-03	6.077243e-04	-1.889864e-03
0.646834      	1.191866e-03	4.943770e-04	6.974890e-04	9.141323e-03	4.693868e-03	4.447455e-03	1.232067e-04	-1.015560e-04	1.248719e-03	-1.282128e-03	6.076549e-04	-1.889783e-03
0.646839      	1.191209e-03	4.940923e-04	6.971168e-04	9.140984e-03	4.693678e-03	4.447306e-03	1.231864e-04	-1.015122e-04	1.248674e-03	-1.282032e-03	6.076578e-04	-1.889690e-03
0.646844      	1.190494e-03	4.937849e-04	6.967087e-04	9.140566e-03	4.693450e-03	4.447115e-03	1.231674e-04	-1.014619e-04	1.248617e-03	-1.281948e-03	6.076430e-04	-1.889591e-03
0.646849      	1.189791e-03	4.934806e-04	6.963105e-04	9.140191e-03	4.693243e-03	4.446948e-03	1.231474e-04	-1.014150e-04	1.248565e-03	-1.281851e-03	6.076390e-04	-1.889490e-03
0.646854      	1.189048e-03	4.931614e-04	6.958869e-04	9.139754e-03	4.693005e-03	4.446748e-03	1.231285e-04	-1.013627e-04	1.248503e-03	-1.281774e-03	6.076158e-04	-1.889390e-03
0.646859      	1.188351e-03	4.928601e-04	6.954907e-04	9.139370e-03	4.692794e-03	4.446576e-03	1.231092e-04	-1.013153e-04	1.248449e-03	-1.281688e-03	6.076049e-04	-1.889293e-03
0.646864      	1.187616e-03	4.925436e-04	6.950720e-04	9.138961e-03	4.692571e-03	4.446390e-03	1.230902e-04	-1.012642e-04	1.248389e-03	-1.281607e-03	6.075860e-04	-1.889193e-03
0.646869      	1.187040e-03	4.922930e-04	6.947472e-04	9.138641e-03	4.692391e-03	4.446250e-03	1.230707e-04	-1.012271e-04	1.248349e-03	-1.281532e-03	6.075832e-04	-1.889116e-03
0.646874      	1.186404e-03	4.920162e-04	6.943878e-04	9.138293e-03	4.692198e-03	4.446095e-03	1.230511e-04	-1.011858e-04	1.248305e-03	-1.281469e-03	6.075702e-04	-1.889039e-03
0.646879      	1.185789e-03	4.917517e-04	6.940378e-04	9.137839e-03	4.691953e-03	4.445887e-03	1.230332e-04	-1.011430e-04	1.248256e-03	-1.281436e-03	6.075382e-04	-1.888974e-03
0.646884      	1.184901e-03	4.913727e-04	6.935288e-04	9.137333e-03	4.691679e-03	4.445653e-03	1.230131e-04	-1.010780e-04	1.248177e-03	-1.281320e-03	6.075175e-04	-1.888837e-03
0.646889      	1.184225e-03	4.910770e-04	6.931478e-04	9.137004e-03	4.691494e-03	4.445509e-03	1.229924e-04	-1.010354e-04	1.248135e-03	-1.281231e-03	6.075193e-04	-1.888750e-03
0.646894      	1.183393e-03	4.907216e-04	6.926717e-04	9.136521e-03	4.691234e-03	4.445287e-03	1.229734e-04	-1.009750e-04	1.248063e-03	-1.281120e-03	6.075026e-04	-1.888623e-03
0.646899      	1.182772e-03	4.904531e-04	6.923185e-04	9.136133e-03	4.691022e-03	4.445111e-03	1.229557e-04	-1.009327e-04	1.248014e-03	-1.281082e-03	6.074733e-04	-1.888555e-03
0.646904      	1.182052e-03	4.901434e-04	6.919082e-04	9.135713e-03	4.690793e-03	4.444920e-03	1.229365e-04	-1.008824e-04	1.247956e-03	-1.281007e-03	6.074520e-04	-1.888459e-03
0.646909      	1.181409e-03	4.898611e-04	6.915475e-04	9.135415e-03	4.690625e-03	4.444790e-03	1.229171e-04	-1.008432e-04	1.247914e-03	-1.280945e-03	6.074414e-04	-1.888386e-03
0.646914      	1.180791e-03	4.895919e-04	6.911986e-04	9.135105e-03	4.690449e-03	4.444655e-03	1.228971e-04	-1.008034e-04	1.247872e-03	-1.280862e-03	6.074413e-04	-1.888304e-03
0.646919      	1.180066e-03	4.892755e-04	6.907901e-04	9.134770e-03	4.690263e-03	4.444507e-03	1.228778e-04	-1.007573e-04	1.247819e-03	-1.280781e-03	6.074289e-04	-1.888210e-03
0.646924      	1.179498e-03	4.890291e-04	6.904685e-04	9.134460e-03	4.690088e-03	4.444372e-03	1.228579e-04	-1.007197e-04	1.247781e-03	-1.280697e-03	6.074324e-04	-1.888129e-03
0.646929      	1.178686e-03	4.886787e-04	6.900077e-04	9.133993e-03	4.689835e-03	4.444158e-03	1.228384e-04	-1.006645e-04	1.247715e-03	-1.280615e-03	6.074072e-04	-1.888022e-03
0.646934      	1.177965e-03	4.883687e-04	6.895963e-04	9.133583e-03	4.689611e-03	4.443972e-03	1.228198e-04	-1.006138e-04	1.247657e-03	-1.280538e-03	6.073877e-04	-1.887926e-03
0.646939      	1.177259e-03	4.880620e-04	6.891973e-04	9.133211e-03	4.689405e-03	4.443806e-03	1.227999e-04	-1.005677e-04	1.247605e-03	-1.280445e-03	6.073827e-04	-1.887828e-03
0.646944      	1.176538e-03	4.877504e-04	6.887876e-04	9.132825e-03	4.689193e-03	4.443631e-03	1.227808e-04	-1.005186e-04	1.247551e-03	-1.280368e-03	6.073666e-04	-1.887735e-03
0.646949      	1.175892e-03	4.874686e-04	6.884235e-04	9.132483e-03	4.689002e-03	4.443480e-03	1.227611e-04	-1.004775e-04	1.247504e-03	-1.280287e-03	6.073609e-04	-1.887647e-03
0.646954      	1.175124e-03	4.871370e-04	6.879866e-04	9.132078e-03	4.688781e-03	4.443297e-03	1.227422e-04	-1.004248e-04	1.247443e-03	-1.280191e-03	6.073473e-04	-1.887538e-03
0.646959      	1.174361e-03	4.868074e-04	6.875540e-04	9.131666e-03	4.688556e-03	4.443111e-03	1.227227e-04	-1.003733e-04	1.247385e-03	-1.280118e-03	6.073261e-04	-1.887444e-03
0.646964      	1.173540e-03	4.864530e-04	6.870874e-04	9.131240e-03	4.688324e-03	4.442917e-03	1.227035e-04	-1.003172e-04	1.247320e-03	-1.280031e-03	6.073046e-04	-1.887335e-03
0.646969      	1.172914e-03	4.861836e-04	6.867305e-04	9.130893e-03	4.688130e-03	4.442763e-03	1.226836e-04	-1.002734e-04	1.247270e-03	-1.279907e-03	6.073162e-04	-1.887223e-03
0.646974      	1.172184e-03	4.858661e-04	6.863179e-04	9.130492e-03	4.687911e-03	4.442581e-03	1.226647e-04	-1.002259e-04	1.247215e-03	-1.279841e-03	6.072943e-04	-1.887136e-03
0.646979      	1.171510e-03	4.855749e-04	6.859351e-04	9.130111e-03	4.687701e-03	4.442410e-03	1.226452e-04	-1.001801e-04	1.247161e-03	-1.279744e-03	6.072889e-04	-1.887033e-03
0.646984      	1.170692e-03	4.852228e-04	6.854693e-04	9.129664e-03	4.687458e-03	4.442205e-03	1.226265e-04	-1.001233e-04	1.247094e-03	-1.279657e-03	6.072652e-04	-1.886922e-03
0.646989      	1.170055e-03	4.849457e-04	6.851094e-04	9.129347e-03	4.687279e-03	4.442067e-03	1.226059e-04	-1.000818e-04	1.247051e-03	-1.279549e-03	6.072768e-04	-1.886826e-03
0.646994      	1.169348e-03	4.846390e-04	6.847093e-04	9.128991e-03	4.687081e-03	4.441909e-03	1.225858e-04	-1.000352e-04	1.246999e-03	-1.279447e-03	6.072752e-04	-1.886722e-03
0.646999      	1.168581e-03	4.843097e-04	6.842713e-04	9.128545e-03	4.686839e-03	4.441706e-03	1.225664e-04	-9.998081e-05	1.246934e-03	-1.279338e-03	6.072649e-04	-1.886603e-03
0.647004      	1.167842e-03	4.839910e-04	6.838513e-04	9.128143e-03	4.686618e-03	4.441524e-03	1.225470e-04	-9.993015e-05	1.246875e-03	-1.279237e-03	6.072569e-04	-1.886493e-03
0.647009      	1.167242e-03	4.837306e-04	6.835112e-04	9.127804e-03	4.686430e-03	4.441374e-03	1.225277e-04	-9.989027e-05	1.246830e-03	-1.279156e-03	6.072517e-04	-1.886408e-03
0.647014      	1.166420e-03	4.833727e-04	6.830468e-04	9.127381e-03	4.686198e-03	4.441183e-03	1.225076e-04	-9.983707e-05	1.246769e-03	-1.279060e-03	6.072392e-04	-1.886299e-03
0.647019      	1.165732e-03	4.830706e-04	6.826611e-04	9.127060e-03	4.686017e-03	4.441043e-03	1.224868e-04	-9.979526e-05	1.246726e-03	-1.278979e-03	6.072369e-04	-1.886216e-03
0.647024      	1.164963e-03	4.827394e-04	6.822233e-04	9.126665e-03	4.685799e-03	4.440866e-03	1.224667e-04	-9.974194e-05	1.246665e-03	-1.278855e-03	6.072373e-04	-1.886092e-03
0.647029      	1.164207e-03	4.824134e-04	6.817937e-04	9.126258e-03	4.685576e-03	4.440682e-03	1.224471e-04	-9.969011e-05	1.246601e-03	-1.278733e-03	6.072345e-04	-1.885967e-03
0.647034      	1.163520e-03	4.821131e-04	6.814067e-04	9.125902e-03	4.685378e-03	4.440525e-03	1.224266e-04	-9.964680e-05	1.246551e-03	-1.278624e-03	6.072389e-04	-1.885863e-03
0.647039      	1.162729e-03	4.817720e-04	6.809573e-04	9.125481e-03	4.685147e-03	4.440334e-03	1.224068e-04	-9.959263e-05	1.246486e-03	-1.278495e-03	6.072382e-04	-1.885733e-03
0.647044      	1.161991e-03	4.814461e-04	6.805452e-04	9.125164e-03	4.684966e-03	4.440198e-03	1.223842e-04	-9.954957e-05	1.246441e-03	-1.278388e-03	6.072473e-04	-1.885635e-03
0.647049      	1.161362e-03	4.811690e-04	6.801927e-04	9.124855e-03	4.684790e-03	4.440065e-03	1.223623e-04	-9.951188e-05	1.246400e-03	-1.278265e-03	6.072677e-04	-1.885533e-03
0.647054      	1.160667e-03	4.808686e-04	6.797984e-04	9.124479e-03	4.684581e-03	4.439898e-03	1.223415e-04	-9.946490e-05	1.246347e-03	-1.278128e-03	6.072830e-04	-1.885411e-03
0.647059      	1.159957e-03	4.805601e-04	6.793973e-04	9.124104e-03	4.684373e-03	4.439731e-03	1.223209e-04	-9.941859e-05	1.246296e-03	-1.278023e-03	6.072843e-04	-1.885307e-03
0.647064      	1.159234e-03	4.802496e-04	6.789845e-04	9.123673e-03	4.684137e-03	4.439536e-03	1.223004e-04	-9.936746e-05	1.246234e-03	-1.277867e-03	6.073003e-04	-1.885167e-03
0.647069      	1.158458e-03	4.799119e-04	6.785465e-04	9.123284e-03	4.683922e-03	4.439363e-03	1.222795e-04	-9.931726e-05	1.246177e-03	-1.277751e-03	6.073015e-04	-1.885052e-03
0.647074      	1.157754e-03	4.796121e-04	6.781415e-04	9.122870e-03	4.683694e-03	4.439176e-03	1.222586e-04	-9.926473e-05	1.246114e-03	-1.277574e-03	6.073271e-04	-1.884901e-03
0.647079      	1.157008e-03	4.792902e-04	6.777178e-04	9.122462e-03	4.683470e-03	4.438992e-03	1.222389e-04	-9.921381e-05	1.246055e-03	-1.277454e-03	6.073280e-04	-1.884782e-03
0.647084      	1.156239e-03	4.789562e-04	6.772827e-04	9.122063e-03	4.683250e-03	4.438813e-03	1.222182e-04	-9.916325e-05	1.245998e-03	-1.277343e-03	6.073271e-04	-1.884670e-03
0.647089      	1.155620e-03	4.786861e-04	6.769338e-04	9.121729e-03	4.683060e-03	4.438668e-03	1.221961e-04	-9.912381e-05	1.245954e-03	-1.277203e-03	6.073526e-04	-1.884556e-03
0.647094      	1.155038e-03	4.784293e-04	6.766084e-04	9.121465e-03	4.682906e-03	4.438559e-03	1.221733e-04	-9.908956e-05	1.245912e-03	-1.277027e-03	6.073985e-04	-1.884426e-03
0.647099      	1.154352e-03	4.781317e-04	6.762201e-04	9.121088e-03	4.682697e-03	4.438390e-03	1.221535e-04	-9.904424e-05	1.245863e-03	-1.276934e-03	6.073962e-04	-1.884330e-03
0.647104      	1.153703e-03	4.778477e-04	6.758557e-04	9.120764e-03	4.682512e-03	4.438251e-03	1.221306e-04	-9.900399e-05	1.245818e-03	-1.276786e-03	6.074253e-04	-1.884211e-03
0.647109      	1.152910e-03	4.775075e-04	6.754020e-04	9.120273e-03	4.682247e-03	4.438025e-03	1.221110e-04	-9.894723e-05	1.245750e-03	-1.276669e-03	6.074155e-04	-1.884084e-03
0.647114      	1.152235e-03	4.772123e-04	6.750228e-04	9.119909e-03	4.682044e-03	4.437864e-03	1.220900e-04	-9.890525e-05	1.245704e-03	-1.276567e-03	6.074201e-04	-1.883987e-03
0.647119      	1.151605e-03	4.769386e-04	6.746663e-04	9.119561e-03	4.681848e-03	4.437713e-03	1.220673e-04	-9.886383e-05	1.245658e-03	-1.276404e-03	6.074559e-04	-1.883860e-03
0.647124      	1.150921e-03	4.766399e-04	6.742808e-04	9.119197e-03	4.681644e-03	4.437553e-03	1.220454e-04	-9.882045e-05	1.245611e-03	-1.276273e-03	6.074744e-04	-1.883748e-03
0.647129      	1.150137e-03	4.763032e-04	6.738335e-04	9.118771e-03	4.681409e-03	4.437362e-03	1.220236e-04	-9.876514e-05	1.245546e-03	-1.276101e-03	6.074952e-04	-1.883596e-03
0.647134      	1.149397e-03	4.759818e-04	6.734156e-04	9.118401e-03	4.681202e-03	4.437199e-03	1.220013e-04	-9.871690e-05	1.245489e-03	-1.275917e-03	6.075300e-04	-1.883447e-03
0.647139      	1.148748e-03	4.756988e-04	6.730495e-04	9.118037e-03	4.680998e-03	4.437039e-03	1.219797e-04	-9.867535e-05	1.245446e-03	-1.275806e-03	6.075433e-04	-1.883349e-03
0.647144      	1.148117e-03	4.754228e-04	6.726945e-04	9.117693e-03	4.680803e-03	4.436890e-03	1.219566e-04	-9.863584e-05	1.245402e-03	-1.275658e-03	6.075727e-04	-1.883230e-03
0.647149      	1.147565e-03	4.751784e-04	6.723864e-04	9.117404e-03	4.680635e-03	4.436769e-03	1.219331e-04	-9.860402e-05	1.245368e-03	-1.275494e-03	6.076212e-04	-1.883115e-03
0.647154      	1.146749e-03	4.748279e-04	6.719211e-04	9.116976e-03	4.680401e-03	4.436575e-03	1.219128e-04	-9.854661e-05	1.245300e-03	-1.275333e-03	6.076329e-04	-1.882966e-03
0.647159      	1.146044e-03	4.745242e-04	6.715196e-04	9.116605e-03	4.680193e-03	4.436411e-03	1.218911e-04	-9.849768e-05	1.245245e-03	-1.275185e-03	6.076528e-04	-1.882838e-03
0.647164      	1.145234e-03	4.741711e-04	6.710626e-04	9.116189e-03	4.679964e-03	4.436225e-03	1.218697e-04	-9.844574e-05	1.245188e-03	-1.275074e-03	6.076509e-04	-1.882725e-03
0.647169      	1.144635e-03	4.739123e-04	6.707226e-04	9.115789e-03	4.679743e-03	4.436046e-03	1.218483e-04	-9.840514e-05	1.245144e-03	-1.274975e-03	6.076571e-04	-1.882632e-03
0.647174      	1.144246e-03	4.737353e-04	6.705111e-04	9.115574e-03	4.679612e-03	4.435962e-03	1.218250e-04	-9.838790e-05	1.245135e-03	-1.274880e-03	6.076950e-04	-1.882575e-03
0.647179      	1.143764e-03	4.735225e-04	6.702415e-04	9.115268e-03	4.679436e-03	4.435831e-03	1.218024e-04	-9.835950e-05	1.245108e-03	-1.274758e-03	6.077290e-04	-1.882487e-03
0.647184      	1.143318e-03	4.733217e-04	6.699960e-04	9.115034e-03	4.679296e-03	4.435739e-03	1.217784e-04	-9.833714e-05	1.245089e-03	-1.274613e-03	6.077826e-04	-1.882396e-03
0.647189      	1.142747e-03	4.730712e-04	6.696760e-04	9.114716e-03	4.679113e-03	4.435603e-03	1.217554e-04	-9.830242e-05	1.245056e-03	-1.274477e-03	6.078175e-04	-1.882295e-03
0.647194      	1.142211e-03	4.728353e-04	6.693755e-04	9.114406e-03	4.678936e-03	4.435469e-03	1.217333e-04	-9.827008e-05	1.245027e-03	-1.274375e-03	6.078393e-04	-1.882215e-03
0.647199      	1.141608e-03	4.725722e-04	6.690357e-04	9.114065e-03	4.678743e-03	4.435322e-03	1.217107e-04	-9.823176e-05	1.244986e-03	-1.274233e-03	6.078701e-04	-1.882103e-03
0.647204      	1.141098e-03	4.723489e-04	6.687495e-04	9.113737e-03	4.678558e-03	4.435179e-03	1.216895e-04	-9.820032e-05	1.244957e-03	-1.274143e-03	6.078856e-04	-1.882028e-03
0.647209      	1.140637e-03	4.721446e-04	6.684929e-04	9.113462e-03	4.678398e-03	4.435064e-03	1.216670e-04	-9.817413e-05	1.244935e-03	-1.274033e-03	6.079181e-04	-1.881951e-03
0.647214      	1.140158e-03	4.719331e-04	6.682253e-04	9.113155e-03	4.678222e-03	4.434933e-03	1.216442e-04	-9.814610e-05	1.244911e-03	-1.273918e-03	6.079516e-04	-1.881870e-03
0.647219      	1.139664e-03	4.717153e-04	6.679482e-04	9.112838e-03	4.678041e-03	4.434797e-03	1.216224e-04	-9.811642e-05	1.244881e-03	-1.273806e-03	6.079777e-04	-1.881784e-03
0.647224      	1.139035e-03	4.714438e-04	6.675916e-04	9.112454e-03	4.677826e-03	4.434628e-03	1.215992e-04	-9.807390e-05	1.244836e-03	-1.273628e-03	6.080218e-04	-1.881650e-03
0.647229      	1.138551e-03	4.712268e-04	6.673243e-04	9.112228e-03	4.677689e-03	4.434539e-03	1.215752e-04	-9.804874e-05	1.244816e-03	-1.273491e-03	6.080702e-04	-1.881561e-03
0.647234      	1.137998e-03	4.709826e-04	6.670152e-04	9.111911e-03	4.677508e-03	4.434403e-03	1.215529e-04	-9.801630e-05	1.244786e-03	-1.273384e-03	6.080937e-04	-1.881478e-03
0.647239      	1.137418e-03	4.707330e-04	6.666846e-04	9.111551e-03	4.677307e-03	4.434244e-03	1.215311e-04	-9.797582e-05	1.244747e-03	-1.273260e-03	6.081167e-04	-1.881376e-03
0.647244      	1.136851e-03	4.704838e-04	6.663668e-04	9.111169e-03	4.677094e-03	4.434075e-03	1.215098e-04	-9.794151e-05	1.244712e-03	-1.273183e-03	6.081205e-04	-1.881304e-03
0.647249      	1.136335e-03	4.702571e-04	6.660778e-04	9.110856e-03	4.676916e-03	4.433940e-03	1.214883e-04	-9.791038e-05	1.244685e-03	-1.273095e-03	6.081372e-04	-1.881232e-03
0.647254      	1.135767e-03	4.700077e-04	6.657591e-04	9.110532e-03	4.676732e-03	4.433800e-03	1.214659e-04	-9.787572e-05	1.244653e-03	-1.272984e-03	6.081611e-04	-1.881146e-03
0.647259      	1.135306e-03	4.698033e-04	6.655024e-04	9.110252e-03	4.676570e-03	4.433682e-03	1.214441e-04	-9.784957e-05	1.244632e-03	-1.272898e-03	6.081824e-04	-1.881081e-03
0.647264      	1.134860e-03	4.696076e-04	6.652527e-04	9.109968e-03	4.676406e-03	4.433562e-03	1.214221e-04	-9.782255e-05	1.244610e-03	-1.272781e-03	6.082196e-04	-1.881001e-03
0.647269      	1.134412e-03	4.694075e-04	6.650048e-04	9.109724e-03	4.676262e-03	4.433462e-03	1.214003e-04	-9.779861e-05	1.244595e-03	-1.272703e-03	6.082436e-04	-1.880946e-03
0.647274      	1.134053e-03	4.692465e-04	6.648062e-04	9.109499e-03	4.676127e-03	4.433372e-03	1.213775e-04	-9.777983e-05	1.244583e-03	-1.272592e-03	6.082869e-04	-1.880878e-03
0.647279      	1.133471e-03	4.689935e-04	6.644774e-04	9.109136e-03	4.675924e-03	4.433212e-03	1.213562e-04	-9.774195e-05	1.244546e-03	-1.272482e-03	6.083052e-04	-1.880787e-03
0.647284      	1.132922e-03	4.687522e-04	6.641698e-04	9.108847e-03	4.675757e-03	4.433090e-03	1.213335e-04	-9.770881e-05	1.244515e-03	-1.272352e-03	6.083387e-04	-1.880691e-03
0.647289      	1.132403e-03	4.685238e-04	6.638793e-04	9.108539e-03	4.675581e-03	4.432958e-03	1.213119e-04	-9.767775e-05	1.244487e-03	-1.272252e-03	6.083610e-04	-1.880613e-03
0.647294      	1.131937e-03	4.683193e-04	6.636178e-04	9.108251e-03	4.675416e-03	4.432835e-03	1.212909e-04	-9.764925e-05	1.244465e-03	-1.272165e-03	6.083824e-04	-1.880547e-03
0.647299      	1.131466e-03	4.681134e-04	6.633523e-04	9.107953e-03	4.675246e-03	4.432707e-03	1.212697e-04	-9.761945e-05	1.244438e-03	-1.272047e-03	6.084149e-04	-1.880462e-03
0.647304      	1.130955e-03	4.678881e-04	6.630667e-04	9.107665e-03	4.675080e-03	4.432585e-03	1.212474e-04	-9.758932e-05	1.244412e-03	-1.271946e-03	6.084389e-04	-1.880385e-03
0.647309      	1.130440e-03	4.676613e-04	6.627786e-04	9.107374e-03	4.674913e-03	4.432461e-03	1.212263e-04	-9.755864e-05	1.244386e-03	-1.271873e-03	6.084497e-04	-1.880322e-03
0.647314      	1.130008e-03	4.674718e-04	6.625365e-04	9.107124e-03	4.674764e-03	4.432360e-03	1.212023e-04	-9.753237e-05	1.244371e-03	-1.271710e-03	6.085155e-04	-1.880226e-03
0.647319      	1.129633e-03	4.673068e-04	6.623264e-04	9.106815e-03	4.674594e-03	4.432220e-03	1.211869e-04	-9.750979e-05	1.244344e-03	-1.271690e-03	6.084996e-04	-1.880189e-03
0.647324      	1.128734e-03	4.669134e-04	6.618203e-04	9.106464e-03	4.674394e-03	4.432070e-03	1.211621e-04	-9.745343e-05	1.244288e-03	-1.271571e-03	6.085027e-04	-1.880074e-03
0.647329      	1.128401e-03	4.667666e-04	6.616342e-04	9.106170e-03	4.674228e-03	4.431943e-03	1.211425e-04	-9.743376e-05	1.244275e-03	-1.271510e-03	6.085198e-04	-1.880030e-03
0.647334      	1.127840e-03	4.665240e-04	6.613157e-04	9.105854e-03	4.674049e-03	4.431806e-03	1.211215e-04	-9.739589e-05	1.244241e-03	-1.271391e-03	6.085456e-04	-1.879936e-03
0.647339      	1.127356e-03	4.663121e-04	6.610443e-04	9.105563e-03	4.673883e-03	4.431679e-03	1.211019e-04	-9.736608e-05	1.244214e-03	-1.271327e-03	6.085508e-04	-1.879878e-03
0.647344      	1.126844e-03	4.660887e-04	6.607551e-04	9.105253e-03	4.673708e-03	4.431545e-03	1.210812e-04	-9.733319e-05	1.244185e-03	-1.271227e-03	6.085716e-04	-1.879798e-03
0.647349      	1.126349e-03	4.658707e-04	6.604781e-04	9.104974e-03	4.673548e-03	4.431426e-03	1.210608e-04	-9.730369e-05	1.244159e-03	-1.271146e-03	6.085864e-04	-1.879732e-03
0.647354      	1.125829e-03	4.656434e-04	6.601853e-04	9.104683e-03	4.673381e-03	4.431301e-03	1.210398e-04	-9.727092e-05	1.244131e-03	-1.271043e-03	6.086090e-04	-1.879652e-03
0.647359      	1.125330e-03	4.654251e-04	6.599044e-04	9.104390e-03	4.673215e-03	4.431175e-03	1.210200e-04	-9.723966e-05	1.244103e-03	-1.270973e-03	6.086167e-04	-1.879590e-03
0.647364      	1.124830e-03	4.652066e-04	6.596233e-04	9.104119e-03	4.673059e-03	4.431060e-03	1.209993e-04	-9.720834e-05	1.244074e-03	-1.270867e-03	6.086401e-04	-1.879508e-03
0.647369      	1.124228e-03	4.649450e-04	6.592830e-04	9.103790e-03	4.672874e-03	4.430916e-03	1.209790e-04	-9.716901e-05	1.244037e-03	-1.270779e-03	6.086478e-04	-1.879427e-03
0.647374      	1.123661e-03	4.646945e-04	6.589661e-04	9.103509e-03	4.672713e-03	4.430796e-03	1.209581e-04	-9.713576e-05	1.244010e-03	-1.270708e-03	6.086563e-04	-1.879364e-03
0.647379      	1.123088e-03	4.644432e-04	6.586450e-04	9.103234e-03	4.672555e-03	4.430679e-03	1.209378e-04	-9.710089e-05	1.243976e-03	-1.270609e-03	6.086712e-04	-1.879280e-03
0.647384      	1.122584e-03	4.642249e-04	6.583591e-04	9.102916e-03	4.672376e-03	4.430539e-03	1.209186e-04	-9.706709e-05	1.243944e-03	-1.270524e-03	6.086824e-04	-1.879206e-03
0.647389      	1.122008e-03	4.639749e-04	6.580334e-04	9.102610e-03	4.672204e-03	4.430406e-03	1.208989e-04	-9.702925e-05	1.243909e-03	-1.270440e-03	6.086891e-04	-1.879130e-03
0.647394      	1.121478e-03	4.637447e-04	6.577330e-04	9.102294e-03	4.672027e-03	4.430267e-03	1.208796e-04	-9.699416e-05	1.243875e-03	-1.270353e-03	6.086988e-04	-1.879052e-03
0.647399      	1.120913e-03	4.634989e-04	6.574139e-04	9.101993e-03	4.671855e-03	4.430137e-03	1.208591e-04	-9.695753e-05	1.243840e-03	-1.270247e-03	6.087169e-04	-1.878964e-03
0.647404      	1.120291e-03	4.632332e-04	6.570580e-04	9.101602e-03	4.671642e-03	4.429960e-03	1.208410e-04	-9.691238e-05	1.243791e-03	-1.270155e-03	6.087132e-04	-1.878868e-03
0.647409      	1.119758e-03	4.630050e-04	6.567533e-04	9.101278e-03	4.671461e-03	4.429817e-03	1.208223e-04	-9.687413e-05	1.243751e-03	-1.270052e-03	6.087250e-04	-1.878777e-03
0.647414      	1.119204e-03	4.627641e-04	6.564402e-04	9.100976e-03	4.671291e-03	4.429685e-03	1.208031e-04	-9.683807e-05	1.243716e-03	-1.269974e-03	6.087295e-04	-1.878703e-03
0.647419      	1.118685e-03	4.625379e-04	6.561467e-04	9.100684e-03	4.671126e-03	4.429558e-03	1.207837e-04	-9.680443e-05	1.243685e-03	-1.269885e-03	6.087426e-04	-1.878627e-03
0.647424      	1.118158e-03	4.623087e-04	6.558495e-04	9.100401e-03	4.670965e-03	4.429436e-03	1.207643e-04	-9.677040e-05	1.243654e-03	-1.269804e-03	6.087517e-04	-1.878556e-03
0.647429      	1.117522e-03	4.620351e-04	6.554869e-04	9.100038e-03	4.670765e-03	4.429273e-03	1.207457e-04	-9.672590e-05	1.243607e-03	-1.269716e-03	6.087486e-04	-1.878465e-03
0.647434      	1.116878e-03	4.617578e-04	6.551201e-04	9.099690e-03	4.670571e-03	4.429118e-03	1.207267e-04	-9.668112e-05	1.243561e-03	-1.269610e-03	6.087556e-04	-1.878366e-03
0.647439      	1.116295e-03	4.615062e-04	6.547891e-04	9.099363e-03	4.670390e-03	4.428973e-03	1.207080e-04	-9.664141e-05	1.243521e-03	-1.269531e-03	6.087553e-04	-1.878286e-03
0.647444      	1.115733e-03	4.612575e-04	6.544760e-04	9.099081e-03	4.670228e-03	4.428852e-03	1.206881e-04	-9.660926e-05	1.243494e-03	-1.269472e-03	6.087575e-04	-1.878230e-03
0.647449      	1.115145e-03	4.610033e-04	6.541416e-04	9.098780e-03	4.670059e-03	4.428721e-03	1.206688e-04	-9.656915e-05	1.243453e-03	-1.269368e-03	6.087688e-04	-1.878136e-03
0.647454      	1.114619e-03	4.607722e-04	6.538468e-04	9.098505e-03	4.669901e-03	4.428604e-03	1.206490e-04	-9.653729e-05	1.243425e-03	-1.269293e-03	6.087779e-04	-1.878071e-03
0.647459      	1.113992e-03	4.605029e-04	6.534888e-04	9.098154e-03	4.669707e-03	4.428446e-03	1.206306e-04	-9.649296e-05	1.243377e-03	-1.269194e-03	6.087797e-04	-1.877974e-03
0.647464      	1.113410e-03	4.602521e-04	6.531584e-04	9.097841e-03	4.669532e-03	4.428309e-03	1.206118e-04	-9.645311e-05	1.243337e-03	-1.269107e-03	6.087829e-04	-1.877890e-03
0.647469      	1.112784e-03	4.599792e-04	6.528050e-04	9.097560e-03	4.669372e-03	4.428188e-03	1.205923e-04	-9.641287e-05	1.243296e-03	-1.269004e-03	6.087939e-04	-1.877798e-03
0.647474      	1.112180e-03	4.597204e-04	6.524597e-04	9.097203e-03	4.669176e-03	4.428027e-03	1.205741e-04	-9.636969e-05	1.243253e-03	-1.268936e-03	6.087851e-04	-1.877721e-03
0.647479      	1.111630e-03	4.594816e-04	6.521485e-04	9.096901e-03	4.669006e-03	4.427895e-03	1.205559e-04	-9.633345e-05	1.243217e-03	-1.268863e-03	6.087851e-04	-1.877648e-03
0.647484      	1.111065e-03	4.592353e-04	6.518295e-04	9.096599e-03	4.668836e-03	4.427763e-03	1.205367e-04	-9.629708e-05	1.243183e-03	-1.268786e-03	6.087893e-04	-1.877576e-03
0.647489      	1.110455e-03	4.589718e-04	6.514827e-04	9.096254e-03	4.668645e-03	4.427608e-03	1.205185e-04	-9.625544e-05	1.243140e-03	-1.268715e-03	6.087829e-04	-1.877497e-03
0.647494      	1.109849e-03	4.587113e-04	6.511376e-04	9.095924e-03	4.668462e-03	4.427462e-03	1.204999e-04	-9.621314e-05	1.243098e-03	-1.268634e-03	6.087810e-04	-1.877415e-03
0.647499      	1.109230e-03	4.584460e-04	6.507840e-04	9.095559e-03	4.668261e-03	4.427297e-03	1.204819e-04	-9.616900e-05	1.243050e-03	-1.268543e-03	6.087790e-04	-1.877322e-03
0.647504      	1.108642e-03	4.581929e-04	6.504489e-04	9.095213e-03	4.668070e-03	4.427143e-03	1.204637e-04	-9.612798e-05	1.243008e-03	-1.268463e-03	6.087763e-04	-1.877239e-03
0.647509      	1.108083e-03	4.579507e-04	6.501324e-04	9.094890e-03	4.667890e-03	4.426999e-03	1.204455e-04	-9.609087e-05	1.242970e-03	-1.268406e-03	6.087671e-04	-1.877173e-03
0.647514      	1.107516e-03	4.577057e-04	6.498101e-04	9.094564e-03	4.667709e-03	4.426855e-03	1.204272e-04	-9.605223e-05	1.242931e-03	-1.268333e-03	6.087642e-04	-1.877097e-03
0.647519      	1.106934e-03	4.574546e-04	6.494792e-04	9.094225e-03	4.667522e-03	4.426703e-03	1.204093e-04	-9.601230e-05	1.242889e-03	-1.268259e-03	6.087591e-04	-1.877018e-03
0.647524      	1.106357e-03	4.572058e-04	6.491510e-04	9.093894e-03	4.667338e-03	4.426556e-03	1.203908e-04	-9.597257e-05	1.242848e-03	-1.268179e-03	6.087582e-04	-1.876937e-03
0.647529      	1.105733e-03	4.569383e-04	6.487944e-04	9.093528e-03	4.667137e-03	4.426391e-03	1.203732e-04	-9.592802e-05	1.242800e-03	-1.268095e-03	6.087522e-04	-1.876847e-03
0.647534      	1.105161e-03	4.566891e-04	6.484723e-04	9.093233e-03	4.666971e-03	4.426262e-03	1.203542e-04	-9.589157e-05	1.242765e-03	-1.268017e-03	6.087569e-04	-1.876774e-03
0.647539      	1.104563e-03	4.564313e-04	6.481319e-04	9.092886e-03	4.666779e-03	4.426107e-03	1.203356e-04	-9.585031e-05	1.242722e-03	-1.267932e-03	6.087559e-04	-1.876688e-03
0.647544      	1.103987e-03	4.561845e-04	6.478024e-04	9.092530e-03	4.666583e-03	4.425947e-03	1.203183e-04	-9.580894e-05	1.242677e-03	-1.267854e-03	6.087503e-04	-1.876604e-03
0.647549      	1.103427e-03	4.559450e-04	6.474824e-04	9.092179e-03	4.666390e-03	4.425789e-03	1.203002e-04	-9.576872e-05	1.242637e-03	-1.267776e-03	6.087495e-04	-1.876525e-03
0.647554      	1.102801e-03	4.556740e-04	6.471273e-04	9.091850e-03	4.666206e-03	4.425643e-03	1.202816e-04	-9.572663e-05	1.242594e-03	-1.267685e-03	6.087514e-04	-1.876437e-03
0.647559      	1.102149e-03	4.553907e-04	6.467581e-04	9.091511e-03	4.666018e-03	4.425493e-03	1.202628e-04	-9.568368e-05	1.242551e-03	-1.267604e-03	6.087486e-04	-1.876353e-03
0.647564      	1.101622e-03	4.551684e-04	6.464531e-04	9.091165e-03	4.665829e-03	4.425337e-03	1.202459e-04	-9.564236e-05	1.242509e-03	-1.267536e-03	6.087409e-04	-1.876277e-03
0.647569      	1.101072e-03	4.549293e-04	6.461423e-04	9.090833e-03	4.665644e-03	4.425189e-03	1.202275e-04	-9.560649e-05	1.242471e-03	-1.267462e-03	6.087400e-04	-1.876202e-03
0.647574      	1.100477e-03	4.546730e-04	6.458039e-04	9.090482e-03	4.665451e-03	4.425031e-03	1.202097e-04	-9.556544e-05	1.242428e-03	-1.267387e-03	6.087341e-04	-1.876121e-03
0.647579      	1.099938e-03	4.544399e-04	6.454980e-04	9.090177e-03	4.665279e-03	4.424898e-03	1.201907e-04	-9.552904e-05	1.242392e-03	-1.267285e-03	6.087496e-04	-1.876035e-03
0.647584      	1.099356e-03	4.541884e-04	6.451677e-04	9.089836e-03	4.665091e-03	4.424745e-03	1.201726e-04	-9.548967e-05	1.242352e-03	-1.267218e-03	6.087435e-04	-1.875961e-03
0.647589      	1.098724e-03	4.539151e-04	6.448089e-04	9.089463e-03	4.664886e-03	4.424577e-03	1.201545e-04	-9.544690e-05	1.242307e-03	-1.267142e-03	6.087359e-04	-1.875878e-03
0.647594      	1.098077e-03	4.536376e-04	6.444393e-04	9.089094e-03	4.664683e-03	4.424411e-03	1.201358e-04	-9.540087e-05	1.242258e-03	-1.267036e-03	6.087398e-04	-1.875776e-03
0.647599      	1.097521e-03	4.533985e-04	6.441227e-04	9.088778e-03	4.664506e-03	4.424272e-03	1.201174e-04	-9.536211e-05	1.242218e-03	-1.266958e-03	6.087386e-04	-1.875696e-03
0.647604      	1.096943e-03	4.531491e-04	6.437940e-04	9.088438e-03	4.664318e-03	4.424119e-03	1.200995e-04	-9.532241e-05	1.242177e-03	-1.266876e-03	6.087389e-04	-1.875615e-03
0.647609      	1.096398e-03	4.529128e-04	6.434849e-04	9.088108e-03	4.664136e-03	4.423972e-03	1.200818e-04	-9.528605e-05	1.242139e-03	-1.266820e-03	6.087290e-04	-1.875549e-03
0.647614      	1.095783e-03	4.526477e-04	6.431349e-04	9.087760e-03	4.663944e-03	4.423816e-03	1.200637e-04	-9.524360e-05	1.242094e-03	-1.266734e-03	6.087265e-04	-1.875461e-03
0.647619      	1.095182e-03	4.523851e-04	6.427968e-04	9.087442e-03	4.663766e-03	4.423676e-03	1.200446e-04	-9.520585e-05	1.242055e-03	-1.266658e-03	6.087260e-04	-1.875384e-03
0.647624      	1.094586e-03	4.521286e-04	6.424572e-04	9.087094e-03	4.663574e-03	4.423520e-03	1.200269e-04	-9.516429e-05	1.242010e-03	-1.266581e-03	6.087196e-04	-1.875300e-03
0.647629      	1.094034e-03	4.518876e-04	6.421461e-04	9.086785e-03	4.663400e-03	4.423385e-03	1.200079e-04	-9.512927e-05	1.241976e-03	-1.266507e-03	6.087224e-04	-1.875230e-03
0.647634      	1.093421e-03	4.516270e-04	6.417943e-04	9.086409e-03	4.663195e-03	4.423214e-03	1.199910e-04	-9.508365e-05	1.241924e-03	-1.266413e-03	6.087170e-04	-1.875130e-03
0.647639      	1.092805e-03	4.513619e-04	6.414428e-04	9.086045e-03	4.662995e-03	4.423050e-03	1.199726e-04	-9.504047e-05	1.241878e-03	-1.266322e-03	6.087172e-04	-1.875039e-03
0.647644      	1.092189e-03	4.510980e-04	6.410914e-04	9.085654e-03	4.662782e-03	4.422872e-03	1.199551e-04	-9.499670e-05	1.241831e-03	-1.266238e-03	6.087122e-04	-1.874950e-03
0.647649      	1.091662e-03	4.508697e-04	6.407921e-04	9.085360e-03	4.662617e-03	4.422743e-03	1.199367e-04	-9.496122e-05	1.241796e-03	-1.266159e-03	6.087165e-04	-1.874876e-03
0.647654      	1.090964e-03	4.505712e-04	6.403932e-04	9.084969e-03	4.662401e-03	4.422568e-03	1.199166e-04	-9.491098e-05	1.241742e-03	-1.265998e-03	6.087431e-04	-1.874741e-03
0.647659      	1.090696e-03	4.504466e-04	6.402493e-04	9.084801e-03	4.662298e-03	4.422504e-03	1.198972e-04	-9.490136e-05	1.241737e-03	-1.265961e-03	6.087570e-04	-1.874718e-03
0.647664      	1.089982e-03	4.501426e-04	6.398392e-04	9.084358e-03	4.662060e-03	4.422297e-03	1.198815e-04	-9.484831e-05	1.241674e-03	-1.265890e-03	6.087290e-04	-1.874619e-03
0.647669      	1.089208e-03	4.498095e-04	6.393984e-04	9.083946e-03	4.661835e-03	4.422111e-03	1.198623e-04	-9.479445e-05	1.241611e-03	-1.265759e-03	6.087317e-04	-1.874490e-03
0.647674      	1.088626e-03	4.495586e-04	6.390678e-04	9.083584e-03	4.661636e-03	4.421948e-03	1.198439e-04	-9.475463e-05	1.241573e-03	-1.265691e-03	6.087272e-04	-1.874418e-03
0.647679      	1.088009e-03	4.492896e-04	6.387196e-04	9.083289e-03	4.661470e-03	4.421819e-03	1.198253e-04	-9.471500e-05	1.241532e-03	-1.265615e-03	6.087251e-04	-1.874340e-03
0.647684      	1.087463e-03	4.490454e-04	6.384171e-04	9.083062e-03	4.661336e-03	4.421726e-03	1.198048e-04	-9.468585e-05	1.241506e-03	-1.265533e-03	6.087397e-04	-1.874273e-03
0.647689      	1.086925e-03	4.488099e-04	6.381153e-04	9.082790e-03	4.661181e-03	4.421609e-03	1.197857e-04	-9.465270e-05	1.241474e-03	-1.265454e-03	6.087471e-04	-1.874201e-03
0.647694      	1.086372e-03	4.485686e-04	6.378031e-04	9.082478e-03	4.661006e-03	4.421472e-03	1.197673e-04	-9.461725e-05	1.241437e-03	-1.265365e-03	6.087544e-04	-1.874120e-03
0.647699      	1.085835e-03	4.483330e-04	6.375022e-04	9.082182e-03	4.660839e-03	4.421342e-03	1.197483e-04	-9.458459e-05	1.241405e-03	-1.265306e-03	6.087522e-04	-1.874058e-03
0.647704      	1.085331e-03	4.481122e-04	6.372184e-04	9.081867e-03	4.660663e-03	4.421204e-03	1.197293e-04	-9.455311e-05	1.241378e-03	-1.265245e-03	6.087556e-04	-1.874000e-03
0.647709      	1.084816e-03	4.478845e-04	6.369310e-04	9.081623e-03	4.660522e-03	4.421101e-03	1.197107e-04	-9.452325e-05	1.241350e-03	-1.265203e-03	6.087485e-04	-1.873951e-03
0.647714      	1.084399e-03	4.477048e-04	6.366938e-04	9.081303e-03	4.660344e-03	4.420959e-03	1.196926e-04	-9.449449e-05	1.241323e-03	-1.265142e-03	6.087516e-04	-1.873894e-03
0.647719      	1.083515e-03	4.473312e-04	6.361835e-04	9.080782e-03	4.660067e-03	4.420714e-03	1.196764e-04	-9.442613e-05	1.241235e-03	-1.264985e-03	6.087431e-04	-1.873728e-03
0.647724      	1.082948e-03	4.470823e-04	6.358658e-04	9.080477e-03	4.659896e-03	4.420581e-03	1.196576e-04	-9.439174e-05	1.241205e-03	-1.264935e-03	6.087374e-04	-1.873673e-03
0.647729      	1.082455e-03	4.468652e-04	6.355894e-04	9.080238e-03	4.659757e-03	4.420481e-03	1.196378e-04	-9.436209e-05	1.241179e-03	-1.264848e-03	6.087548e-04	-1.873603e-03
0.647734      	1.081543e-03	4.464829e-04	6.350604e-04	9.079658e-03	4.659452e-03	4.420206e-03	1.196227e-04	-9.428877e-05	1.241082e-03	-1.264681e-03	6.087419e-04	-1.873423e-03
0.647739      	1.081129e-03	4.462901e-04	6.348389e-04	9.079489e-03	4.659346e-03	4.420142e-03	1.196019e-04	-9.427439e-05	1.241080e-03	-1.264684e-03	6.087385e-04	-1.873422e-03
0.647744      	1.080650e-03	4.460807e-04	6.345696e-04	9.079199e-03	4.659182e-03	4.420017e-03	1.195822e-04	-9.424445e-05	1.241053e-03	-1.264594e-03	6.087554e-04	-1.873350e-03
0.647749      	1.080052e-03	4.458230e-04	6.342291e-04	9.078814e-03	4.658972e-03	4.419842e-03	1.195648e-04	-9.420302e-05	1.241006e-03	-1.264520e-03	6.087459e-04	-1.873266e-03
0.647754      	1.079434e-03	4.455554e-04	6.338788e-04	9.078493e-03	4.658793e-03	4.419699e-03	1.195469e-04	-9.416170e-05	1.240962e-03	-1.264439e-03	6.087430e-04	-1.873182e-03
0.647759      	1.078864e-03	4.453079e-04	6.335564e-04	9.078169e-03	4.658612e-03	4.419556e-03	1.195281e-04	-9.412428e-05	1.240923e-03	-1.264347e-03	6.087492e-04	-1.873097e-03
0.647764      	1.078243e-03	4.450382e-04	6.332051e-04	9.077848e-03	4.658433e-03	4.419415e-03	1.195090e-04	-9.408347e-05	1.240880e-03	-1.264252e-03	6.087544e-04	-1.873006e-03
0.647769      	1.077795e-03	4.448393e-04	6.329555e-04	9.077597e-03	4.658289e-03	4.419308e-03	1.194905e-04	-9.405815e-05	1.240858e-03	-1.264204e-03	6.087567e-04	-1.872960e-03
0.647774      	1.077331e-03	4.446333e-04	6.326982e-04	9.077347e-03	4.658145e-03	4.419202e-03	1.194713e-04	-9.403246e-05	1.240838e-03	-1.264142e-03	6.087668e-04	-1.872909e-03
0.647779      	1.076835e-03	4.444140e-04	6.324208e-04	9.077064e-03	4.657984e-03	4.419080e-03	1.194523e-04	-9.400338e-05	1.240809e-03	-1.264062e-03	6.087785e-04	-1.872840e-03
0.647784      	1.076410e-03	4.442250e-04	6.321851e-04	9.076839e-03	4.657852e-03	4.418987e-03	1.194324e-04	-9.398006e-05	1.240792e-03	-1.263982e-03	6.088008e-04	-1.872783e-03
0.647789      	1.075708e-03	4.439236e-04	6.317839e-04	9.076430e-03	4.657630e-03	4.418800e-03	1.194150e-04	-9.393014e-05	1.240733e-03	-1.263891e-03	6.087878e-04	-1.872679e-03
0.647794      	1.075133e-03	4.436737e-04	6.314592e-04	9.076137e-03	4.657465e-03	4.418672e-03	1.193967e-04	-9.389274e-05	1.240695e-03	-1.263810e-03	6.087899e-04	-1.872600e-03
0.647799      	1.074640e-03	4.434582e-04	6.311820e-04	9.075820e-03	4.657287e-03	4.418533e-03	1.193773e-04	-9.386191e-05	1.240663e-03	-1.263727e-03	6.087991e-04	-1.872526e-03
0.647804      	1.074052e-03	4.432030e-04	6.308492e-04	9.075490e-03	4.657105e-03	4.418386e-03	1.193596e-04	-9.382308e-05	1.240621e-03	-1.263649e-03	6.087959e-04	-1.872445e-03
0.647809      	1.073734e-03	4.430553e-04	6.306785e-04	9.075326e-03	4.657003e-03	4.418323e-03	1.193398e-04	-9.381160e-05	1.240619e-03	-1.263614e-03	6.088123e-04	-1.872426e-03
0.647814      	1.073206e-03	4.428256e-04	6.303804e-04	9.075004e-03	4.656823e-03	4.418181e-03	1.193213e-04	-9.377740e-05	1.240584e-03	-1.263536e-03	6.088159e-04	-1.872352e-03
0.647819      	1.072781e-03	4.426392e-04	6.301417e-04	9.074727e-03	4.656665e-03	4.418062e-03	1.193014e-04	-9.375125e-05	1.240557e-03	-1.263436e-03	6.088388e-04	-1.872275e-03
0.647824      	1.072488e-03	4.425011e-04	6.299867e-04	9.074633e-03	4.656597e-03	4.418036e-03	1.192808e-04	-9.374280e-05	1.240561e-03	-1.263361e-03	6.088806e-04	-1.872241e-03
0.647829      	1.072001e-03	4.422874e-04	6.297138e-04	9.074362e-03	4.656442e-03	4.417920e-03	1.192612e-04	-9.371321e-05	1.240533e-03	-1.263272e-03	6.088967e-04	-1.872169e-03
0.647834      	1.071501e-03	4.420687e-04	6.294319e-04	9.074054e-03	4.656270e-03	4.417784e-03	1.192429e-04	-9.368158e-05	1.240501e-03	-1.263215e-03	6.088939e-04	-1.872109e-03
0.647839      	1.070939e-03	4.418216e-04	6.291177e-04	9.073758e-03	4.656104e-03	4.417654e-03	1.192250e-04	-9.364803e-05	1.240468e-03	-1.263164e-03	6.088861e-04	-1.872050e-03
0.647844      	1.070484e-03	4.416215e-04	6.288629e-04	9.073504e-03	4.655958e-03	4.417546e-03	1.192057e-04	-9.362072e-05	1.240444e-03	-1.263080e-03	6.089034e-04	-1.871984e-03
0.647849      	1.070008e-03	4.414121e-04	6.285957e-04	9.073216e-03	4.655796e-03	4.417421e-03	1.191874e-04	-9.359178e-05	1.240415e-03	-1.263014e-03	6.089080e-04	-1.871922e-03
0.647854      	1.069557e-03	4.412144e-04	6.283427e-04	9.072945e-03	4.655641e-03	4.417304e-03	1.191683e-04	-9.356414e-05	1.240389e-03	-1.262932e-03	6.089232e-04	-1.871855e-03
0.647859      	1.069147e-03	4.410329e-04	6.281144e-04	9.072710e-03	4.655504e-03	4.417206e-03	1.191488e-04	-9.354073e-05	1.240371e-03	-1.262859e-03	6.089417e-04	-1.871800e-03
0.647864      	1.068721e-03	4.408476e-04	6.278737e-04	9.072444e-03	4.655353e-03	4.417091e-03	1.191311e-04	-9.351303e-05	1.240344e-03	-1.262787e-03	6.089506e-04	-1.871738e-03
0.647869      	1.068305e-03	4.406648e-04	6.276404e-04	9.072191e-03	4.655208e-03	4.416983e-03	1.191128e-04	-9.348779e-05	1.240322e-03	-1.262722e-03	6.089608e-04	-1.871683e-03
0.647874      	1.067809e-03	4.404482e-04	6.273604e-04	9.071896e-03	4.655042e-03	4.416854e-03	1.190942e-04	-9.345612e-05	1.240290e-03	-1.262640e-03	6.089696e-04	-1.871609e-03
0.647879      	1.067407e-03	4.402718e-04	6.271347e-04	9.071658e-03	4.654905e-03	4.416753e-03	1.190759e-04	-9.343147e-05	1.240266e-03	-1.262564e-03	6.089840e-04	-1.871548e-03
0.647884      	1.067068e-03	4.401217e-04	6.269466e-04	9.071453e-03	4.654782e-03	4.416671e-03	1.190554e-04	-9.341247e-05	1.240251e-03	-1.262463e-03	6.090195e-04	-1.871483e-03
0.647889      	1.066639e-03	4.399341e-04	6.267054e-04	9.071178e-03	4.654625e-03	4.416553e-03	1.190363e-04	-9.338565e-05	1.240225e-03	-1.262386e-03	6.090322e-04	-1.871418e-03
0.647894      	1.066190e-03	4.397370e-04	6.264528e-04	9.070941e-03	4.654489e-03	4.416452e-03	1.190189e-04	-9.335792e-05	1.240200e-03	-1.262297e-03	6.090514e-04	-1.871348e-03
0.647899      	1.065735e-03	4.395418e-04	6.261927e-04	9.070627e-03	4.654316e-03	4.416311e-03	1.190024e-04	-9.332544e-05	1.240166e-03	-1.262221e-03	6.090550e-04	-1.871276e-03
0.647904      	1.065272e-03	4.393396e-04	6.259329e-04	9.070374e-03	4.654172e-03	4.416202e-03	1.189849e-04	-9.329666e-05	1.240138e-03	-1.262149e-03	6.090637e-04	-1.871213e-03
0.647909      	1.064753e-03	4.391150e-04	6.256382e-04	9.070057e-03	4.653995e-03	4.416062e-03	1.189666e-04	-9.326157e-05	1.240099e-03	-1.262041e-03	6.090787e-04	-1.871119e-03
0.647914      	1.064251e-03	4.388936e-04	6.253577e-04	9.069786e-03	4.653842e-03	4.415944e-03	1.189490e-04	-9.323206e-05	1.240070e-03	-1.261984e-03	6.090776e-04	-1.871062e-03
0.647919      	1.063797e-03	4.386976e-04	6.250991e-04	9.069514e-03	4.653688e-03	4.415826e-03	1.189308e-04	-9.320076e-05	1.240038e-03	-1.261883e-03	6.090969e-04	-1.870980e-03
0.647924      	1.063313e-03	4.384892e-04	6.248242e-04	9.069228e-03	4.653528e-03	4.415700e-03	1.189138e-04	-9.316750e-05	1.240003e-03	-1.261790e-03	6.091085e-04	-1.870898e-03
0.647929      	1.062823e-03	4.382733e-04	6.245500e-04	9.068962e-03	4.653378e-03	4.415585e-03	1.188964e-04	-9.313833e-05	1.239974e-03	-1.261740e-03	6.091039e-04	-1.870844e-03
0.647934      	1.062362e-03	4.380735e-04	6.242887e-04	9.068707e-03	4.653231e-03	4.415475e-03	1.188780e-04	-9.310760e-05	1.239945e-03	-1.261653e-03	6.091185e-04	-1.870772e-03
0.647939      	1.061882e-03	4.378669e-04	6.240149e-04	9.068411e-03	4.653066e-03	4.415344e-03	1.188610e-04	-9.307397e-05	1.239908e-03	-1.261568e-03	6.091243e-04	-1.870692e-03
0.647944      	1.061368e-03	4.376478e-04	6.237207e-04	9.068084e-03	4.652886e-03	4.415198e-03	1.188438e-04	-9.303645e-05	1.239867e-03	-1.261468e-03	6.091328e-04	-1.870601e-03
0.647949      	1.060699e-03	4.373678e-04	6.233316e-04	9.067648e-03	4.652652e-03	4.414996e-03	1.188279e-04	-9.298192e-05	1.239800e-03	-1.261331e-03	6.091352e-04	-1.870466e-03
0.647954      	1.060361e-03	4.372153e-04	6.231458e-04	9.067473e-03	4.652546e-03	4.414927e-03	1.188097e-04	-9.296525e-05	1.239791e-03	-1.261289e-03	6.091465e-04	-1.870436e-03
0.647959      	1.059888e-03	4.370109e-04	6.228769e-04	9.067182e-03	4.652384e-03	4.414797e-03	1.187934e-04	-9.293297e-05	1.239755e-03	-1.261221e-03	6.091447e-04	-1.870366e-03
0.647964      	1.059455e-03	4.368229e-04	6.226321e-04	9.066933e-03	4.652242e-03	4.414691e-03	1.187757e-04	-9.290462e-05	1.239728e-03	-1.261155e-03	6.091511e-04	-1.870306e-03
0.647969      	1.058877e-03	4.365773e-04	6.222997e-04	9.066576e-03	4.652048e-03	4.414528e-03	1.187601e-04	-9.286118e-05	1.239678e-03	-1.261065e-03	6.091453e-04	-1.870211e-03
0.647974      	1.058391e-03	4.363655e-04	6.220256e-04	9.066316e-03	4.651900e-03	4.414416e-03	1.187418e-04	-9.283002e-05	1.239649e-03	-1.260994e-03	6.091521e-04	-1.870146e-03
0.647979      	1.057858e-03	4.361377e-04	6.217201e-04	9.065997e-03	4.651724e-03	4.414273e-03	1.187253e-04	-9.279120e-05	1.239604e-03	-1.260900e-03	6.091544e-04	-1.870054e-03
0.647984      	1.057308e-03	4.359025e-04	6.214058e-04	9.065676e-03	4.651547e-03	4.414129e-03	1.187089e-04	-9.275168e-05	1.239561e-03	-1.260818e-03	6.091526e-04	-1.869970e-03
0.647989      	1.056773e-03	4.356732e-04	6.210999e-04	9.065367e-03	4.651376e-03	4.413992e-03	1.186918e-04	-9.271334e-05	1.239519e-03	-1.260718e-03	6.091595e-04	-1.869878e-03
0.647994      	1.056237e-03	4.354440e-04	6.207934e-04	9.065045e-03	4.651198e-03	4.413847e-03	1.186753e-04	-9.267474e-05	1.239476e-03	-1.260634e-03	6.091594e-04	-1.869793e-03
0.647999      	1.055737e-03	4.352279e-04	6.205088e-04	9.064773e-03	4.651045e-03	4.413728e-03	1.186580e-04	-9.264044e-05	1.239441e-03	-1.260551e-03	6.091651e-04	-1.869716e-03
0.648004      	1.055221e-03	4.350056e-04	6.202156e-04	9.064495e-03	4.650887e-03	4.413607e-03	1.186402e-04	-9.260497e-05	1.239403e-03	-1.260450e-03	6.091784e-04	-1.869628e-03
0.648009      	1.054688e-03	4.347772e-04	6.199106e-04	9.064166e-03	4.650707e-03	4.413459e-03	1.186240e-04	-9.256671e-05	1.239360e-03	-1.260371e-03	6.091746e-04	-1.869545e-03
0.648014      	1.054217e-03	4.345727e-04	6.196442e-04	9.063902e-03	4.650558e-03	4.413344e-03	1.186067e-04	-9.253575e-05	1.239330e-03	-1.260306e-03	6.091774e-04	-1.869483e-03
0.648019      	1.053478e-03	4.342722e-04	6.192056e-04	9.063364e-03	4.650276e-03	4.413088e-03	1.185937e-04	-9.246671e-05	1.239239e-03	-1.260166e-03	6.091555e-04	-1.869322e-03
0.648024      	1.052950e-03	4.340451e-04	6.189049e-04	9.063057e-03	4.650106e-03	4.412951e-03	1.185774e-04	-9.242991e-05	1.239198e-03	-1.260099e-03	6.091489e-04	-1.869247e-03
0.648029      	1.052338e-03	4.337866e-04	6.185516e-04	9.062682e-03	4.649902e-03	4.412779e-03	1.185616e-04	-9.238250e-05	1.239142e-03	-1.259999e-03	6.091422e-04	-1.869141e-03
0.648034      	1.051773e-03	4.335482e-04	6.182247e-04	9.062312e-03	4.649702e-03	4.412610e-03	1.185459e-04	-9.233825e-05	1.239090e-03	-1.259908e-03	6.091359e-04	-1.869044e-03
0.648039      	1.051039e-03	4.332465e-04	6.177922e-04	9.061796e-03	4.649432e-03	4.412364e-03	1.185339e-04	-9.227283e-05	1.239003e-03	-1.259798e-03	6.091037e-04	-1.868902e-03
0.648044      	1.050556e-03	4.330343e-04	6.175219e-04	9.061551e-03	4.649291e-03	4.412260e-03	1.185156e-04	-9.224380e-05	1.238978e-03	-1.259733e-03	6.091116e-04	-1.868845e-03
0.648049      	1.049995e-03	4.327959e-04	6.171989e-04	9.061205e-03	4.649101e-03	4.412104e-03	1.184990e-04	-9.220149e-05	1.238929e-03	-1.259630e-03	6.091145e-04	-1.868744e-03
0.648054      	1.049447e-03	4.325605e-04	6.168867e-04	9.060891e-03	4.648928e-03	4.411963e-03	1.184828e-04	-9.216309e-05	1.238888e-03	-1.259560e-03	6.091078e-04	-1.868667e-03
0.648059      	1.048860e-03	4.323097e-04	6.165506e-04	9.060551e-03	4.648742e-03	4.411809e-03	1.184664e-04	-9.212046e-05	1.238840e-03	-1.259474e-03	6.091028e-04	-1.868577e-03
0.648064      	1.048256e-03	4.320521e-04	6.162042e-04	9.060200e-03	4.648551e-03	4.411650e-03	1.184503e-04	-9.207604e-05	1.238790e-03	-1.259390e-03	6.090945e-04	-1.868484e-03
0.648069      	1.047671e-03	4.318029e-04	6.158679e-04	9.059849e-03	4.648358e-03	4.411490e-03	1.184340e-04	-9.203250e-05	1.238741e-03	-1.259299e-03	6.090912e-04	-1.868391e-03
0.648074      	1.047133e-03	4.315727e-04	6.155607e-04	9.059543e-03	4.648189e-03	4.411354e-03	1.184176e-04	-9.199395e-05	1.238699e-03	-1.259225e-03	6.090870e-04	-1.868312e-03
0.648079      	1.046543e-03	4.313215e-04	6.152213e-04	9.059217e-03	4.648011e-03	4.411206e-03	1.184023e-04	-9.194991e-05	1.238655e-03	-1.259143e-03	6.090833e-04	-1.868226e-03
0.648084      	1.045953e-03	4.310710e-04	6.148815e-04	9.058847e-03	4.647809e-03	4.411038e-03	1.183855e-04	-9.190525e-05	1.238600e-03	-1.259037e-03	6.090815e-04	-1.868118e-03
0.648089      	1.045406e-03	4.308369e-04	6.145691e-04	9.058528e-03	4.647633e-03	4.410895e-03	1.183689e-04	-9.186611e-05	1.238558e-03	-1.258955e-03	6.090800e-04	-1.868035e-03
0.648094      	1.044789e-03	4.305750e-04	6.142142e-04	9.058154e-03	4.647430e-03	4.410724e-03	1.183529e-04	-9.181959e-05	1.238503e-03	-1.258859e-03	6.090732e-04	-1.867932e-03
0.648099      	1.044247e-03	4.303430e-04	6.139036e-04	9.057832e-03	4.647252e-03	4.410580e-03	1.183362e-04	-9.178030e-05	1.238458e-03	-1.258768e-03	6.090740e-04	-1.867842e-03
0.648104      	1.043638e-03	4.300830e-04	6.135546e-04	9.057483e-03	4.647061e-03	4.410422e-03	1.183198e-04	-9.173580e-05	1.238404e-03	-1.258654e-03	6.090776e-04	-1.867731e-03
0.648109      	1.043064e-03	4.298391e-04	6.132252e-04	9.057130e-03	4.646868e-03	4.410262e-03	1.183033e-04	-9.169303e-05	1.238359e-03	-1.258579e-03	6.090690e-04	-1.867648e-03
0.648114      	1.042462e-03	4.295834e-04	6.128786e-04	9.056739e-03	4.646657e-03	4.410082e-03	1.182877e-04	-9.164761e-05	1.238302e-03	-1.258482e-03	6.090615e-04	-1.867543e-03
0.648119      	1.041859e-03	4.293252e-04	6.125336e-04	9.056401e-03	4.646470e-03	4.409931e-03	1.182697e-04	-9.160420e-05	1.238255e-03	-1.258372e-03	6.090686e-04	-1.867440e-03
0.648124      	1.041359e-03	4.291121e-04	6.122471e-04	9.056067e-03	4.646288e-03	4.409780e-03	1.182540e-04	-9.156749e-05	1.238215e-03	-1.258316e-03	6.090565e-04	-1.867373e-03
0.648129      	1.040873e-03	4.289040e-04	6.119688e-04	9.055789e-03	4.646132e-03	4.409657e-03	1.182372e-04	-9.153239e-05	1.238175e-03	-1.258218e-03	6.090657e-04	-1.867283e-03
0.648134      	1.040255e-03	4.286422e-04	6.116131e-04	9.055437e-03	4.645939e-03	4.409498e-03	1.182207e-04	-9.148549e-05	1.238119e-03	-1.258100e-03	6.090692e-04	-1.867169e-03
0.648139      	1.039555e-03	4.283471e-04	6.112074e-04	9.055010e-03	4.645709e-03	4.409301e-03	1.182042e-04	-9.143015e-05	1.238051e-03	-1.257967e-03	6.090670e-04	-1.867034e-03
0.648144      	1.039303e-03	4.282265e-04	6.110769e-04	9.054883e-03	4.645627e-03	4.409255e-03	1.181861e-04	-9.142521e-05	1.238060e-03	-1.257984e-03	6.090684e-04	-1.867052e-03
0.648149      	1.038699e-03	4.279744e-04	6.107247e-04	9.054485e-03	4.645413e-03	4.409072e-03	1.181703e-04	-9.137513e-05	1.237999e-03	-1.257854e-03	6.090724e-04	-1.866926e-03
0.648154      	1.038065e-03	4.277068e-04	6.103580e-04	9.054050e-03	4.645178e-03	4.408872e-03	1.181532e-04	-9.132562e-05	1.237939e-03	-1.257733e-03	6.090730e-04	-1.866806e-03
0.648159      	1.037391e-03	4.274216e-04	6.099690e-04	9.053623e-03	4.644949e-03	4.408674e-03	1.181376e-04	-9.127369e-05	1.237878e-03	-1.257631e-03	6.090625e-04	-1.866694e-03
0.648164      	1.036919e-03	4.272142e-04	6.097050e-04	9.053405e-03	4.644822e-03	4.408582e-03	1.181200e-04	-9.124542e-05	1.237851e-03	-1.257576e-03	6.090627e-04	-1.866639e-03
0.648169      	1.036407e-03	4.269985e-04	6.094087e-04	9.053032e-03	4.644619e-03	4.408412e-03	1.181034e-04	-9.120509e-05	1.237804e-03	-1.257468e-03	6.090703e-04	-1.866539e-03
0.648174      	1.035917e-03	4.267910e-04	6.091265e-04	9.052677e-03	4.644426e-03	4.408252e-03	1.180870e-04	-9.116776e-05	1.237764e-03	-1.257383e-03	6.090722e-04	-1.866455e-03
0.648179      	1.035417e-03	4.265737e-04	6.088434e-04	9.052391e-03	4.644266e-03	4.408126e-03	1.180701e-04	-9.113484e-05	1.237727e-03	-1.257311e-03	6.090715e-04	-1.866383e-03
0.648184      	1.034905e-03	4.263554e-04	6.085494e-04	9.052081e-03	4.644093e-03	4.407987e-03	1.180531e-04	-9.109702e-05	1.237683e-03	-1.257199e-03	6.090836e-04	-1.866283e-03
0.648189      	1.034458e-03	4.261616e-04	6.082962e-04	9.051786e-03	4.643929e-03	4.407858e-03	1.180356e-04	-9.106729e-05	1.237654e-03	-1.257123e-03	6.090921e-04	-1.866216e-03
0.648194      	1.033926e-03	4.259333e-04	6.079930e-04	9.051468e-03	4.643752e-03	4.407715e-03	1.180187e-04	-9.102985e-05	1.237611e-03	-1.257038e-03	6.090918e-04	-1.866130e-03
0.648199      	1.033453e-03	4.257315e-04	6.077217e-04	9.051129e-03	4.643566e-03	4.407563e-03	1.180016e-04	-9.099511e-05	1.237574e-03	-1.256948e-03	6.090995e-04	-1.866048e-03
0.648204      	1.033063e-03	4.255623e-04	6.075005e-04	9.050836e-03	4.643402e-03	4.407434e-03	1.179837e-04	-9.096907e-05	1.237545e-03	-1.256871e-03	6.091092e-04	-1.865980e-03
0.648209      	1.032518e-03	4.253328e-04	6.071856e-04	9.050503e-03	4.643221e-03	4.407282e-03	1.179694e-04	-9.092638e-05	1.237492e-03	-1.256777e-03	6.091034e-04	-1.865880e-03
0.648214      	1.031913e-03	4.250874e-04	6.068261e-04	9.050000e-03	4.642955e-03	4.407045e-03	1.179551e-04	-9.086934e-05	1.237420e-03	-1.256656e-03	6.090918e-04	-1.865748e-03
0.648219      	1.031637e-03	4.249541e-04	6.066830e-04	9.049875e-03	4.642872e-03	4.407002e-03	1.179350e-04	-9.086448e-05	1.237428e-03	-1.256620e-03	6.091183e-04	-1.865738e-03
0.648224      	1.030992e-03	4.246830e-04	6.063094e-04	9.049474e-03	4.642655e-03	4.406819e-03	1.179181e-04	-9.081318e-05	1.237366e-03	-1.256468e-03	6.091318e-04	-1.865600e-03
0.648229      	1.030116e-03	4.243182e-04	6.057976e-04	9.048878e-03	4.642344e-03	4.406534e-03	1.179050e-04	-9.073970e-05	1.237270e-03	-1.256376e-03	6.090825e-04	-1.865458e-03
0.648234      	1.030003e-03	4.242473e-04	6.057556e-04	9.048920e-03	4.642342e-03	4.406578e-03	1.178820e-04	-9.075415e-05	1.237310e-03	-1.256356e-03	6.091322e-04	-1.865488e-03
0.648239      	1.029378e-03	4.239879e-04	6.053899e-04	9.048474e-03	4.642103e-03	4.406371e-03	1.178660e-04	-9.070099e-05	1.237244e-03	-1.256220e-03	6.091334e-04	-1.865354e-03
0.648244      	1.028876e-03	4.237705e-04	6.051057e-04	9.048154e-03	4.641926e-03	4.406228e-03	1.178492e-04	-9.066759e-05	1.237208e-03	-1.256153e-03	6.091316e-04	-1.865285e-03
0.648249      	1.028393e-03	4.235648e-04	6.048282e-04	9.047838e-03	4.641752e-03	4.406087e-03	1.178324e-04	-9.063168e-05	1.237169e-03	-1.256055e-03	6.091411e-04	-1.865196e-03
0.648254      	1.027954e-03	4.233744e-04	6.045798e-04	9.047545e-03	4.641588e-03	4.405958e-03	1.178151e-04	-9.060271e-05	1.237139e-03	-1.255989e-03	6.091445e-04	-1.865134e-03
0.648259      	1.027316e-03	4.231045e-04	6.042112e-04	9.047133e-03	4.641365e-03	4.405768e-03	1.177989e-04	-9.055338e-05	1.237078e-03	-1.255864e-03	6.091461e-04	-1.865010e-03
0.648264      	1.026779e-03	4.228738e-04	6.039053e-04	9.046798e-03	4.641181e-03	4.405618e-03	1.177815e-04	-9.051577e-05	1.237037e-03	-1.255775e-03	6.091499e-04	-1.864924e-03
0.648269      	1.026314e-03	4.226717e-04	6.036424e-04	9.046492e-03	4.641009e-03	4.405483e-03	1.177631e-04	-9.048532e-05	1.237007e-03	-1.255677e-03	6.091682e-04	-1.864845e-03
0.648274      	1.025820e-03	4.224628e-04	6.033576e-04	9.046183e-03	4.640838e-03	4.405345e-03	1.177465e-04	-9.044741e-05	1.236960e-03	-1.255564e-03	6.091780e-04	-1.864742e-03
0.648279      	1.025256e-03	4.222200e-04	6.030358e-04	9.045811e-03	4.640636e-03	4.405175e-03	1.177303e-04	-9.040792e-05	1.236917e-03	-1.255490e-03	6.091726e-04	-1.864662e-03
0.648284      	1.024668e-03	4.219683e-04	6.026996e-04	9.045420e-03	4.640423e-03	4.404997e-03	1.177128e-04	-9.036567e-05	1.236874e-03	-1.255396e-03	6.091757e-04	-1.864572e-03
0.648289      	1.024131e-03	4.217403e-04	6.023902e-04	9.045066e-03	4.640230e-03	4.404836e-03	1.176971e-04	-9.032491e-05	1.236823e-03	-1.255299e-03	6.091735e-04	-1.864473e-03
0.648294      	1.023623e-03	4.215211e-04	6.021020e-04	9.044731e-03	4.640045e-03	4.404686e-03	1.176799e-04	-9.029042e-05	1.236786e-03	-1.255210e-03	6.091810e-04	-1.864392e-03
0.648299      	1.022954e-03	4.212379e-04	6.017163e-04	9.044301e-03	4.639815e-03	4.404486e-03	1.176647e-04	-9.023919e-05	1.236724e-03	-1.255131e-03	6.091591e-04	-1.864290e-03
0.648304      	1.022396e-03	4.209990e-04	6.013965e-04	9.043946e-03	4.639622e-03	4.404325e-03	1.176486e-04	-9.019877e-05	1.236680e-03	-1.255051e-03	6.091539e-04	-1.864205e-03
0.648309      	1.021888e-03	4.207773e-04	6.011110e-04	9.043627e-03	4.639444e-03	4.404184e-03	1.176301e-04	-9.016686e-05	1.236646e-03	-1.254957e-03	6.091672e-04	-1.864125e-03
0.648314      	1.021252e-03	4.205044e-04	6.007481e-04	9.043239e-03	4.639233e-03	4.404006e-03	1.176133e-04	-9.012185e-05	1.236594e-03	-1.254870e-03	6.091592e-04	-1.864030e-03
0.648319      	1.020711e-03	4.202771e-04	6.004337e-04	9.042868e-03	4.639032e-03	4.403836e-03	1.175979e-04	-9.007829e-05	1.236543e-03	-1.254769e-03	6.091580e-04	-1.863927e-03
0.648324      	1.020200e-03	4.200546e-04	6.001456e-04	9.042559e-03	4.638860e-03	4.403700e-03	1.175801e-04	-9.004553e-05	1.236508e-03	-1.254684e-03	6.091657e-04	-1.863850e-03
0.648329      	1.019724e-03	4.198473e-04	5.998765e-04	9.042278e-03	4.638701e-03	4.403577e-03	1.175621e-04	-9.001460e-05	1.236478e-03	-1.254587e-03	6.091843e-04	-1.863772e-03
0.648334      	1.019092e-03	4.195721e-04	5.995201e-04	9.041909e-03	4.638498e-03	4.403411e-03	1.175436e-04	-8.997404e-05	1.236429e-03	-1.254481e-03	6.091882e-04	-1.863669e-03
0.648339      	1.018682e-03	4.193919e-04	5.992904e-04	9.041655e-03	4.638354e-03	4.403301e-03	1.175267e-04	-8.994925e-05	1.236404e-03	-1.254420e-03	6.091942e-04	-1.863614e-03
0.648344      	1.018220e-03	4.191894e-04	5.990305e-04	9.041364e-03	4.638190e-03	4.403174e-03	1.175083e-04	-8.992057e-05	1.236372e-03	-1.254318e-03	6.092131e-04	-1.863531e-03
0.648349      	1.017640e-03	4.189366e-04	5.987030e-04	9.041013e-03	4.637996e-03	4.403017e-03	1.174896e-04	-8.988318e-05	1.236329e-03	-1.254218e-03	6.092199e-04	-1.863438e-03
0.648354      	1.017257e-03	4.187704e-04	5.984864e-04	9.040748e-03	4.637847e-03	4.402901e-03	1.174727e-04	-8.985804e-05	1.236302e-03	-1.254125e-03	6.092390e-04	-1.863364e-03
0.648359      	1.016896e-03	4.186113e-04	5.982852e-04	9.040528e-03	4.637718e-03	4.402810e-03	1.174542e-04	-8.983694e-05	1.236283e-03	-1.254036e-03	6.092645e-04	-1.863301e-03
0.648364      	1.016416e-03	4.184042e-04	5.980119e-04	9.040199e-03	4.637537e-03	4.402662e-03	1.174372e-04	-8.980382e-05	1.236246e-03	-1.253950e-03	6.092709e-04	-1.863221e-03
0.648369      	1.015946e-03	4.182013e-04	5.977446e-04	9.039875e-03	4.637358e-03	4.402518e-03	1.174201e-04	-8.977166e-05	1.236211e-03	-1.253860e-03	6.092811e-04	-1.863141e-03
0.648374      	1.015477e-03	4.179964e-04	5.974808e-04	9.039594e-03	4.637199e-03	4.402395e-03	1.174022e-04	-8.974219e-05	1.236180e-03	-1.253770e-03	6.092953e-04	-1.863065e-03
0.648379      	1.015034e-03	4.178015e-04	5.972325e-04	9.039342e-03	4.637054e-03	4.402287e-03	1.173834e-04	-8.971547e-05	1.236153e-03	-1.253664e-03	6.093206e-04	-1.862985e-03
0.648384      	1.014602e-03	4.176109e-04	5.969914e-04	9.039088e-03	4.636909e-03	4.402179e-03	1.173649e-04	-8.969027e-05	1.236129e-03	-1.253578e-03	6.093397e-04	-1.862918e-03
0.648389      	1.014123e-03	4.174021e-04	5.967205e-04	9.038780e-03	4.636737e-03	4.402043e-03	1.173470e-04	-8.965921e-05	1.236095e-03	-1.253484e-03	6.093523e-04	-1.862837e-03
0.648394      	1.013678e-03	4.172077e-04	5.964700e-04	9.038499e-03	4.636579e-03	4.401920e-03	1.173294e-04	-8.963114e-05	1.236064e-03	-1.253397e-03	6.093659e-04	-1.862763e-03
0.648399      	1.013212e-03	4.170051e-04	5.962074e-04	9.038202e-03	4.636413e-03	4.401790e-03	1.173113e-04	-8.960118e-05	1.236033e-03	-1.253302e-03	6.093816e-04	-1.862684e-03
0.648404      	1.012791e-03	4.168199e-04	5.959710e-04	9.037933e-03	4.636260e-03	4.401673e-03	1.172934e-04	-8.957554e-05	1.236008e-03	-1.253219e-03	6.093981e-04	-1.862617e-03
0.648409      	1.012412e-03	4.166520e-04	5.957600e-04	9.037698e-03	4.636124e-03	4.401574e-03	1.172749e-04	-8.955399e-05	1.235987e-03	-1.253131e-03	6.094218e-04	-1.862553e-03
0.648414      	1.011998e-03	4.164663e-04	5.955322e-04	9.037515e-03	4.636013e-03	4.401502e-03	1.172558e-04	-8.953296e-05	1.235970e-03	-1.253051e-03	6.094446e-04	-1.862495e-03
0.648419      	1.011652e-03	4.163155e-04	5.953368e-04	9.037254e-03	4.635864e-03	4.401389e-03	1.172374e-04	-8.951062e-05	1.235946e-03	-1.252949e-03	6.094717e-04	-1.862421e-03
0.648424      	1.011238e-03	4.161332e-04	5.951051e-04	9.036987e-03	4.635713e-03	4.401274e-03	1.172198e-04	-8.948594e-05	1.235921e-03	-1.252864e-03	6.094891e-04	-1.862353e-03
0.648429      	1.010804e-03	4.159405e-04	5.948630e-04	9.036769e-03	4.635586e-03	4.401183e-03	1.172017e-04	-8.946122e-05	1.235896e-03	-1.252774e-03	6.095096e-04	-1.862283e-03
0.648434      	1.010348e-03	4.157396e-04	5.946080e-04	9.036502e-03	4.635434e-03	4.401068e-03	1.171833e-04	-8.943421e-05	1.235868e-03	-1.252681e-03	6.095275e-04	-1.862209e-03
0.648439      	1.009801e-03	4.155027e-04	5.942979e-04	9.036199e-03	4.635265e-03	4.400934e-03	1.171655e-04	-8.939760e-05	1.235827e-03	-1.252560e-03	6.095469e-04	-1.862107e-03
0.648444      	1.009362e-03	4.153134e-04	5.940489e-04	9.035896e-03	4.635098e-03	4.400798e-03	1.171497e-04	-8.936772e-05	1.235791e-03	-1.252488e-03	6.095477e-04	-1.862035e-03
0.648449      	1.008976e-03	4.151430e-04	5.938326e-04	9.035663e-03	4.634963e-03	4.400700e-03	1.171318e-04	-8.934479e-05	1.235769e-03	-1.252400e-03	6.095685e-04	-1.861969e-03
0.648454      	1.008583e-03	4.149710e-04	5.936119e-04	9.035404e-03	4.634816e-03	4.400587e-03	1.171145e-04	-8.932045e-05	1.235744e-03	-1.252322e-03	6.095835e-04	-1.861905e-03
0.648459      	1.008158e-03	4.147848e-04	5.933728e-04	9.035146e-03	4.634669e-03	4.400477e-03	1.170960e-04	-8.929402e-05	1.235717e-03	-1.252212e-03	6.096112e-04	-1.861823e-03
0.648464      	1.007745e-03	4.146043e-04	5.931403e-04	9.034884e-03	4.634521e-03	4.400363e-03	1.170790e-04	-8.926800e-05	1.235690e-03	-1.252132e-03	6.096241e-04	-1.861756e-03
0.648469      	1.007344e-03	4.144286e-04	5.929158e-04	9.034651e-03	4.634387e-03	4.400264e-03	1.170613e-04	-8.924360e-05	1.235665e-03	-1.252037e-03	6.096461e-04	-1.861683e-03
0.648474      	1.006932e-03	4.142477e-04	5.926841e-04	9.034399e-03	4.634243e-03	4.400156e-03	1.170436e-04	-8.921820e-05	1.235639e-03	-1.251944e-03	6.096672e-04	-1.861611e-03
0.648479      	1.006506e-03	4.140619e-04	5.924443e-04	9.034143e-03	4.634098e-03	4.400045e-03	1.170263e-04	-8.919124e-05	1.235612e-03	-1.251857e-03	6.096829e-04	-1.861540e-03
0.648484      	1.006083e-03	4.138773e-04	5.922054e-04	9.033919e-03	4.633969e-03	4.399951e-03	1.170091e-04	-8.916405e-05	1.235588e-03	-1.251755e-03	6.097105e-04	-1.861465e-03
0.648489      	1.005635e-03	4.136852e-04	5.919498e-04	9.033601e-03	4.633794e-03	4.399808e-03	1.169931e-04	-8.913231e-05	1.235546e-03	-1.251668e-03	6.097121e-04	-1.861380e-03
0.648494      	1.005209e-03	4.134986e-04	5.917102e-04	9.033355e-03	4.633653e-03	4.399702e-03	1.169757e-04	-8.910576e-05	1.235519e-03	-1.251573e-03	6.097323e-04	-1.861305e-03
0.648499      	1.004776e-03	4.133104e-04	5.914652e-04	9.033083e-03	4.633500e-03	4.399583e-03	1.169586e-04	-8.907737e-05	1.235489e-03	-1.251489e-03	6.097442e-04	-1.861233e-03
0.648504      	1.004304e-03	4.131082e-04	5.911958e-04	9.032803e-03	4.633343e-03	4.399460e-03	1.169412e-04	-8.904384e-05	1.235452e-03	-1.251378e-03	6.097630e-04	-1.861141e-03
0.648509      	1.003846e-03	4.129083e-04	5.909377e-04	9.032525e-03	4.633186e-03	4.399338e-03	1.169241e-04	-8.901466e-05	1.235422e-03	-1.251295e-03	6.097741e-04	-1.861069e-03
0.648514      	1.003421e-03	4.127232e-04	5.906983e-04	9.032266e-03	4.633040e-03	4.399226e-03	1.169070e-04	-8.898755e-05	1.235394e-03	-1.251212e-03	6.097877e-04	-1.861000e-03
0.648519      	1.002992e-03	4.125370e-04	5.904553e-04	9.032003e-03	4.632892e-03	4.399111e-03	1.168903e-04	-8.895915e-05	1.235363e-03	-1.251123e-03	6.098010e-04	-1.860924e-03
0.648524      	1.002555e-03	4.123478e-04	5.902070e-04	9.031730e-03	4.632738e-03	4.398992e-03	1.168733e-04	-8.892961e-05	1.235331e-03	-1.251037e-03	6.098123e-04	-1.860849e-03
0.648529      	1.002130e-03	4.121634e-04	5.899662e-04	9.031469e-03	4.632591e-03	4.398878e-03	1.168567e-04	-8.890143e-05	1.235300e-03	-1.250949e-03	6.098256e-04	-1.860774e-03
0.648534      	1.001712e-03	4.119821e-04	5.897303e-04	9.031217e-03	4.632449e-03	4.398768e-03	1.168402e-04	-8.887409e-05	1.235272e-03	-1.250870e-03	6.098371e-04	-1.860707e-03
0.648539      	1.001248e-03	4.117817e-04	5.894667e-04	9.030936e-03	4.632292e-03	4.398645e-03	1.168235e-04	-8.884249e-05	1.235236e-03	-1.250781e-03	6.098462e-04	-1.860627e-03
0.648544      	1.000820e-03	4.115979e-04	5.892222e-04	9.030656e-03	4.632135e-03	4.398521e-03	1.168069e-04	-8.881214e-05	1.235201e-03	-1.250687e-03	6.098574e-04	-1.860544e-03
0.648549      	1.000390e-03	4.114120e-04	5.889775e-04	9.030394e-03	4.631987e-03	4.398407e-03	1.167898e-04	-8.878273e-05	1.235168e-03	-1.250593e-03	6.098718e-04	-1.860465e-03
0.648554      	9.999389e-04	4.112180e-04	5.887210e-04	9.030098e-03	4.631824e-03	4.398275e-03	1.167746e-04	-8.875149e-05	1.235134e-03	-1.250523e-03	6.098727e-04	-1.860396e-03
0.648559      	9.994873e-04	4.110238e-04	5.884634e-04	9.029815e-03	4.631665e-03	4.398150e-03	1.167579e-04	-8.871979e-05	1.235098e-03	-1.250425e-03	6.098854e-04	-1.860310e-03
0.648564      	9.990377e-04	4.108300e-04	5.882077e-04	9.029544e-03	4.631514e-03	4.398029e-03	1.167425e-04	-8.868882e-05	1.235064e-03	-1.250345e-03	6.098915e-04	-1.860237e-03
0.648569      	9.985883e-04	4.106370e-04	5.879514e-04	9.029258e-03	4.631355e-03	4.397903e-03	1.167262e-04	-8.865720e-05	1.235028e-03	-1.250258e-03	6.098994e-04	-1.860157e-03
0.648574      	9.981501e-04	4.104468e-04	5.877033e-04	9.029001e-03	4.631210e-03	4.397791e-03	1.167097e-04	-8.862824e-05	1.234998e-03	-1.250177e-03	6.099092e-04	-1.860086e-03
0.648579      	9.976988e-04	4.102525e-04	5.874463e-04	9.028719e-03	4.631053e-03	4.397665e-03	1.166941e-04	-8.859687e-05	1.234963e-03	-1.250101e-03	6.099125e-04	-1.860013e-03
0.648584      	9.972561e-04	4.100621e-04	5.871940e-04	9.028439e-03	4.630898e-03	4.397542e-03	1.166780e-04	-8.856592e-05	1.234929e-03	-1.250020e-03	6.099185e-04	-1.859939e-03
0.648589      	9.968309e-04	4.098772e-04	5.869537e-04	9.028186e-03	4.630755e-03	4.397432e-03	1.166615e-04	-8.853824e-05	1.234900e-03	-1.249949e-03	6.099258e-04	-1.859875e-03
0.648594      	9.963396e-04	4.096665e-04	5.866731e-04	9.027890e-03	4.630591e-03	4.397299e-03	1.166460e-04	-8.850331e-05	1.234859e-03	-1.249855e-03	6.099314e-04	-1.859786e-03
0.648599      	9.958624e-04	4.094622e-04	5.864002e-04	9.027603e-03	4.630432e-03	4.397172e-03	1.166300e-04	-8.846899e-05	1.234819e-03	-1.249764e-03	6.099374e-04	-1.859701e-03
0.648604      	9.953670e-04	4.092488e-04	5.861182e-04	9.027326e-03	4.630277e-03	4.397049e-03	1.166140e-04	-8.843472e-05	1.234779e-03	-1.249672e-03	6.099427e-04	-1.859615e-03
0.648609      	9.948953e-04	4.090465e-04	5.858488e-04	9.027040e-03	4.630118e-03	4.396922e-03	1.165981e-04	-8.840118e-05	1.234741e-03	-1.249587e-03	6.099480e-04	-1.859535e-03
0.648614      	9.944337e-04	4.088480e-04	5.855858e-04	9.026743e-03	4.629954e-03	4.396789e-03	1.165828e-04	-8.836889e-05	1.234703e-03	-1.249518e-03	6.099444e-04	-1.859462e-03
0.648619      	9.939680e-04	4.086485e-04	5.853195e-04	9.026454e-03	4.629794e-03	4.396660e-03	1.165669e-04	-8.833554e-05	1.234665e-03	-1.249429e-03	6.099506e-04	-1.859380e-03
0.648624      	9.935070e-04	4.084511e-04	5.850559e-04	9.026166e-03	4.629634e-03	4.396532e-03	1.165511e-04	-8.830242e-05	1.234627e-03	-1.249343e-03	6.099558e-04	-1.859298e-03
0.648629      	9.930346e-04	4.082491e-04	5.847855e-04	9.025879e-03	4.629475e-03	4.396404e-03	1.165352e-04	-8.826820e-05	1.234588e-03	-1.249250e-03	6.099636e-04	-1.859213e-03
0.648634      	9.925608e-04	4.080464e-04	5.845145e-04	9.025580e-03	4.629310e-03	4.396270e-03	1.165198e-04	-8.823407e-05	1.234549e-03	-1.249171e-03	6.099631e-04	-1.859134e-03
0.648639      	9.920929e-04	4.078453e-04	5.842475e-04	9.025298e-03	4.629153e-03	4.396145e-03	1.165043e-04	-8.820111e-05	1.234513e-03	-1.249090e-03	6.099674e-04	-1.859058e-03
0.648644      	9.916403e-04	4.076509e-04	5.839893e-04	9.025016e-03	4.628996e-03	4.396020e-03	1.164878e-04	-8.816920e-05	1.234475e-03	-1.249001e-03	6.099741e-04	-1.858975e-03
0.648649      	9.911238e-04	4.074307e-04	5.836930e-04	9.024702e-03	4.628824e-03	4.395878e-03	1.164729e-04	-8.813116e-05	1.234429e-03	-1.248913e-03	6.099723e-04	-1.858885e-03
0.648654      	9.906283e-04	4.072191e-04	5.834092e-04	9.024405e-03	4.628660e-03	4.395745e-03	1.164574e-04	-8.809504e-05	1.234387e-03	-1.248831e-03	6.099718e-04	-1.858803e-03
0.648659      	9.901417e-04	4.070110e-04	5.831307e-04	9.024107e-03	4.628495e-03	4.395612e-03	1.164418e-04	-8.805986e-05	1.234346e-03	-1.248744e-03	6.099743e-04	-1.858718e-03
0.648664      	9.896495e-04	4.068011e-04	5.828484e-04	9.023809e-03	4.628331e-03	4.395478e-03	1.164262e-04	-8.802365e-05	1.234306e-03	-1.248650e-03	6.099807e-04	-1.858631e-03
0.648669      	9.891651e-04	4.065925e-04	5.825727e-04	9.023527e-03	4.628173e-03	4.395353e-03	1.164101e-04	-8.799010e-05	1.234267e-03	-1.248570e-03	6.099824e-04	-1.858552e-03
0.648674      	9.886627e-04	4.063772e-04	5.822855e-04	9.023231e-03	4.628010e-03	4.395222e-03	1.163941e-04	-8.795419e-05	1.234227e-03	-1.248481e-03	6.099863e-04	-1.858467e-03
0.648679      	9.881575e-04	4.061623e-04	5.819952e-04	9.022906e-03	4.627833e-03	4.395074e-03	1.163794e-04	-8.791641e-05	1.234181e-03	-1.248400e-03	6.099808e-04	-1.858380e-03
0.648684      	9.876894e-04	4.059620e-04	5.817274e-04	9.022630e-03	4.627679e-03	4.394952e-03	1.163637e-04	-8.788270e-05	1.234142e-03	-1.248316e-03	6.099842e-04	-1.858300e-03
0.648689      	9.871961e-04	4.057508e-04	5.814452e-04	9.022328e-03	4.627513e-03	4.394815e-03	1.163487e-04	-8.784719e-05	1.234101e-03	-1.248240e-03	6.099806e-04	-1.858221e-03
0.648694      	9.867311e-04	4.055529e-04	5.811782e-04	9.022037e-03	4.627352e-03	4.394685e-03	1.163338e-04	-8.781268e-05	1.234059e-03	-1.248158e-03	6.099802e-04	-1.858138e-03
0.648699      	9.862522e-04	4.053480e-04	5.809043e-04	9.021739e-03	4.627188e-03	4.394551e-03	1.163185e-04	-8.777815e-05	1.234019e-03	-1.248075e-03	6.099811e-04	-1.858056e-03
0.648704      	9.857744e-04	4.051435e-04	5.806310e-04	9.021431e-03	4.627019e-03	4.394413e-03	1.163030e-04	-8.774375e-05	1.233976e-03	-1.247997e-03	6.099775e-04	-1.857975e-03
0.648709      	9.852597e-04	4.049243e-04	5.803354e-04	9.021107e-03	4.626841e-03	4.394266e-03	1.162879e-04	-8.770554e-05	1.233930e-03	-1.247909e-03	6.099755e-04	-1.857885e-03
0.648714      	9.847786e-04	4.047195e-04	5.800591e-04	9.020794e-03	4.626670e-03	4.394123e-03	1.162734e-04	-8.766978e-05	1.233888e-03	-1.247842e-03	6.099668e-04	-1.857808e-03
0.648719      	9.843136e-04	4.045219e-04	5.797917e-04	9.020479e-03	4.626498e-03	4.393981e-03	1.162585e-04	-8.763489e-05	1.233844e-03	-1.247757e-03	6.099660e-04	-1.857723e-03
0.648724      	9.838458e-04	4.043200e-04	5.795258e-04	9.020191e-03	4.626339e-03	4.393853e-03	1.162428e-04	-8.760290e-05	1.233809e-03	-1.247691e-03	6.099634e-04	-1.857655e-03
0.648729      	9.833520e-04	4.041096e-04	5.792424e-04	9.019867e-03	4.626160e-03	4.393707e-03	1.162269e-04	-8.756640e-05	1.233767e-03	-1.247601e-03	6.099662e-04	-1.857567e-03
0.648734      	9.828946e-04	4.039152e-04	5.789794e-04	9.019569e-03	4.625996e-03	4.393572e-03	1.162122e-04	-8.753208e-05	1.233725e-03	-1.247521e-03	6.099642e-04	-1.857485e-03
0.648739      	9.824095e-04	4.037084e-04	5.787011e-04	9.019260e-03	4.625827e-03	4.393433e-03	1.161967e-04	-8.749637e-05	1.233683e-03	-1.247436e-03	6.099648e-04	-1.857401e-03
0.648744      	9.819458e-04	4.035118e-04	5.784340e-04	9.018968e-03	4.625666e-03	4.393303e-03	1.161814e-04	-8.746111e-05	1.233641e-03	-1.247345e-03	6.099680e-04	-1.857313e-03
0.648749      	9.814509e-04	4.033019e-04	5.781490e-04	9.018644e-03	4.625488e-03	4.393156e-03	1.161660e-04	-8.742360e-05	1.233595e-03	-1.247247e-03	6.099714e-04	-1.857218e-03
0.648754      	9.809541e-04	4.030894e-04	5.778646e-04	9.018340e-03	4.625321e-03	4.393019e-03	1.161509e-04	-8.738761e-05	1.233554e-03	-1.247177e-03	6.099653e-04	-1.857143e-03
0.648759      	9.804706e-04	4.028802e-04	5.775904e-04	9.018054e-03	4.625162e-03	4.392893e-03	1.161343e-04	-8.735511e-05	1.233517e-03	-1.247094e-03	6.099701e-04	-1.857064e-03
0.648764      	9.799817e-04	4.026729e-04	5.773088e-04	9.017733e-03	4.624986e-03	4.392747e-03	1.161194e-04	-8.731795e-05	1.233473e-03	-1.247009e-03	6.099688e-04	-1.856977e-03
0.648769      	9.795060e-04	4.024709e-04	5.770351e-04	9.017420e-03	4.624814e-03	4.392606e-03	1.161044e-04	-8.728209e-05	1.233429e-03	-1.246922e-03	6.099680e-04	-1.856890e-03
0.648774      	9.790341e-04	4.022701e-04	5.767639e-04	9.017109e-03	4.624644e-03	4.392465e-03	1.160894e-04	-8.724689e-05	1.233386e-03	-1.246846e-03	6.099633e-04	-1.856809e-03
0.648779      	9.785972e-04	4.020833e-04	5.765138e-04	9.016829e-03	4.624488e-03	4.392341e-03	1.160735e-04	-8.721525e-05	1.233351e-03	-1.246758e-03	6.099721e-04	-1.856731e-03
0.648784      	9.781242e-04	4.018827e-04	5.762415e-04	9.016526e-03	4.624321e-03	4.392205e-03	1.160583e-04	-8.717938e-05	1.233309e-03	-1.246671e-03	6.099740e-04	-1.856645e-03
0.648789      	9.776377e-04	4.016743e-04	5.759634e-04	9.016222e-03	4.624155e-03	4.392068e-03	1.160433e-04	-8.714451e-05	1.233267e-03	-1.246594e-03	6.099704e-04	-1.856564e-03
0.648794      	9.771630e-04	4.014719e-04	5.756911e-04	9.015915e-03	4.623986e-03	4.391930e-03	1.160279e-04	-8.710958e-05	1.233226e-03	-1.246510e-03	6.099711e-04	-1.856481e-03
0.648799      	9.767006e-04	4.012742e-04	5.754264e-04	9.015610e-03	4.623818e-03	4.391792e-03	1.160127e-04	-8.707610e-05	1.233187e-03	-1.246438e-03	6.099682e-04	-1.856406e-03
0.648804      	9.762438e-04	4.010787e-04	5.751650e-04	9.015325e-03	4.623658e-03	4.391666e-03	1.159961e-04	-8.704314e-05	1.233151e-03	-1.246344e-03	6.099786e-04	-1.856323e-03
0.648809      	9.757721e-04	4.008777e-04	5.748944e-04	9.015005e-03	4.623484e-03	4.391521e-03	1.159811e-04	-8.700836e-05	1.233108e-03	-1.246269e-03	6.099741e-04	-1.856243e-03
0.648814      	9.753007e-04	4.006769e-04	5.746239e-04	9.014695e-03	4.623313e-03	4.391382e-03	1.159654e-04	-8.697350e-05	1.233067e-03	-1.246179e-03	6.099782e-04	-1.856157e-03
0.648819      	9.748584e-04	4.004880e-04	5.743703e-04	9.014402e-03	4.623151e-03	4.391251e-03	1.159496e-04	-8.694116e-05	1.233030e-03	-1.246083e-03	6.099887e-04	-1.856072e-03
0.648824      	9.743767e-04	4.002825e-04	5.740942e-04	9.014083e-03	4.622976e-03	4.391107e-03	1.159347e-04	-8.690586e-05	1.232989e-03	-1.246017e-03	6.099807e-04	-1.855998e-03
0.648829      	9.738956e-04	4.000767e-04	5.738189e-04	9.013772e-03	4.622806e-03	4.390966e-03	1.159197e-04	-8.687111e-05	1.232948e-03	-1.245943e-03	6.099765e-04	-1.855919e-03
0.648834      	9.734142e-04	3.998711e-04	5.735431e-04	9.013459e-03	4.622634e-03	4.390825e-03	1.159043e-04	-8.683597e-05	1.232906e-03	-1.245850e-03	6.099809e-04	-1.855831e-03
0.648839      	9.729543e-04	3.996746e-04	5.732797e-04	9.013161e-03	4.622469e-03	4.390692e-03	1.158888e-04	-8.680257e-05	1.232868e-03	-1.245776e-03	6.099797e-04	-1.855756e-03
0.648844      	9.724933e-04	3.994772e-04	5.730161e-04	9.012868e-03	4.622307e-03	4.390560e-03	1.158734e-04	-8.676947e-05	1.232829e-03	-1.245689e-03	6.099840e-04	-1.855674e-03
0.648849      	9.720346e-04	3.992805e-04	5.727542e-04	9.012576e-03	4.622146e-03	4.390430e-03	1.158581e-04	-8.673685e-05	1.232792e-03	-1.245625e-03	6.099796e-04	-1.855604e-03
0.648854      	9.715895e-04	3.990890e-04	5.725005e-04	9.012284e-03	4.621985e-03	4.390299e-03	1.158428e-04	-8.670578e-05	1.232756e-03	-1.245554e-03	6.099791e-04	-1.855533e-03
0.648859      	9.711534e-04	3.989016e-04	5.722518e-04	9.012008e-03	4.621831e-03	4.390177e-03	1.158271e-04	-8.667509e-05	1.232722e-03	-1.245483e-03	6.099807e-04	-1.855464e-03
0.648864      	9.706992e-04	3.987070e-04	5.719922e-04	9.011713e-03	4.621668e-03	4.390046e-03	1.158112e-04	-8.664259e-05	1.232684e-03	-1.245394e-03	6.099875e-04	-1.855381e-03
0.648869      	9.702367e-04	3.985097e-04	5.717270e-04	9.011414e-03	4.621503e-03	4.389911e-03	1.157957e-04	-8.660867e-05	1.232644e-03	-1.245312e-03	6.099884e-04	-1.855300e-03
0.648874      	9.697806e-04	3.983143e-04	5.714663e-04	9.011113e-03	4.621337e-03	4.389776e-03	1.157803e-04	-8.657602e-05	1.232605e-03	-1.245228e-03	6.099912e-04	-1.855219e-03
0.648879      	9.693206e-04	3.981176e-04	5.712030e-04	9.010824e-03	4.621177e-03	4.389648e-03	1.157645e-04	-8.654272e-05	1.232568e-03	-1.245148e-03	6.099944e-04	-1.855142e-03
0.648884      	9.688796e-04	3.979279e-04	5.709517e-04	9.010542e-03	4.621020e-03	4.389522e-03	1.157487e-04	-8.651191e-05	1.232533e-03	-1.245064e-03	6.100008e-04	-1.855065e-03
0.648889      	9.684533e-04	3.977447e-04	5.707085e-04	9.010257e-03	4.620863e-03	4.389394e-03	1.157346e-04	-8.648190e-05	1.232498e-03	-1.245013e-03	6.099915e-04	-1.855005e-03
0.648894      	9.679958e-04	3.975488e-04	5.704470e-04	9.009964e-03	4.620700e-03	4.389264e-03	1.157183e-04	-8.644907e-05	1.232460e-03	-1.244920e-03	6.100003e-04	-1.854920e-03
0.648899      	9.675561e-04	3.973609e-04	5.701952e-04	9.009668e-03	4.620537e-03	4.389131e-03	1.157034e-04	-8.641716e-05	1.232424e-03	-1.244849e-03	6.099994e-04	-1.854848e-03
0.648904      	9.670719e-04	3.971547e-04	5.699172e-04	9.009355e-03	4.620365e-03	4.388990e-03	1.156878e-04	-8.638127e-05	1.232380e-03	-1.244755e-03	6.100028e-04	-1.854758e-03
0.648909      	9.666162e-04	3.969584e-04	5.696577e-04	9.009063e-03	4.620204e-03	4.388859e-03	1.156728e-04	-8.634965e-05	1.232345e-03	-1.244689e-03	6.100003e-04	-1.854689e-03
0.648914      	9.661636e-04	3.967646e-04	5.693991e-04	9.008769e-03	4.620042e-03	4.388727e-03	1.156573e-04	-8.631726e-05	1.232307e-03	-1.244605e-03	6.100042e-04	-1.854609e-03
0.648919      	9.657154e-04	3.965733e-04	5.691421e-04	9.008472e-03	4.619878e-03	4.388594e-03	1.156416e-04	-8.628440e-05	1.232268e-03	-1.244518e-03	6.100093e-04	-1.854528e-03
0.648924      	9.652617e-04	3.963796e-04	5.688821e-04	9.008168e-03	4.619710e-03	4.388458e-03	1.156264e-04	-8.625121e-05	1.232231e-03	-1.244438e-03	6.100116e-04	-1.854450e-03
0.648929      	9.648711e-04	3.962102e-04	5.686609e-04	9.007922e-03	4.619571e-03	4.388350e-03	1.156104e-04	-8.622537e-05	1.232203e-03	-1.244376e-03	6.100153e-04	-1.854391e-03
0.648934      	9.644335e-04	3.960233e-04	5.684102e-04	9.007615e-03	4.619403e-03	4.388212e-03	1.155954e-04	-8.619349e-05	1.232166e-03	-1.244293e-03	6.100193e-04	-1.854312e-03
0.648939      	9.640397e-04	3.958522e-04	5.681874e-04	9.007356e-03	4.619258e-03	4.388097e-03	1.155803e-04	-8.616761e-05	1.232136e-03	-1.244242e-03	6.100145e-04	-1.854257e-03
0.648944      	9.635606e-04	3.956484e-04	5.679123e-04	9.007029e-03	4.619079e-03	4.387950e-03	1.155646e-04	-8.613194e-05	1.232092e-03	-1.244135e-03	6.100246e-04	-1.854160e-03
0.648949      	9.631014e-04	3.954516e-04	5.676498e-04	9.006732e-03	4.618915e-03	4.387816e-03	1.155497e-04	-8.609910e-05	1.232054e-03	-1.244065e-03	6.100219e-04	-1.854087e-03
0.648954      	9.626437e-04	3.952550e-04	5.673887e-04	9.006434e-03	4.618751e-03	4.387683e-03	1.155342e-04	-8.606688e-05	1.232016e-03	-1.243988e-03	6.100223e-04	-1.854010e-03
0.648959      	9.622051e-04	3.950668e-04	5.671383e-04	9.006134e-03	4.618586e-03	4.387548e-03	1.155191e-04	-8.603578e-05	1.231978e-03	-1.243911e-03	6.100226e-04	-1.853933e-03
0.648964      	9.617348e-04	3.948656e-04	5.668692e-04	9.005827e-03	4.618417e-03	4.387410e-03	1.155038e-04	-8.600177e-05	1.231939e-03	-1.243831e-03	6.100235e-04	-1.853854e-03
0.648969      	9.612820e-04	3.946719e-04	5.666102e-04	9.005531e-03	4.618253e-03	4.387277e-03	1.154880e-04	-8.596915e-05	1.231901e-03	-1.243747e-03	6.100270e-04	-1.853774e-03
0.648974      	9.608212e-04	3.944742e-04	5.663470e-04	9.005236e-03	4.618090e-03	4.387145e-03	1.154726e-04	-8.593638e-05	1.231862e-03	-1.243660e-03	6.100323e-04	-1.853692e-03
0.648979      	9.603734e-04	3.942820e-04	5.660914e-04	9.004941e-03	4.617928e-03	4.387013e-03	1.154576e-04	-8.590473e-05	1.231825e-03	-1.243586e-03	6.100315e-04	-1.853618e-03
0.648984      	9.599369e-04	3.940945e-04	5.658424e-04	9.004666e-03	4.617775e-03	4.386891e-03	1.154416e-04	-8.587397e-05	1.231790e-03	-1.243505e-03	6.100373e-04	-1.853543e-03
0.648989      	9.594777e-04	3.938967e-04	5.655810e-04	9.004368e-03	4.617611e-03	4.386758e-03	1.154266e-04	-8.584214e-05	1.231753e-03	-1.243430e-03	6.100382e-04	-1.853468e-03
0.648994      	9.590391e-04	3.937090e-04	5.653300e-04	9.004077e-03	4.617450e-03	4.386627e-03	1.154114e-04	-8.581051e-05	1.231716e-03	-1.243357e-03	6.100372e-04	-1.853394e-03
0.648999      	9.586222e-04	3.935296e-04	5.650925e-04	9.003808e-03	4.617300e-03	4.386508e-03	1.153957e-04	-8.578146e-05	1.231683e-03	-1.243273e-03	6.100469e-04	-1.853320e-03
0.649004      	9.581660e-04	3.933339e-04	5.648322e-04	9.003504e-03	4.617132e-03	4.386372e-03	1.153802e-04	-8.574914e-05	1.231645e-03	-1.243190e-03	6.100500e-04	-1.853240e-03
0.649009      	9.577014e-04	3.931343e-04	5.645670e-04	9.003204e-03	4.616967e-03	4.386237e-03	1.153653e-04	-8.571636e-05	1.231605e-03	-1.243117e-03	6.100468e-04	-1.853164e-03
0.649014      	9.572671e-04	3.929491e-04	5.643180e-04	9.002907e-03	4.616803e-03	4.386104e-03	1.153499e-04	-8.568447e-05	1.231569e-03	-1.243032e-03	6.100528e-04	-1.853084e-03
0.649019      	9.568247e-04	3.927591e-04	5.640656e-04	9.002620e-03	4.616644e-03	4.385975e-03	1.153345e-04	-8.565323e-05	1.231532e-03	-1.242954e-03	6.100552e-04	-1.853009e-03
0.649024      	9.563796e-04	3.925682e-04	5.638114e-04	9.002328e-03	4.616483e-03	4.385845e-03	1.153189e-04	-8.562162e-05	1.231495e-03	-1.242872e-03	6.100592e-04	-1.852931e-03
0.649029      	9.559368e-04	3.923781e-04	5.635587e-04	9.002032e-03	4.616320e-03	4.385712e-03	1.153041e-04	-8.559034e-05	1.231459e-03	-1.242800e-03	6.100586e-04	-1.852858e-03
0.649034      	9.555078e-04	3.921935e-04	5.633143e-04	9.001751e-03	4.616164e-03	4.385587e-03	1.152885e-04	-8.556040e-05	1.231424e-03	-1.242726e-03	6.100610e-04	-1.852787e-03
0.649039      	9.550589e-04	3.920007e-04	5.630583e-04	9.001455e-03	4.616000e-03	4.385454e-03	1.152731e-04	-8.552879e-05	1.231387e-03	-1.242643e-03	6.100651e-04	-1.852708e-03
0.649044      	9.546295e-04	3.918163e-04	5.628132e-04	9.001173e-03	4.615844e-03	4.385329e-03	1.152577e-04	-8.549842e-05	1.231351e-03	-1.242562e-03	6.100699e-04	-1.852632e-03
0.649049      	9.541906e-04	3.916275e-04	5.625630e-04	9.000881e-03	4.615684e-03	4.385197e-03	1.152431e-04	-8.546774e-05	1.231314e-03	-1.242500e-03	6.100643e-04	-1.852564e-03
0.649054      	9.537657e-04	3.914453e-04	5.623203e-04	9.000598e-03	4.615526e-03	4.385072e-03	1.152273e-04	-8.543750e-05	1.231280e-03	-1.242415e-03	6.100730e-04	-1.852488e-03
0.649059      	9.533302e-04	3.912582e-04	5.620720e-04	9.000318e-03	4.615370e-03	4.384947e-03	1.152116e-04	-8.540688e-05	1.231244e-03	-1.242332e-03	6.100779e-04	-1.852410e-03
0.649064      	9.529027e-04	3.910745e-04	5.618282e-04	9.000034e-03	4.615214e-03	4.384821e-03	1.151964e-04	-8.537681e-05	1.231209e-03	-1.242261e-03	6.100785e-04	-1.852340e-03
0.649069      	9.524749e-04	3.908904e-04	5.615845e-04	8.999750e-03	4.615056e-03	4.384694e-03	1.151812e-04	-8.534703e-05	1.231174e-03	-1.242186e-03	6.100809e-04	-1.852267e-03
0.649074      	9.520458e-04	3.907061e-04	5.613397e-04	8.999461e-03	4.614897e-03	4.384564e-03	1.151662e-04	-8.531683e-05	1.231138e-03	-1.242113e-03	6.100812e-04	-1.852195e-03
0.649079      	9.516255e-04	3.905256e-04	5.611000e-04	8.999178e-03	4.614740e-03	4.384437e-03	1.151514e-04	-8.528721e-05	1.231102e-03	-1.242042e-03	6.100816e-04	-1.852123e-03
0.649084      	9.512195e-04	3.903510e-04	5.608685e-04	8.998903e-03	4.614587e-03	4.384315e-03	1.151361e-04	-8.525875e-05	1.231070e-03	-1.241968e-03	6.100856e-04	-1.852053e-03
0.649089      	9.507933e-04	3.901680e-04	5.606253e-04	8.998620e-03	4.614430e-03	4.384189e-03	1.151206e-04	-8.522867e-05	1.231034e-03	-1.241887e-03	6.100904e-04	-1.851977e-03
0.649094      	9.503463e-04	3.899757e-04	5.603706e-04	8.998336e-03	4.614274e-03	4.384062e-03	1.151060e-04	-8.519747e-05	1.230998e-03	-1.241816e-03	6.100901e-04	-1.851906e-03
0.649099      	9.499252e-04	3.897945e-04	5.601307e-04	8.998062e-03	4.614121e-03	4.383941e-03	1.150902e-04	-8.516812e-05	1.230964e-03	-1.241739e-03	6.100947e-04	-1.851833e-03
0.649104      	9.495092e-04	3.896156e-04	5.598936e-04	8.997774e-03	4.613962e-03	4.383812e-03	1.150753e-04	-8.513902e-05	1.230928e-03	-1.241666e-03	6.100950e-04	-1.851761e-03
0.649109      	9.490841e-04	3.894331e-04	5.596510e-04	8.997485e-03	4.613803e-03	4.383682e-03	1.150606e-04	-8.510898e-05	1.230892e-03	-1.241600e-03	6.100924e-04	-1.851693e-03
0.649114      	9.486609e-04	3.892510e-04	5.594099e-04	8.997199e-03	4.613645e-03	4.383554e-03	1.150453e-04	-8.507941e-05	1.230856e-03	-1.241522e-03	6.100952e-04	-1.851618e-03
0.649119      	9.482486e-04	3.890739e-04	5.591746e-04	8.996918e-03	4.613489e-03	4.383429e-03	1.150302e-04	-8.505033e-05	1.230821e-03	-1.241447e-03	6.100980e-04	-1.851545e-03
0.649124      	9.478266e-04	3.888929e-04	5.589337e-04	8.996637e-03	4.613333e-03	4.383303e-03	1.150149e-04	-8.502041e-05	1.230786e-03	-1.241368e-03	6.101021e-04	-1.851470e-03
0.649129      	9.474021e-04	3.887104e-04	5.586917e-04	8.996360e-03	4.613179e-03	4.383180e-03	1.149994e-04	-8.499068e-05	1.230751e-03	-1.241288e-03	6.101071e-04	-1.851395e-03
0.649134      	9.469684e-04	3.885241e-04	5.584443e-04	8.996069e-03	4.613019e-03	4.383050e-03	1.149843e-04	-8.496007e-05	1.230714e-03	-1.241212e-03	6.101081e-04	-1.851320e-03
0.649139      	9.465591e-04	3.883482e-04	5.582109e-04	8.995790e-03	4.612864e-03	4.382926e-03	1.149691e-04	-8.493134e-05	1.230679e-03	-1.241138e-03	6.101104e-04	-1.851248e-03
0.649144      	9.461418e-04	3.881697e-04	5.579721e-04	8.995506e-03	4.612707e-03	4.382799e-03	1.149539e-04	-8.490122e-05	1.230643e-03	-1.241047e-03	6.101196e-04	-1.851166e-03
0.649149      	9.457030e-04	3.879809e-04	5.577222e-04	8.995224e-03	4.612551e-03	4.382673e-03	1.149388e-04	-8.487066e-05	1.230607e-03	-1.240970e-03	6.101216e-04	-1.851092e-03
0.649154      	9.453011e-04	3.878089e-04	5.574923e-04	8.994975e-03	4.612409e-03	4.382566e-03	1.149215e-04	-8.484168e-05	1.230574e-03	-1.240849e-03	6.101494e-04	-1.850998e-03
0.649159      	9.448696e-04	3.876225e-04	5.572471e-04	8.994693e-03	4.612256e-03	4.382437e-03	1.149097e-04	-8.481230e-05	1.230539e-03	-1.240817e-03	6.101308e-04	-1.850948e-03
0.649164      	9.451143e-04	3.877701e-04	5.573442e-04	8.994130e-03	4.611919e-03	4.382211e-03	1.148537e-04	-8.478703e-05	1.230405e-03	-1.240402e-03	6.102045e-04	-1.850606e-03
0.649169      	9.435703e-04	3.870270e-04	5.565433e-04	8.994444e-03	4.612129e-03	4.382315e-03	1.149071e-04	-8.475815e-05	1.230572e-03	-1.240788e-03	6.101780e-04	-1.850966e-03
0.649174      	9.437153e-04	3.871325e-04	5.565828e-04	8.993874e-03	4.611807e-03	4.382067e-03	1.148702e-04	-8.472512e-05	1.230440e-03	-1.240688e-03	6.100957e-04	-1.850784e-03
0.649179      	9.432212e-04	3.869159e-04	5.563053e-04	8.993544e-03	4.611615e-03	4.381929e-03	1.148429e-04	-8.469468e-05	1.230387e-03	-1.240468e-03	6.101528e-04	-1.850621e-03
0.649184      	9.428216e-04	3.867442e-04	5.560775e-04	8.993258e-03	4.611466e-03	4.381793e-03	1.148366e-04	-8.466666e-05	1.230363e-03	-1.240472e-03	6.101270e-04	-1.850599e-03
0.649189      	9.423583e-04	3.865461e-04	5.558122e-04	8.992971e-03	4.611307e-03	4.381665e-03	1.148210e-04	-8.463308e-05	1.230323e-03	-1.240371e-03	6.101375e-04	-1.850508e-03
0.649194      	9.419625e-04	3.863759e-04	5.555866e-04	8.992702e-03	4.611155e-03	4.381547e-03	1.148040e-04	-8.460537e-05	1.230289e-03	-1.240278e-03	6.101501e-04	-1.850428e-03
0.649199      	9.415258e-04	3.861899e-04	5.553359e-04	8.992386e-03	4.610984e-03	4.381402e-03	1.147908e-04	-8.457300e-05	1.230246e-03	-1.240228e-03	6.101324e-04	-1.850361e-03
0.649204      	9.411522e-04	3.860298e-04	5.551223e-04	8.992112e-03	4.610832e-03	4.381281e-03	1.147755e-04	-8.454625e-05	1.230215e-03	-1.240152e-03	6.101390e-04	-1.850291e-03
0.649209      	9.407279e-04	3.858473e-04	5.548806e-04	8.991827e-03	4.610675e-03	4.381152e-03	1.147613e-04	-8.451666e-05	1.230180e-03	-1.240091e-03	6.101344e-04	-1.850225e-03
0.649214      	9.403206e-04	3.856732e-04	5.546474e-04	8.991549e-03	4.610520e-03	4.381030e-03	1.147448e-04	-8.448707e-05	1.230141e-03	-1.239988e-03	6.101469e-04	-1.850135e-03
0.649219      	9.399190e-04	3.854996e-04	5.544193e-04	8.991277e-03	4.610370e-03	4.380908e-03	1.147309e-04	-8.445985e-05	1.230108e-03	-1.239928e-03	6.101443e-04	-1.850072e-03
0.649224      	9.395119e-04	3.853253e-04	5.541866e-04	8.990989e-03	4.610211e-03	4.380778e-03	1.147163e-04	-8.443068e-05	1.230070e-03	-1.239853e-03	6.101442e-04	-1.849997e-03
0.649229      	9.390979e-04	3.851481e-04	5.539497e-04	8.990707e-03	4.610055e-03	4.380652e-03	1.147018e-04	-8.440081e-05	1.230035e-03	-1.239780e-03	6.101450e-04	-1.849925e-03
0.649234      	9.387031e-04	3.849794e-04	5.537237e-04	8.990430e-03	4.609903e-03	4.380527e-03	1.146877e-04	-8.437214e-05	1.230000e-03	-1.239709e-03	6.101456e-04	-1.849855e-03
0.649239      	9.383371e-04	3.848222e-04	5.535149e-04	8.990175e-03	4.609761e-03	4.380415e-03	1.146729e-04	-8.434635e-05	1.229970e-03	-1.239645e-03	6.101477e-04	-1.849792e-03
0.649244      	9.378969e-04	3.846339e-04	5.532630e-04	8.989874e-03	4.609595e-03	4.380279e-03	1.146584e-04	-8.431453e-05	1.229929e-03	-1.239572e-03	6.101431e-04	-1.849715e-03
0.649249      	9.375061e-04	3.844665e-04	5.530396e-04	8.989605e-03	4.609446e-03	4.380159e-03	1.146435e-04	-8.428656e-05	1.229896e-03	-1.239503e-03	6.101447e-04	-1.849647e-03
0.649254      	9.369381e-04	3.842253e-04	5.527128e-04	8.989258e-03	4.609259e-03	4.379999e-03	1.146298e-04	-8.424372e-05	1.229847e-03	-1.239422e-03	6.101357e-04	-1.849557e-03
0.649259      	9.359602e-04	3.838138e-04	5.521463e-04	8.988662e-03	4.608948e-03	4.379713e-03	1.146176e-04	-8.416625e-05	1.229735e-03	-1.239284e-03	6.100934e-04	-1.849377e-03
0.649264      	9.352216e-04	3.835023e-04	5.517193e-04	8.988245e-03	4.608728e-03	4.379517e-03	1.146056e-04	-8.410853e-05	1.229670e-03	-1.239225e-03	6.100579e-04	-1.849283e-03
0.649269      	9.346943e-04	3.832786e-04	5.514157e-04	8.987899e-03	4.608541e-03	4.379358e-03	1.145912e-04	-8.406853e-05	1.229617e-03	-1.239138e-03	6.100485e-04	-1.849186e-03
0.649274      	9.342055e-04	3.830709e-04	5.511346e-04	8.987582e-03	4.608367e-03	4.379215e-03	1.145759e-04	-8.403187e-05	1.229573e-03	-1.239050e-03	6.100477e-04	-1.849098e-03
0.649279      	9.337133e-04	3.828616e-04	5.508517e-04	8.987281e-03	4.608202e-03	4.379079e-03	1.145619e-04	-8.399507e-05	1.229532e-03	-1.238974e-03	6.100448e-04	-1.849019e-03
0.649284      	9.332544e-04	3.826659e-04	5.505885e-04	8.986946e-03	4.608021e-03	4.378924e-03	1.145485e-04	-8.396128e-05	1.229485e-03	-1.238914e-03	6.100283e-04	-1.848942e-03
0.649289      	9.328146e-04	3.824779e-04	5.503367e-04	8.986663e-03	4.607865e-03	4.378799e-03	1.145330e-04	-8.392936e-05	1.229445e-03	-1.238837e-03	6.100266e-04	-1.848863e-03
0.649294      	9.323567e-04	3.822843e-04	5.500724e-04	8.986388e-03	4.607711e-03	4.378676e-03	1.145176e-04	-8.389405e-05	1.229407e-03	-1.238738e-03	6.100376e-04	-1.848775e-03
0.649299      	9.319044e-04	3.820909e-04	5.498135e-04	8.986078e-03	4.607541e-03	4.378536e-03	1.145026e-04	-8.386127e-05	1.229369e-03	-1.238659e-03	6.100392e-04	-1.848698e-03
0.649304      	9.314940e-04	3.819163e-04	5.495777e-04	8.985768e-03	4.607373e-03	4.378394e-03	1.144895e-04	-8.383071e-05	1.229324e-03	-1.238592e-03	6.100278e-04	-1.848620e-03
0.649309      	9.310625e-04	3.817334e-04	5.493291e-04	8.985476e-03	4.607214e-03	4.378261e-03	1.144767e-04	-8.379783e-05	1.229283e-03	-1.238539e-03	6.100138e-04	-1.848553e-03
0.649314      	9.305778e-04	3.815277e-04	5.490502e-04	8.985245e-03	4.607085e-03	4.378160e-03	1.144625e-04	-8.376126e-05	1.229254e-03	-1.238447e-03	6.100305e-04	-1.848477e-03
0.649319      	9.302634e-04	3.813915e-04	5.488719e-04	8.984878e-03	4.606897e-03	4.377981e-03	1.144580e-04	-8.374018e-05	1.229211e-03	-1.238508e-03	6.099569e-04	-1.848465e-03
0.649324      	9.298732e-04	3.812238e-04	5.486495e-04	8.984496e-03	4.606690e-03	4.377806e-03	1.144418e-04	-8.371286e-05	1.229147e-03	-1.238435e-03	6.099292e-04	-1.848364e-03
0.649329      	9.294430e-04	3.810412e-04	5.484018e-04	8.984201e-03	4.606533e-03	4.377668e-03	1.144323e-04	-8.368026e-05	1.229113e-03	-1.238418e-03	6.099045e-04	-1.848322e-03
0.649334      	9.290137e-04	3.808582e-04	5.481555e-04	8.983925e-03	4.606379e-03	4.377546e-03	1.144165e-04	-8.364867e-05	1.229075e-03	-1.238315e-03	6.099176e-04	-1.848232e-03
0.649339      	9.285890e-04	3.806764e-04	5.479126e-04	8.983634e-03	4.606219e-03	4.377415e-03	1.144023e-04	-8.361806e-05	1.229037e-03	-1.238245e-03	6.099139e-04	-1.848159e-03
0.649344      	9.281443e-04	3.804872e-04	5.476571e-04	8.983321e-03	4.606050e-03	4.377271e-03	1.143894e-04	-8.358492e-05	1.228993e-03	-1.238181e-03	6.099027e-04	-1.848084e-03
0.649349      	9.277187e-04	3.803054e-04	5.474133e-04	8.983024e-03	4.605887e-03	4.377137e-03	1.143748e-04	-8.355398e-05	1.228954e-03	-1.238104e-03	6.099017e-04	-1.848006e-03
0.649354      	9.273014e-04	3.801278e-04	5.471736e-04	8.982721e-03	4.605722e-03	4.376999e-03	1.143615e-04	-8.352291e-05	1.228913e-03	-1.238039e-03	6.098931e-04	-1.847933e-03
0.649359      	9.268945e-04	3.799538e-04	5.469407e-04	8.982441e-03	4.605569e-03	4.376872e-03	1.143483e-04	-8.349341e-05	1.228879e-03	-1.237980e-03	6.098887e-04	-1.847868e-03
0.649364      	9.264751e-04	3.797755e-04	5.466996e-04	8.982139e-03	4.605404e-03	4.376735e-03	1.143345e-04	-8.346205e-05	1.228837e-03	-1.237895e-03	6.098899e-04	-1.847785e-03
0.649369      	9.261293e-04	3.796261e-04	5.465033e-04	8.981889e-03	4.605266e-03	4.376624e-03	1.143211e-04	-8.343859e-05	1.228809e-03	-1.237865e-03	6.098767e-04	-1.847742e-03
0.649374      	9.257240e-04	3.794535e-04	5.462705e-04	8.981593e-03	4.605104e-03	4.376490e-03	1.143070e-04	-8.340847e-05	1.228768e-03	-1.237769e-03	6.098835e-04	-1.847653e-03
0.649379      	9.252684e-04	3.792584e-04	5.460100e-04	8.981310e-03	4.604947e-03	4.376363e-03	1.142920e-04	-8.337581e-05	1.228732e-03	-1.237698e-03	6.098834e-04	-1.847581e-03
0.649384      	9.248482e-04	3.790802e-04	5.457680e-04	8.981005e-03	4.604779e-03	4.376226e-03	1.142762e-04	-8.334391e-05	1.228688e-03	-1.237577e-03	6.098995e-04	-1.847477e-03
0.649389      	9.244268e-04	3.788997e-04	5.455272e-04	8.980723e-03	4.604623e-03	4.376100e-03	1.142615e-04	-8.331374e-05	1.228653e-03	-1.237512e-03	6.098975e-04	-1.847409e-03
0.649394      	9.240175e-04	3.787271e-04	5.452904e-04	8.980408e-03	4.604453e-03	4.375955e-03	1.142493e-04	-8.328166e-05	1.228607e-03	-1.237429e-03	6.098924e-04	-1.847322e-03
0.649399      	9.235938e-04	3.785447e-04	5.450490e-04	8.980123e-03	4.604298e-03	4.375825e-03	1.142362e-04	-8.325217e-05	1.228574e-03	-1.237396e-03	6.098755e-04	-1.847272e-03
0.649404      	9.231474e-04	3.783561e-04	5.447913e-04	8.979809e-03	4.604128e-03	4.375682e-03	1.142230e-04	-8.321762e-05	1.228527e-03	-1.237299e-03	6.098770e-04	-1.847176e-03
0.649409      	9.227289e-04	3.781762e-04	5.445527e-04	8.979524e-03	4.603970e-03	4.375554e-03	1.142077e-04	-8.318829e-05	1.228496e-03	-1.237261e-03	6.098654e-04	-1.847126e-03
0.649414      	9.222934e-04	3.779926e-04	5.443007e-04	8.979220e-03	4.603805e-03	4.375416e-03	1.141944e-04	-8.315405e-05	1.228446e-03	-1.237118e-03	6.098863e-04	-1.847005e-03
0.649419      	9.219211e-04	3.778314e-04	5.440897e-04	8.978946e-03	4.603654e-03	4.375292e-03	1.141805e-04	-8.312917e-05	1.228422e-03	-1.237128e-03	6.098581e-04	-1.846986e-03
0.649424      	9.214517e-04	3.776333e-04	5.438184e-04	8.978634e-03	4.603484e-03	4.375150e-03	1.141669e-04	-8.309254e-05	1.228368e-03	-1.236967e-03	6.098844e-04	-1.846852e-03
0.649429      	9.210850e-04	3.774737e-04	5.436113e-04	8.978360e-03	4.603333e-03	4.375027e-03	1.141533e-04	-8.306880e-05	1.228346e-03	-1.237003e-03	6.098444e-04	-1.846847e-03
0.649434      	9.206133e-04	3.772757e-04	5.433376e-04	8.978057e-03	4.603167e-03	4.374890e-03	1.141383e-04	-8.303093e-05	1.228287e-03	-1.236801e-03	6.098864e-04	-1.846688e-03
0.649439      	9.202561e-04	3.771190e-04	5.431371e-04	8.977787e-03	4.603018e-03	4.374770e-03	1.141240e-04	-8.300909e-05	1.228271e-03	-1.236863e-03	6.098392e-04	-1.846702e-03
0.649444      	9.197793e-04	3.769208e-04	5.428585e-04	8.977466e-03	4.602843e-03	4.374623e-03	1.141099e-04	-8.296886e-05	1.228207e-03	-1.236624e-03	6.098946e-04	-1.846518e-03
0.649449      	9.194263e-04	3.767649e-04	5.426614e-04	8.977196e-03	4.602693e-03	4.374503e-03	1.140947e-04	-8.294822e-05	1.228198e-03	-1.236720e-03	6.098378e-04	-1.846558e-03
0.649454      	9.189397e-04	3.765634e-04	5.423763e-04	8.976855e-03	4.602509e-03	4.374346e-03	1.140813e-04	-8.290646e-05	1.228125e-03	-1.236427e-03	6.099111e-04	-1.846338e-03
0.649459      	9.186573e-04	3.764362e-04	5.422211e-04	8.976634e-03	4.602384e-03	4.374250e-03	1.140674e-04	-8.289245e-05	1.228130e-03	-1.236605e-03	6.098269e-04	-1.846432e-03
0.649464      	9.180897e-04	3.762004e-04	5.418894e-04	8.976265e-03	4.602187e-03	4.374078e-03	1.140541e-04	-8.284451e-05	1.228042e-03	-1.236260e-03	6.099116e-04	-1.846172e-03
0.649469      	9.178554e-04	3.760920e-04	5.417634e-04	8.976058e-03	4.602069e-03	4.373989e-03	1.140403e-04	-8.283566e-05	1.228058e-03	-1.236486e-03	6.098153e-04	-1.846301e-03
0.649474      	9.172386e-04	3.758372e-04	5.414014e-04	8.975686e-03	4.601868e-03	4.373818e-03	1.140249e-04	-8.278208e-05	1.227960e-03	-1.236071e-03	6.099244e-04	-1.845996e-03
0.649479      	9.170771e-04	3.757588e-04	5.413183e-04	8.975515e-03	4.601770e-03	4.373745e-03	1.140126e-04	-8.277975e-05	1.227992e-03	-1.236382e-03	6.098009e-04	-1.846182e-03
0.649484      	9.163899e-04	3.754755e-04	5.409144e-04	8.975115e-03	4.601553e-03	4.373562e-03	1.139955e-04	-8.271943e-05	1.227880e-03	-1.235882e-03	6.099387e-04	-1.845821e-03
0.649489      	9.163080e-04	3.754297e-04	5.408783e-04	8.974970e-03	4.601470e-03	4.373500e-03	1.139849e-04	-8.272428e-05	1.227926e-03	-1.236258e-03	6.097968e-04	-1.846055e-03
0.649494      	9.155602e-04	3.751220e-04	5.404381e-04	8.974522e-03	4.601227e-03	4.373294e-03	1.139664e-04	-8.265806e-05	1.227801e-03	-1.235686e-03	6.099576e-04	-1.845644e-03
0.649499      	9.154956e-04	3.750815e-04	5.404141e-04	8.974418e-03	4.601165e-03	4.373253e-03	1.139558e-04	-8.266632e-05	1.227853e-03	-1.236113e-03	6.097968e-04	-1.845909e-03
0.649504      	9.147089e-04	3.747570e-04	5.399519e-04	8.973937e-03	4.600908e-03	4.373029e-03	1.139394e-04	-8.259741e-05	1.227718e-03	-1.235550e-03	6.099431e-04	-1.845493e-03
0.649509      	9.146918e-04	3.747382e-04	5.399536e-04	8.973849e-03	4.600852e-03	4.372996e-03	1.139279e-04	-8.260773e-05	1.227779e-03	-1.235955e-03	6.098016e-04	-1.845756e-03
0.649514      	9.139158e-04	3.744171e-04	5.394986e-04	8.973378e-03	4.600600e-03	4.372778e-03	1.139110e-04	-8.254077e-05	1.227646e-03	-1.235404e-03	6.099439e-04	-1.845348e-03
0.649519      	9.138807e-04	3.743916e-04	5.394891e-04	8.973278e-03	4.600538e-03	4.372740e-03	1.138987e-04	-8.254873e-05	1.227703e-03	-1.235773e-03	6.098169e-04	-1.845589e-03
0.649524      	9.131321e-04	3.740810e-04	5.390511e-04	8.972831e-03	4.600297e-03	4.372534e-03	1.138817e-04	-8.248507e-05	1.227578e-03	-1.235251e-03	6.099524e-04	-1.845203e-03
0.649529      	9.130641e-04	3.740428e-04	5.390213e-04	8.972715e-03	4.600227e-03	4.372488e-03	1.138693e-04	-8.248925e-05	1.227627e-03	-1.235579e-03	6.098376e-04	-1.845416e-03
0.649534      	9.123251e-04	3.737339e-04	5.385912e-04	8.972265e-03	4.599987e-03	4.372279e-03	1.138541e-04	-8.242868e-05	1.227506e-03	-1.235143e-03	6.099343e-04	-1.845078e-03
0.649539      	9.122470e-04	3.736938e-04	5.385532e-04	8.972145e-03	4.599914e-03	4.372231e-03	1.138417e-04	-8.242969e-05	1.227548e-03	-1.235407e-03	6.098441e-04	-1.845251e-03
0.649544      	9.115650e-04	3.734086e-04	5.381564e-04	8.971648e-03	4.599656e-03	4.371992e-03	1.138320e-04	-8.237392e-05	1.227421e-03	-1.235066e-03	6.098881e-04	-1.844954e-03
0.649549      	9.114935e-04	3.733738e-04	5.381197e-04	8.971535e-03	4.599585e-03	4.371950e-03	1.138174e-04	-8.237293e-05	1.227459e-03	-1.235265e-03	6.098262e-04	-1.845092e-03
0.649554      	9.108016e-04	3.730816e-04	5.377200e-04	8.971094e-03	4.599348e-03	4.371747e-03	1.138006e-04	-8.231918e-05	1.227361e-03	-1.234926e-03	6.098975e-04	-1.844824e-03
0.649559      	9.107187e-04	3.730444e-04	5.376743e-04	8.971021e-03	4.599293e-03	4.371728e-03	1.137824e-04	-8.231496e-05	1.227389e-03	-1.234970e-03	6.099035e-04	-1.844874e-03
0.649564      	9.100248e-04	3.727480e-04	5.372768e-04	8.970536e-03	4.599039e-03	4.371497e-03	1.137713e-04	-8.226442e-05	1.227297e-03	-1.234802e-03	6.098958e-04	-1.844698e-03
0.649569      	9.098375e-04	3.726678e-04	5.371698e-04	8.970438e-03	4.598972e-03	4.371466e-03	1.137530e-04	-8.225100e-05	1.227308e-03	-1.234766e-03	6.099245e-04	-1.844691e-03
0.649574      	9.093010e-04	3.724366e-04	5.368644e-04	8.970038e-03	4.598761e-03	4.371277e-03	1.137420e-04	-8.221385e-05	1.227240e-03	-1.234686e-03	6.098972e-04	-1.844583e-03
0.649579      	9.090088e-04	3.723111e-04	5.366977e-04	8.969875e-03	4.598664e-03	4.371211e-03	1.137268e-04	-8.219329e-05	1.227228e-03	-1.234624e-03	6.099162e-04	-1.844540e-03
0.649584      	9.085721e-04	3.721237e-04	5.364484e-04	8.969571e-03	4.598498e-03	4.371073e-03	1.137126e-04	-8.216236e-05	1.227186e-03	-1.234547e-03	6.099127e-04	-1.844460e-03
0.649589      	9.081793e-04	3.719561e-04	5.362232e-04	8.969300e-03	4.598348e-03	4.370952e-03	1.136981e-04	-8.213356e-05	1.227154e-03	-1.234470e-03	6.099187e-04	-1.844389e-03
0.649594      	9.077622e-04	3.717768e-04	5.359854e-04	8.969008e-03	4.598189e-03	4.370819e-03	1.136853e-04	-8.210433e-05	1.227114e-03	-1.234422e-03	6.099030e-04	-1.844325e-03
0.649599      	9.073194e-04	3.715882e-04	5.357311e-04	8.968764e-03	4.598053e-03	4.370711e-03	1.136713e-04	-8.207145e-05	1.227086e-03	-1.234344e-03	6.099147e-04	-1.844258e-03
0.649604      	9.069736e-04	3.714387e-04	5.355349e-04	8.968471e-03	4.597893e-03	4.370578e-03	1.136578e-04	-8.204811e-05	1.227046e-03	-1.234283e-03	6.099039e-04	-1.844187e-03
0.649609      	9.065913e-04	3.712754e-04	5.353159e-04	8.968174e-03	4.597730e-03	4.370443e-03	1.136433e-04	-8.202027e-05	1.227006e-03	-1.234200e-03	6.099056e-04	-1.844106e-03
0.649614      	9.062249e-04	3.711181e-04	5.351068e-04	8.967902e-03	4.597581e-03	4.370321e-03	1.136296e-04	-8.199433e-05	1.226969e-03	-1.234127e-03	6.099059e-04	-1.844033e-03
0.649619      	9.058433e-04	3.709553e-04	5.348880e-04	8.967638e-03	4.597436e-03	4.370202e-03	1.136171e-04	-8.196638e-05	1.226937e-03	-1.234081e-03	6.098964e-04	-1.843978e-03
0.649624      	9.054964e-04	3.708063e-04	5.346901e-04	8.967344e-03	4.597275e-03	4.370069e-03	1.136028e-04	-8.194189e-05	1.226898e-03	-1.233992e-03	6.099015e-04	-1.843894e-03
0.649629      	9.050695e-04	3.706230e-04	5.344465e-04	8.967090e-03	4.597134e-03	4.369956e-03	1.135893e-04	-8.191174e-05	1.226866e-03	-1.233917e-03	6.099076e-04	-1.843824e-03
0.649634      	9.047216e-04	3.704739e-04	5.342476e-04	8.966810e-03	4.596979e-03	4.369831e-03	1.135739e-04	-8.188685e-05	1.226825e-03	-1.233808e-03	6.099210e-04	-1.843729e-03
0.649639      	9.043309e-04	3.703066e-04	5.340243e-04	8.966527e-03	4.596827e-03	4.369700e-03	1.135632e-04	-8.185886e-05	1.226789e-03	-1.233775e-03	6.099021e-04	-1.843677e-03
0.649644      	9.039353e-04	3.701377e-04	5.337976e-04	8.966253e-03	4.596675e-03	4.369578e-03	1.135482e-04	-8.182997e-05	1.226753e-03	-1.233663e-03	6.099215e-04	-1.843584e-03
0.649649      	9.035472e-04	3.699719e-04	5.335753e-04	8.965968e-03	4.596519e-03	4.369449e-03	1.135354e-04	-8.180171e-05	1.226714e-03	-1.233597e-03	6.099157e-04	-1.843513e-03
0.649654      	9.031603e-04	3.698084e-04	5.333519e-04	8.965683e-03	4.596363e-03	4.369320e-03	1.135212e-04	-8.177178e-05	1.226676e-03	-1.233494e-03	6.099286e-04	-1.843423e-03
0.649659      	9.027480e-04	3.696314e-04	5.331166e-04	8.965378e-03	4.596198e-03	4.369180e-03	1.135086e-04	-8.174261e-05	1.226629e-03	-1.233411e-03	6.099233e-04	-1.843335e-03
0.649664      	9.023625e-04	3.694693e-04	5.328931e-04	8.965100e-03	4.596044e-03	4.369057e-03	1.134937e-04	-8.171192e-05	1.226588e-03	-1.233279e-03	6.099488e-04	-1.843228e-03
0.649669      	9.019045e-04	3.692757e-04	5.326288e-04	8.964769e-03	4.595865e-03	4.368904e-03	1.134806e-04	-8.167652e-05	1.226533e-03	-1.233137e-03	6.099648e-04	-1.843101e-03
0.649674      	9.017974e-04	3.692296e-04	5.325678e-04	8.964610e-03	4.595770e-03	4.368840e-03	1.134651e-04	-8.166911e-05	1.226519e-03	-1.233004e-03	6.100174e-04	-1.843021e-03
0.649679      	9.014669e-04	3.690903e-04	5.323765e-04	8.964307e-03	4.595604e-03	4.368702e-03	1.134510e-04	-8.164311e-05	1.226477e-03	-1.232889e-03	6.100322e-04	-1.842921e-03
0.649684      	9.011123e-04	3.689401e-04	5.321722e-04	8.964046e-03	4.595457e-03	4.368589e-03	1.134343e-04	-8.161607e-05	1.226442e-03	-1.232719e-03	6.100821e-04	-1.842801e-03
0.649689      	9.007975e-04	3.688064e-04	5.319911e-04	8.963782e-03	4.595310e-03	4.368472e-03	1.134188e-04	-8.159239e-05	1.226403e-03	-1.232584e-03	6.101113e-04	-1.842695e-03
0.649694      	9.004888e-04	3.686752e-04	5.318136e-04	8.963582e-03	4.595191e-03	4.368390e-03	1.134007e-04	-8.156921e-05	1.226381e-03	-1.232408e-03	6.101774e-04	-1.842585e-03
0.649699      	9.001235e-04	3.685198e-04	5.316037e-04	8.963313e-03	4.595042e-03	4.368271e-03	1.133854e-04	-8.154191e-05	1.226344e-03	-1.232282e-03	6.102031e-04	-1.842485e-03
0.649704      	8.997901e-04	3.683784e-04	5.314118e-04	8.963046e-03	4.594898e-03	4.368148e-03	1.133746e-04	-8.151670e-05	1.226302e-03	-1.232231e-03	6.101870e-04	-1.842418e-03
0.649709      	8.994407e-04	3.682299e-04	5.312108e-04	8.962779e-03	4.594749e-03	4.368030e-03	1.133593e-04	-8.149041e-05	1.226266e-03	-1.232106e-03	6.102129e-04	-1.842319e-03
0.649714      	8.991116e-04	3.680904e-04	5.310212e-04	8.962527e-03	4.594608e-03	4.367920e-03	1.133442e-04	-8.146541e-05	1.226231e-03	-1.231998e-03	6.102318e-04	-1.842229e-03
0.649719      	8.987650e-04	3.679413e-04	5.308237e-04	8.962261e-03	4.594461e-03	4.367800e-03	1.133306e-04	-8.144115e-05	1.226196e-03	-1.231890e-03	6.102506e-04	-1.842141e-03
0.649724      	8.984560e-04	3.678085e-04	5.306475e-04	8.962031e-03	4.594330e-03	4.367701e-03	1.133146e-04	-8.141953e-05	1.226169e-03	-1.231774e-03	6.102815e-04	-1.842056e-03
0.649729      	8.981017e-04	3.676568e-04	5.304449e-04	8.961782e-03	4.594191e-03	4.367591e-03	1.133001e-04	-8.139409e-05	1.226135e-03	-1.231677e-03	6.102960e-04	-1.841973e-03
0.649734      	8.977729e-04	3.675158e-04	5.302571e-04	8.961541e-03	4.594057e-03	4.367484e-03	1.132862e-04	-8.137063e-05	1.226104e-03	-1.231591e-03	6.103081e-04	-1.841899e-03
0.649739      	8.974400e-04	3.673734e-04	5.300666e-04	8.961247e-03	4.593896e-03	4.367351e-03	1.132724e-04	-8.134662e-05	1.226061e-03	-1.231513e-03	6.103039e-04	-1.841817e-03
0.649744      	8.971020e-04	3.672285e-04	5.298735e-04	8.961019e-03	4.593766e-03	4.367253e-03	1.132567e-04	-8.132249e-05	1.226034e-03	-1.231381e-03	6.103435e-04	-1.841724e-03
0.649749      	8.967671e-04	3.670851e-04	5.296820e-04	8.960769e-03	4.593627e-03	4.367142e-03	1.132424e-04	-8.129842e-05	1.226003e-03	-1.231287e-03	6.103593e-04	-1.841646e-03
0.649754      	8.964273e-04	3.669396e-04	5.294876e-04	8.960533e-03	4.593495e-03	4.367038e-03	1.132283e-04	-8.127399e-05	1.225973e-03	-1.231204e-03	6.103705e-04	-1.841575e-03
0.649759      	8.960871e-04	3.667956e-04	5.292916e-04	8.960262e-03	4.593345e-03	4.366916e-03	1.132145e-04	-8.124800e-05	1.225935e-03	-1.231115e-03	6.103776e-04	-1.841493e-03
0.649764      	8.957479e-04	3.666504e-04	5.290975e-04	8.960012e-03	4.593206e-03	4.366806e-03	1.131997e-04	-8.122355e-05	1.225904e-03	-1.231008e-03	6.104000e-04	-1.841408e-03
0.649769      	8.953715e-04	3.664911e-04	5.288804e-04	8.959737e-03	4.593055e-03	4.366682e-03	1.131867e-04	-8.119467e-05	1.225866e-03	-1.230929e-03	6.104011e-04	-1.841330e-03
0.649774      	8.950215e-04	3.663424e-04	5.286791e-04	8.959447e-03	4.592898e-03	4.366549e-03	1.131744e-04	-8.116836e-05	1.225825e-03	-1.230869e-03	6.103904e-04	-1.841259e-03
0.649779      	8.946931e-04	3.662022e-04	5.284910e-04	8.959198e-03	4.592757e-03	4.366441e-03	1.131578e-04	-8.114439e-05	1.225793e-03	-1.230716e-03	6.104353e-04	-1.841151e-03
0.649784      	8.943494e-04	3.660556e-04	5.282938e-04	8.958964e-03	4.592623e-03	4.366341e-03	1.131413e-04	-8.111906e-05	1.225766e-03	-1.230589e-03	6.104721e-04	-1.841061e-03
0.649789      	8.939978e-04	3.659060e-04	5.280917e-04	8.958663e-03	4.592461e-03	4.366202e-03	1.131297e-04	-8.109287e-05	1.225724e-03	-1.230547e-03	6.104510e-04	-1.840998e-03
0.649794      	8.936137e-04	3.657415e-04	5.278722e-04	8.958439e-03	4.592333e-03	4.366106e-03	1.131137e-04	-8.106535e-05	1.225699e-03	-1.230442e-03	6.104784e-04	-1.840920e-03
0.649799      	8.932499e-04	3.655858e-04	5.276642e-04	8.958116e-03	4.592161e-03	4.365955e-03	1.131027e-04	-8.103918e-05	1.225653e-03	-1.230401e-03	6.104523e-04	-1.840854e-03
0.649804      	8.929992e-04	3.654820e-04	5.275172e-04	8.958000e-03	4.592084e-03	4.365916e-03	1.130843e-04	-8.101758e-05	1.225637e-03	-1.230301e-03	6.104862e-04	-1.840788e-03
0.649809      	8.925960e-04	3.653070e-04	5.272890e-04	8.957590e-03	4.591865e-03	4.365725e-03	1.130699e-04	-8.099101e-05	1.225594e-03	-1.230087e-03	6.105498e-04	-1.840637e-03
0.649814      	8.922096e-04	3.651360e-04	5.270736e-04	8.957505e-03	4.591813e-03	4.365692e-03	1.130604e-04	-8.096881e-05	1.225585e-03	-1.230220e-03	6.104746e-04	-1.840695e-03
0.649819      	8.919565e-04	3.650378e-04	5.269187e-04	8.957082e-03	4.591578e-03	4.365504e-03	1.130368e-04	-8.094047e-05	1.225524e-03	-1.229818e-03	6.106148e-04	-1.840433e-03
0.649824      	8.915831e-04	3.648710e-04	5.267120e-04	8.956970e-03	4.591507e-03	4.365463e-03	1.130222e-04	-8.092051e-05	1.225517e-03	-1.229891e-03	6.105717e-04	-1.840463e-03
0.649829      	8.910482e-04	3.646460e-04	5.264022e-04	8.956551e-03	4.591296e-03	4.365255e-03	1.130202e-04	-8.087808e-05	1.225442e-03	-1.229900e-03	6.104918e-04	-1.840392e-03
0.649834      	8.910754e-04	3.646532e-04	5.264222e-04	8.956516e-03	4.591247e-03	4.365269e-03	1.129887e-04	-8.088453e-05	1.225480e-03	-1.229654e-03	6.106529e-04	-1.840307e-03
0.649839      	8.901887e-04	3.642912e-04	5.258976e-04	8.955878e-03	4.590931e-03	4.364947e-03	1.129920e-04	-8.080319e-05	1.225311e-03	-1.229416e-03	6.106027e-04	-1.840019e-03
0.649844      	8.906990e-04	3.644629e-04	5.262361e-04	8.956379e-03	4.591150e-03	4.365230e-03	1.129598e-04	-8.088656e-05	1.225553e-03	-1.230075e-03	6.105158e-04	-1.840591e-03
0.649849      	8.884897e-04	3.635727e-04	5.249170e-04	8.954820e-03	4.590376e-03	4.364444e-03	1.129658e-04	-8.067217e-05	1.225102e-03	-1.229121e-03	6.105419e-04	-1.839663e-03
0.649854      	8.901922e-04	3.642523e-04	5.259399e-04	8.955940e-03	4.590901e-03	4.365039e-03	1.129313e-04	-8.084379e-05	1.225494e-03	-1.229848e-03	6.105705e-04	-1.840418e-03
0.649859      	8.878044e-04	3.632825e-04	5.245220e-04	8.954087e-03	4.589999e-03	4.364088e-03	1.129555e-04	-8.061975e-05	1.224991e-03	-1.229120e-03	6.104309e-04	-1.839551e-03
0.649864      	8.897091e-04	3.640395e-04	5.256695e-04	8.955434e-03	4.590624e-03	4.364810e-03	1.129072e-04	-8.081501e-05	1.225460e-03	-1.229756e-03	6.105818e-04	-1.840338e-03
0.649869      	8.866637e-04	3.627831e-04	5.238806e-04	8.953809e-03	4.589799e-03	4.364010e-03	1.128943e-04	-8.054874e-05	1.224949e-03	-1.228524e-03	6.106871e-04	-1.839211e-03
0.649874      	8.889118e-04	3.637133e-04	5.251986e-04	8.954662e-03	4.590227e-03	4.364434e-03	1.128965e-04	-8.074267e-05	1.225331e-03	-1.229717e-03	6.104719e-04	-1.840189e-03
0.649879      	8.865048e-04	3.627311e-04	5.237737e-04	8.953201e-03	4.589493e-03	4.363708e-03	1.128925e-04	-8.052130e-05	1.224849e-03	-1.228405e-03	6.106464e-04	-1.839051e-03
0.649884      	8.881592e-04	3.633655e-04	5.247937e-04	8.954502e-03	4.590079e-03	4.364422e-03	1.128285e-04	-8.071405e-05	1.225370e-03	-1.229250e-03	6.107457e-04	-1.839995e-03
0.649889      	8.849368e-04	3.620442e-04	5.228927e-04	8.952615e-03	4.589156e-03	4.363460e-03	1.128480e-04	-8.042424e-05	1.224798e-03	-1.228459e-03	6.105683e-04	-1.839027e-03
0.649894      	8.873100e-04	3.630495e-04	5.242605e-04	8.953949e-03	4.589730e-03	4.364219e-03	1.127555e-04	-8.060552e-05	1.225268e-03	-1.227860e-03	6.113379e-04	-1.839198e-03
0.649899      	8.850891e-04	3.621158e-04	5.229733e-04	8.951913e-03	4.588821e-03	4.363092e-03	1.128646e-04	-8.042873e-05	1.224636e-03	-1.228219e-03	6.105266e-04	-1.838745e-03
0.649904      	8.866661e-04	3.627141e-04	5.239520e-04	8.953588e-03	4.589563e-03	4.364025e-03	1.127688e-04	-8.061895e-05	1.225276e-03	-1.229185e-03	6.106832e-04	-1.839868e-03
0.649909      	8.836177e-04	3.614615e-04	5.221562e-04	8.951921e-03	4.588751e-03	4.363170e-03	1.127908e-04	-8.034736e-05	1.224822e-03	-1.228779e-03	6.104327e-04	-1.839212e-03
0.649914      	8.836541e-04	3.614550e-04	5.221991e-04	8.951537e-03	4.588529e-03	4.363009e-03	1.127600e-04	-8.037204e-05	1.224715e-03	-1.227833e-03	6.107984e-04	-1.838631e-03
0.649919      	8.839836e-04	3.616621e-04	5.223215e-04	8.951105e-03	4.588334e-03	4.362771e-03	1.127817e-04	-8.032967e-05	1.224556e-03	-1.227435e-03	6.108389e-04	-1.838274e-03
0.649924      	8.854141e-04	3.621722e-04	5.232418e-04	8.952296e-03	4.588898e-03	4.363398e-03	1.127500e-04	-8.053480e-05	1.225104e-03	-1.229542e-03	6.103331e-04	-1.839875e-03
0.649929      	8.825992e-04	3.610349e-04	5.215643e-04	8.951123e-03	4.588303e-03	4.362820e-03	1.127417e-04	-8.026466e-05	1.224744e-03	-1.228940e-03	6.102736e-04	-1.839214e-03
0.649934      	8.826076e-04	3.609899e-04	5.216177e-04	8.950984e-03	4.588208e-03	4.362776e-03	1.127161e-04	-8.031392e-05	1.224754e-03	-1.228572e-03	6.104678e-04	-1.839040e-03
0.649939      	8.828972e-04	3.611795e-04	5.217177e-04	8.950570e-03	4.587996e-03	4.362573e-03	1.127114e-04	-8.026913e-05	1.224669e-03	-1.228267e-03	6.105354e-04	-1.838803e-03
0.649944      	8.817785e-04	3.606800e-04	5.210985e-04	8.950110e-03	4.587723e-03	4.362387e-03	1.126683e-04	-8.020927e-05	1.224491e-03	-1.226874e-03	6.110545e-04	-1.837928e-03
0.649949      	8.839139e-04	3.615738e-04	5.223401e-04	8.951098e-03	4.588208e-03	4.362890e-03	1.126593e-04	-8.038316e-05	1.224879e-03	-1.228042e-03	6.108579e-04	-1.838900e-03
0.649954      	8.807599e-04	3.602749e-04	5.204851e-04	8.949081e-03	4.587210e-03	4.361871e-03	1.126693e-04	-8.010509e-05	1.224254e-03	-1.226511e-03	6.109986e-04	-1.837510e-03
0.649959      	8.836411e-04	3.614080e-04	5.222331e-04	8.950985e-03	4.588123e-03	4.362862e-03	1.126305e-04	-8.041256e-05	1.225030e-03	-1.229026e-03	6.105167e-04	-1.839543e-03
0.649964      	8.803093e-04	3.600404e-04	5.202689e-04	8.949417e-03	4.587352e-03	4.362064e-03	1.126439e-04	-8.011425e-05	1.224532e-03	-1.228318e-03	6.103731e-04	-1.838691e-03
0.649969      	8.803093e-04	3.599779e-04	5.203314e-04	8.949396e-03	4.587329e-03	4.362066e-03	1.126315e-04	-8.017675e-05	1.224620e-03	-1.228826e-03	6.102068e-04	-1.839033e-03
0.649974      	8.803352e-04	3.600561e-04	5.202791e-04	8.948985e-03	4.587117e-03	4.361867e-03	1.126249e-04	-8.011151e-05	1.224520e-03	-1.228424e-03	6.103077e-04	-1.838732e-03
0.649979      	8.801666e-04	3.599062e-04	5.202604e-04	8.949300e-03	4.587269e-03	4.362030e-03	1.126195e-04	-8.017709e-05	1.224676e-03	-1.229351e-03	6.100003e-04	-1.839352e-03
0.649984      	8.795520e-04	3.597422e-04	5.198098e-04	8.948262e-03	4.586743e-03	4.361519e-03	1.126123e-04	-8.003381e-05	1.224412e-03	-1.228591e-03	6.101165e-04	-1.838708e-03
0.649989      	8.795740e-04	3.596325e-04	5.199415e-04	8.949131e-03	4.587120e-03	4.362011e-03	1.125544e-04	-8.015447e-05	1.224710e-03	-1.228781e-03	6.103199e-04	-1.839101e-03
0.649994      	8.784036e-04	3.592509e-04	5.191527e-04	8.947506e-03	4.586327e-03	4.361179e-03	1.125744e-04	-7.995091e-05	1.224298e-03	-1.228200e-03	6.101979e-04	-1.838398e-03
0.649999      	8.793403e-04	3.595266e-04	5.198137e-04	8.949010e-03	4.587050e-03	4.361960e-03	1.125447e-04	-8.014357e-05	1.224739e-03	-1.229235e-03	6.101219e-04	-1.839356e-03
0.650004      	8.777928e-04	3.590155e-04	5.187774e-04	8.947975e-03	4.586379e-03	4.361596e-03	1.123913e-04	-7.988094e-05	1.224518e-03	-1.225683e-03	6.116767e-04	-1.837360e-03
0.650009      	8.786969e-04	3.592082e-04	5.194887e-04	8.948126e-03	4.586628e-03	4.361498e-03	1.125652e-04	-8.014022e-05	1.224566e-03	-1.229613e-03	6.097595e-04	-1.839372e-03
0.650014      	8.762108e-04	3.583288e-04	5.178820e-04	8.945858e-03	4.585483e-03	4.360375e-03	1.125544e-04	-7.977660e-05	1.223950e-03	-1.227952e-03	6.099743e-04	-1.837926e-03
0.650019      	8.794473e-04	3.595798e-04	5.198675e-04	8.948410e-03	4.586655e-03	4.361755e-03	1.124501e-04	-8.014384e-05	1.224754e-03	-1.228441e-03	6.105338e-04	-1.838974e-03
0.650024      	8.756197e-04	3.580833e-04	5.175364e-04	8.944900e-03	4.585008e-03	4.359892e-03	1.125582e-04	-7.972653e-05	1.223779e-03	-1.228031e-03	6.097637e-04	-1.837795e-03
0.650029      	8.785876e-04	3.592039e-04	5.193837e-04	8.947989e-03	4.586448e-03	4.361541e-03	1.124537e-04	-8.008991e-05	1.224706e-03	-1.228994e-03	6.102087e-04	-1.839203e-03
0.650034      	8.748963e-04	3.577663e-04	5.171300e-04	8.945166e-03	4.584999e-03	4.360167e-03	1.124162e-04	-7.968189e-05	1.223904e-03	-1.226087e-03	6.108599e-04	-1.836947e-03
0.650039      	8.786374e-04	3.592412e-04	5.193962e-04	8.947592e-03	4.586212e-03	4.361380e-03	1.124158e-04	-8.007749e-05	1.224639e-03	-1.228612e-03	6.103329e-04	-1.838945e-03
0.650044      	8.745362e-04	3.576061e-04	5.169301e-04	8.944770e-03	4.584794e-03	4.359976e-03	1.124093e-04	-7.966202e-05	1.223855e-03	-1.226259e-03	6.107254e-04	-1.836984e-03
0.650049      	8.772220e-04	3.586392e-04	5.185828e-04	8.946780e-03	4.585772e-03	4.361008e-03	1.123821e-04	-7.997183e-05	1.224499e-03	-1.228087e-03	6.104554e-04	-1.838543e-03
0.650054      	8.749854e-04	3.577680e-04	5.172175e-04	8.944972e-03	4.584846e-03	4.360126e-03	1.123603e-04	-7.972476e-05	1.223949e-03	-1.225863e-03	6.110170e-04	-1.836880e-03
0.650059      	8.761994e-04	3.582112e-04	5.179882e-04	8.945982e-03	4.585347e-03	4.360635e-03	1.123557e-04	-7.988849e-05	1.224344e-03	-1.227563e-03	6.105626e-04	-1.838126e-03
0.650064      	8.752654e-04	3.578863e-04	5.173791e-04	8.944972e-03	4.584839e-03	4.360133e-03	1.123527e-04	-7.974642e-05	1.224006e-03	-1.226613e-03	6.106993e-04	-1.837313e-03
0.650069      	8.762200e-04	3.582545e-04	5.179655e-04	8.945470e-03	4.585009e-03	4.360461e-03	1.122742e-04	-7.985547e-05	1.224302e-03	-1.226472e-03	6.110657e-04	-1.837538e-03
0.650074      	8.742542e-04	3.574383e-04	5.168159e-04	8.944635e-03	4.584652e-03	4.359983e-03	1.123349e-04	-7.968879e-05	1.223984e-03	-1.227014e-03	6.104766e-04	-1.837491e-03
0.650079      	8.755113e-04	3.579650e-04	5.175463e-04	8.944854e-03	4.584677e-03	4.360177e-03	1.122496e-04	-7.979068e-05	1.224206e-03	-1.226347e-03	6.110330e-04	-1.837380e-03
0.650084      	8.738436e-04	3.572324e-04	5.166112e-04	8.944094e-03	4.584361e-03	4.359734e-03	1.123134e-04	-7.968943e-05	1.223934e-03	-1.226971e-03	6.104478e-04	-1.837419e-03
0.650089      	8.748810e-04	3.576916e-04	5.171895e-04	8.944306e-03	4.584420e-03	4.359886e-03	1.122674e-04	-7.974897e-05	1.224090e-03	-1.226772e-03	6.107044e-04	-1.837476e-03
0.650094      	8.740588e-04	3.573363e-04	5.167225e-04	8.943852e-03	4.584189e-03	4.359664e-03	1.122624e-04	-7.969310e-05	1.223981e-03	-1.226675e-03	6.106431e-04	-1.837318e-03
0.650099      	8.744263e-04	3.574959e-04	5.169305e-04	8.943890e-03	4.584196e-03	4.359694e-03	1.122509e-04	-7.971730e-05	1.224031e-03	-1.226774e-03	6.106443e-04	-1.837419e-03
0.650104      	8.740288e-04	3.573226e-04	5.167062e-04	8.943583e-03	4.584021e-03	4.359562e-03	1.122291e-04	-7.969177e-05	1.223988e-03	-1.226511e-03	6.107321e-04	-1.837243e-03
0.650109      	8.743530e-04	3.574628e-04	5.168902e-04	8.943494e-03	4.583973e-03	4.359521e-03	1.122256e-04	-7.971366e-05	1.223999e-03	-1.226676e-03	6.106609e-04	-1.837337e-03
0.650114      	8.737887e-04	3.572201e-04	5.165685e-04	8.943210e-03	4.583809e-03	4.359401e-03	1.122039e-04	-7.967421e-05	1.223971e-03	-1.226444e-03	6.107488e-04	-1.837193e-03
0.650119      	8.738831e-04	3.572630e-04	5.166201e-04	8.943101e-03	4.583758e-03	4.359343e-03	1.122074e-04	-7.967853e-05	1.223975e-03	-1.226627e-03	6.106619e-04	-1.837289e-03
0.650124      	8.736842e-04	3.571747e-04	5.165096e-04	8.943080e-03	4.583719e-03	4.359360e-03	1.121795e-04	-7.966744e-05	1.224008e-03	-1.226518e-03	6.107492e-04	-1.837267e-03
0.650129      	8.714053e-04	3.562453e-04	5.151601e-04	8.941818e-03	4.583078e-03	4.358740e-03	1.121688e-04	-7.945740e-05	1.223656e-03	-1.225607e-03	6.108524e-04	-1.836460e-03
0.650134      	8.699669e-04	3.556339e-04	5.143330e-04	8.941502e-03	4.582864e-03	4.358638e-03	1.121131e-04	-7.934958e-05	1.223609e-03	-1.225051e-03	6.110840e-04	-1.836135e-03
0.650139      	8.691302e-04	3.552787e-04	5.138515e-04	8.940996e-03	4.582598e-03	4.358398e-03	1.121002e-04	-7.928638e-05	1.223501e-03	-1.224899e-03	6.110516e-04	-1.835951e-03
0.650144      	8.684632e-04	3.549929e-04	5.134703e-04	8.940749e-03	4.582442e-03	4.358307e-03	1.120672e-04	-7.923867e-05	1.223470e-03	-1.224608e-03	6.111661e-04	-1.835774e-03
0.650149      	8.681510e-04	3.548581e-04	5.132929e-04	8.940451e-03	4.582268e-03	4.358182e-03	1.120431e-04	-7.921738e-05	1.223435e-03	-1.224456e-03	6.112065e-04	-1.835663e-03
0.650154      	8.676732e-04	3.546527e-04	5.130205e-04	8.940259e-03	4.582157e-03	4.358102e-03	1.120273e-04	-7.918386e-05	1.223400e-03	-1.224296e-03	6.112525e-04	-1.835548e-03
0.650159      	8.673612e-04	3.545170e-04	5.128443e-04	8.940020e-03	4.582024e-03	4.357996e-03	1.120142e-04	-7.916365e-05	1.223368e-03	-1.224253e-03	6.112413e-04	-1.835494e-03
0.650164      	8.671325e-04	3.544166e-04	5.127158e-04	8.939825e-03	4.581912e-03	4.357912e-03	1.120000e-04	-7.914960e-05	1.223351e-03	-1.224178e-03	6.112615e-04	-1.835440e-03
0.650169      	8.668217e-04	3.542833e-04	5.125384e-04	8.939547e-03	4.581761e-03	4.357786e-03	1.119872e-04	-7.912752e-05	1.223312e-03	-1.224114e-03	6.112548e-04	-1.835369e-03
0.650174      	8.667139e-04	3.542380e-04	5.124759e-04	8.939382e-03	4.581663e-03	4.357719e-03	1.119721e-04	-7.911897e-05	1.223293e-03	-1.223951e-03	6.113182e-04	-1.835269e-03
0.650179      	8.665037e-04	3.541535e-04	5.123502e-04	8.939060e-03	4.581493e-03	4.357567e-03	1.119631e-04	-7.909836e-05	1.223219e-03	-1.223667e-03	6.113853e-04	-1.835052e-03
0.650184      	8.657574e-04	3.538454e-04	5.119120e-04	8.938328e-03	4.581121e-03	4.357207e-03	1.119570e-04	-7.903328e-05	1.223015e-03	-1.223141e-03	6.114449e-04	-1.834585e-03
0.650189      	8.677399e-04	3.546844e-04	5.130555e-04	8.939222e-03	4.581564e-03	4.357658e-03	1.119527e-04	-7.918558e-05	1.223286e-03	-1.223537e-03	6.115176e-04	-1.835054e-03
0.650194      	8.670039e-04	3.543919e-04	5.126120e-04	8.938263e-03	4.581100e-03	4.357163e-03	1.119687e-04	-7.911005e-05	1.223072e-03	-1.223417e-03	6.113640e-04	-1.834781e-03
0.650199      	8.681005e-04	3.548894e-04	5.132111e-04	8.938131e-03	4.581055e-03	4.357077e-03	1.119888e-04	-7.916083e-05	1.223073e-03	-1.224230e-03	6.109579e-04	-1.835188e-03
0.650204      	8.664637e-04	3.541756e-04	5.122881e-04	8.937524e-03	4.580724e-03	4.356800e-03	1.119621e-04	-7.905621e-05	1.222933e-03	-1.223090e-03	6.113882e-04	-1.834479e-03
0.650209      	8.669869e-04	3.544151e-04	5.125718e-04	8.937667e-03	4.580798e-03	4.356869e-03	1.119646e-04	-7.907838e-05	1.223015e-03	-1.223796e-03	6.111173e-04	-1.834914e-03
0.650214      	8.664042e-04	3.541441e-04	5.122601e-04	8.937204e-03	4.580528e-03	4.356676e-03	1.119262e-04	-7.905800e-05	1.222935e-03	-1.223020e-03	6.114255e-04	-1.834445e-03
0.650219      	8.665994e-04	3.542532e-04	5.123461e-04	8.937069e-03	4.580458e-03	4.356610e-03	1.119240e-04	-7.904645e-05	1.222948e-03	-1.223391e-03	6.112527e-04	-1.834643e-03
0.650224      	8.659914e-04	3.539746e-04	5.120167e-04	8.936652e-03	4.580227e-03	4.356425e-03	1.119012e-04	-7.902106e-05	1.222874e-03	-1.222926e-03	6.114113e-04	-1.834337e-03
0.650229      	8.654475e-04	3.537626e-04	5.116850e-04	8.936295e-03	4.580036e-03	4.356259e-03	1.118887e-04	-7.896119e-05	1.222827e-03	-1.223025e-03	6.113147e-04	-1.834339e-03
0.650234      	8.647418e-04	3.534558e-04	5.112861e-04	8.936102e-03	4.579886e-03	4.356216e-03	1.118347e-04	-7.891515e-05	1.222816e-03	-1.222395e-03	6.116178e-04	-1.834013e-03
0.650239      	8.635415e-04	3.529233e-04	5.106183e-04	8.935920e-03	4.579782e-03	4.356138e-03	1.118224e-04	-7.884750e-05	1.222869e-03	-1.223442e-03	6.111481e-04	-1.834590e-03
0.650244      	8.628621e-04	3.526358e-04	5.102263e-04	8.935547e-03	4.579565e-03	4.355982e-03	1.117913e-04	-7.879522e-05	1.222749e-03	-1.222423e-03	6.115374e-04	-1.833960e-03
0.650249      	8.625710e-04	3.525286e-04	5.100424e-04	8.935396e-03	4.579442e-03	4.355954e-03	1.117441e-04	-7.875689e-05	1.222735e-03	-1.221914e-03	6.117778e-04	-1.833692e-03
0.650254      	8.623519e-04	3.524160e-04	5.099359e-04	8.934810e-03	4.579177e-03	4.355633e-03	1.117717e-04	-7.875991e-05	1.222648e-03	-1.222355e-03	6.114710e-04	-1.833826e-03
0.650259      	8.620028e-04	3.523016e-04	5.097012e-04	8.935003e-03	4.579174e-03	4.355829e-03	1.116724e-04	-7.869978e-05	1.222663e-03	-1.220707e-03	6.123096e-04	-1.833016e-03
0.650264      	8.625103e-04	3.524741e-04	5.100362e-04	8.934441e-03	4.578985e-03	4.355456e-03	1.117643e-04	-7.878108e-05	1.222640e-03	-1.222326e-03	6.114768e-04	-1.833802e-03
0.650269      	8.615187e-04	3.521068e-04	5.094119e-04	8.935214e-03	4.579194e-03	4.356020e-03	1.115869e-04	-7.865252e-05	1.222780e-03	-1.219825e-03	6.128673e-04	-1.832692e-03
0.650274      	8.630077e-04	3.526682e-04	5.103396e-04	8.933574e-03	4.578633e-03	4.354941e-03	1.118462e-04	-7.883569e-05	1.222391e-03	-1.222628e-03	6.110765e-04	-1.833705e-03
0.650279      	8.605900e-04	3.517220e-04	5.088680e-04	8.933506e-03	4.578433e-03	4.355073e-03	1.116801e-04	-7.857299e-05	1.222385e-03	-1.220285e-03	6.122428e-04	-1.832528e-03
0.650284      	8.624032e-04	3.523856e-04	5.100176e-04	8.933189e-03	4.578447e-03	4.354742e-03	1.118528e-04	-7.881602e-05	1.222413e-03	-1.223716e-03	6.105549e-04	-1.834271e-03
0.650289      	8.617796e-04	3.521917e-04	5.095878e-04	8.934025e-03	4.578665e-03	4.355360e-03	1.116526e-04	-7.869806e-05	1.222655e-03	-1.221362e-03	6.119739e-04	-1.833336e-03
0.650294      	8.610918e-04	3.518199e-04	5.092719e-04	8.932413e-03	4.578032e-03	4.354381e-03	1.118250e-04	-7.872599e-05	1.222295e-03	-1.223476e-03	6.105566e-04	-1.834033e-03
0.650299      	8.610169e-04	3.518751e-04	5.091418e-04	8.933403e-03	4.578321e-03	4.355081e-03	1.116201e-04	-7.863339e-05	1.222586e-03	-1.221801e-03	6.116857e-04	-1.833487e-03
0.650304      	8.596296e-04	3.511917e-04	5.084378e-04	8.931086e-03	4.577363e-03	4.353723e-03	1.118196e-04	-7.862306e-05	1.221951e-03	-1.222360e-03	6.107706e-04	-1.833131e-03
0.650309      	8.603669e-04	3.515927e-04	5.087742e-04	8.932610e-03	4.577929e-03	4.354681e-03	1.116239e-04	-7.859078e-05	1.222418e-03	-1.222013e-03	6.114112e-04	-1.833425e-03
0.650314      	8.592228e-04	3.510918e-04	5.081310e-04	8.930694e-03	4.577031e-03	4.353664e-03	1.116835e-04	-7.851959e-05	1.221948e-03	-1.220429e-03	6.117337e-04	-1.832163e-03
0.650319      	8.593794e-04	3.512606e-04	5.081187e-04	8.932277e-03	4.577790e-03	4.354487e-03	1.116515e-04	-7.842904e-05	1.222460e-03	-1.222239e-03	6.113407e-04	-1.833580e-03
0.650324      	8.573761e-04	3.502816e-04	5.070945e-04	8.931075e-03	4.577097e-03	4.353978e-03	1.115591e-04	-7.840650e-05	1.222118e-03	-1.218426e-03	6.129050e-04	-1.831330e-03
0.650329      	8.596683e-04	3.512363e-04	5.084320e-04	8.931285e-03	4.577175e-03	4.354110e-03	1.115324e-04	-7.859785e-05	1.222180e-03	-1.219282e-03	6.125391e-04	-1.831821e-03
0.650334      	8.576641e-04	3.504670e-04	5.071971e-04	8.930422e-03	4.576702e-03	4.353721e-03	1.114905e-04	-7.836506e-05	1.222000e-03	-1.217037e-03	6.134816e-04	-1.830519e-03
0.650339      	8.593801e-04	3.510812e-04	5.082989e-04	8.930999e-03	4.576901e-03	4.354097e-03	1.114019e-04	-7.860885e-05	1.222129e-03	-1.217901e-03	6.131791e-04	-1.831080e-03
0.650344      	8.563280e-04	3.499633e-04	5.063646e-04	8.929114e-03	4.576086e-03	4.353028e-03	1.115291e-04	-7.820066e-05	1.221765e-03	-1.217482e-03	6.130239e-04	-1.830506e-03
0.650349      	8.579827e-04	3.504330e-04	5.075496e-04	8.930424e-03	4.576599e-03	4.353825e-03	1.113867e-04	-7.855830e-05	1.222005e-03	-1.218374e-03	6.128180e-04	-1.831192e-03
0.650354      	8.549804e-04	3.493845e-04	5.055959e-04	8.927851e-03	4.575379e-03	4.352472e-03	1.114533e-04	-7.810569e-05	1.221453e-03	-1.216350e-03	6.132784e-04	-1.829628e-03
0.650359      	8.572680e-04	3.502044e-04	5.070637e-04	8.930554e-03	4.576606e-03	4.353948e-03	1.113292e-04	-7.842964e-05	1.222166e-03	-1.216705e-03	6.138131e-04	-1.830518e-03
0.650364      	8.518591e-04	3.481333e-04	5.037258e-04	8.925791e-03	4.574272e-03	4.351519e-03	1.113765e-04	-7.779627e-05	1.220840e-03	-1.213674e-03	6.140027e-04	-1.827677e-03
0.650369      	8.577753e-04	3.503244e-04	5.074508e-04	8.931005e-03	4.576687e-03	4.354318e-03	1.111845e-04	-7.856319e-05	1.222424e-03	-1.215936e-03	6.144563e-04	-1.830392e-03
0.650374      	8.511929e-04	3.478955e-04	5.032973e-04	8.927012e-03	4.574654e-03	4.352358e-03	1.111480e-04	-7.770091e-05	1.221330e-03	-1.211792e-03	6.154338e-04	-1.827226e-03
0.650379      	8.551481e-04	3.491237e-04	5.060244e-04	8.933272e-03	4.577475e-03	4.355797e-03	1.108387e-04	-7.845036e-05	1.223151e-03	-1.214019e-03	6.161422e-04	-1.830161e-03
0.650384      	8.481236e-04	3.464435e-04	5.016801e-04	8.925971e-03	4.574396e-03	4.351574e-03	1.114112e-04	-7.761828e-05	1.220971e-03	-1.215645e-03	6.131491e-04	-1.828794e-03
0.650389      	8.555681e-04	3.491785e-04	5.063896e-04	8.931580e-03	4.576703e-03	4.354877e-03	1.109133e-04	-7.860554e-05	1.222748e-03	-1.216310e-03	6.145924e-04	-1.830903e-03
0.650394      	8.445092e-04	3.448279e-04	4.996813e-04	8.926010e-03	4.574343e-03	4.351667e-03	1.113384e-04	-7.742670e-05	1.220820e-03	-1.213941e-03	6.138491e-04	-1.827790e-03
0.650399      	8.558777e-04	3.488896e-04	5.069881e-04	8.935246e-03	4.578762e-03	4.356485e-03	1.111385e-04	-7.904926e-05	1.224104e-03	-1.226586e-03	6.108104e-04	-1.837397e-03
0.650404      	8.439353e-04	3.445455e-04	4.993898e-04	8.925717e-03	4.574113e-03	4.351604e-03	1.112543e-04	-7.742217e-05	1.221199e-03	-1.215857e-03	6.132712e-04	-1.829128e-03
0.650409      	8.565961e-04	3.492746e-04	5.073215e-04	8.935048e-03	4.578425e-03	4.356623e-03	1.109011e-04	-7.902344e-05	1.224164e-03	-1.223297e-03	6.125154e-04	-1.835812e-03
0.650414      	8.443033e-04	3.447578e-04	4.995455e-04	8.924672e-03	4.573695e-03	4.350977e-03	1.113593e-04	-7.739386e-05	1.220953e-03	-1.217677e-03	6.121141e-04	-1.829791e-03
0.650419      	8.547566e-04	3.484043e-04	5.063523e-04	8.930150e-03	4.576481e-03	4.353669e-03	1.114059e-04	-7.897398e-05	1.222877e-03	-1.229757e-03	6.079987e-04	-1.837755e-03
0.650424      	8.450450e-04	3.451269e-04	4.999181e-04	8.925525e-03	4.573995e-03	4.351530e-03	1.112322e-04	-7.739561e-05	1.221474e-03	-1.216586e-03	6.131807e-04	-1.829766e-03
0.650429      	8.521992e-04	3.472943e-04	5.049049e-04	8.930911e-03	4.576704e-03	4.354207e-03	1.112483e-04	-7.880531e-05	1.223074e-03	-1.228425e-03	6.088618e-04	-1.837287e-03
0.650434      	8.449935e-04	3.452277e-04	4.997658e-04	8.923192e-03	4.572872e-03	4.350320e-03	1.112760e-04	-7.726903e-05	1.220780e-03	-1.213770e-03	6.138945e-04	-1.827665e-03
0.650439      	8.510243e-04	3.466523e-04	5.043721e-04	8.932144e-03	4.577103e-03	4.355040e-03	1.110317e-04	-7.885992e-05	1.223434e-03	-1.226977e-03	6.099459e-04	-1.836922e-03
0.650444      	8.450522e-04	3.451554e-04	4.998968e-04	8.920643e-03	4.571850e-03	4.348793e-03	1.115289e-04	-7.737068e-05	1.220350e-03	-1.218949e-03	6.108758e-04	-1.829824e-03
0.650449      	8.612628e-04	3.514989e-04	5.097639e-04	8.936655e-03	4.579234e-03	4.357421e-03	1.109066e-04	-7.913252e-05	1.225605e-03	-1.233938e-03	6.086360e-04	-1.842574e-03
0.650454      	8.439597e-04	3.452243e-04	4.987355e-04	8.924029e-03	4.572806e-03	4.351223e-03	1.107914e-04	-7.675561e-05	1.221377e-03	-1.204496e-03	6.191294e-04	-1.823625e-03
0.650459      	8.519450e-04	3.473343e-04	5.046107e-04	8.928204e-03	4.575737e-03	4.352467e-03	1.116346e-04	-7.863820e-05	1.222487e-03	-1.232029e-03	6.064723e-04	-1.838501e-03
0.650464      	8.313020e-04	3.397355e-04	4.915666e-04	8.913096e-03	4.567460e-03	4.345636e-03	1.109122e-04	-7.591553e-05	1.217441e-03	-1.195488e-03	6.196972e-04	-1.815185e-03
0.650469      	8.478778e-04	3.455848e-04	5.022930e-04	8.926806e-03	4.574945e-03	4.351861e-03	1.115419e-04	-7.835411e-05	1.221789e-03	-1.226770e-03	6.084037e-04	-1.835174e-03
0.650474      	8.258313e-04	3.367183e-04	4.891130e-04	8.903968e-03	4.564248e-03	4.339720e-03	1.122637e-04	-7.619734e-05	1.214741e-03	-1.214763e-03	6.073598e-04	-1.822123e-03
0.650479      	8.792573e-04	3.611637e-04	5.180936e-04	8.942255e-03	4.580220e-03	4.362035e-03	1.090925e-04	-7.846496e-05	1.228202e-03	-1.204763e-03	6.258204e-04	-1.830584e-03
0.650484      	7.080014e-04	2.783600e-04	4.296414e-04	8.867126e-03	4.551070e-03	4.316056e-03	1.175066e-04	-7.564072e-05	1.198149e-03	-1.260356e-03	5.679708e-04	-1.828327e-03
0.650489      	4.444209e-04	1.474430e-04	2.969779e-04	8.780209e-03	4.515028e-03	4.265180e-03	1.249240e-04	-7.476742e-05	1.158705e-03	-1.320273e-03	4.985680e-04	-1.818841e-03
0.650494      	7.898347e-04	3.125674e-04	4.772673e-04	8.748235e-03	4.509147e-03	4.239088e-03	1.350295e-04	-8.234996e-05	1.185883e-03	-1.184022e-03	5.938724e-04	-1.777894e-03
0.650499      	3.152555e-04	8.954704e-05	2.257084e-04	8.806317e-03	4.518424e-03	4.287893e-03	1.152653e-04	-6.808070e-05	1.155264e-03	-1.381980e-03	4.642736e-04	-1.846253e-03
0.650504      	3.772067e-04	1.077405e-04	2.694662e-04	8.544746e-03	4.433355e-03	4.111391e-03	1.609821e-04	-8.086285e-05	1.101635e-03	-1.397745e-03	4.027624e-04	-1.800508e-03
0.650509      	8.125975e-04	3.372340e-04	4.753635e-04	9.087888e-03	4.628677e-03	4.459211e-03	8.473320e-05	-6.906476e-05	1.255125e-03	-1.207586e-03	6.513322e-04	-1.858918e-03
0.650514      	-7.943290e-05	-1.145966e-04	3.516369e-05	8.392338e-03	4.377496e-03	4.014841e-03	1.813274e-04	-7.488014e-05	1.028453e-03	-1.616918e-03	2.199938e-04	-1.836912e-03
0.650519      	2.953711e-04	8.047406e-05	2.148970e-04	8.765587e-03	4.507700e-03	4.257887e-03	1.249066e-04	-6.721147e-05	1.149215e-03	-1.348712e-03	4.748591e-04	-1.823571e-03
0.650524      	2.472265e-04	3.964361e-05	2.075829e-04	8.753994e-03	4.525726e-03	4.228267e-03	1.487295e-04	-8.396964e-05	1.150668e-03	-1.638475e-03	3.314300e-04	-1.969905e-03
0.650529      	8.166025e-04	3.017515e-04	5.148510e-04	9.077931e-03	4.670292e-03	4.407639e-03	1.313266e-04	-1.065497e-04	1.290496e-03	-2.105352e-03	2.378203e-04	-2.343172e-03
0.650534      	1.357454e-04	-5.185880e-05	1.876042e-04	8.982015e-03	4.613978e-03	4.368037e-03	1.229707e-04	-1.197315e-04	1.148573e-03	-1.090421e-03	6.033621e-04	-1.693783e-03
0.650539      	1.620873e-03	6.816947e-04	9.391783e-04	9.409571e-03	4.853149e-03	4.556422e-03	1.483633e-04	-1.287418e-04	1.399767e-03	-2.495498e-03	1.520174e-04	-2.647516e-03
0.650544      	1.170270e-03	4.476817e-04	7.225880e-04	9.538318e-03	4.868746e-03	4.669572e-03	9.958698e-05	-1.374532e-04	1.427956e-03	-2.186185e-03	3.348636e-04	-2.521048e-03
0.650549      	2.597995e-04	8.036042e-05	1.794391e-04	8.538837e-03	4.424275e-03	4.114561e-03	1.548571e-04	-4.953934e-05	1.105184e-03	-1.511551e-03	3.494086e-04	-1.860960e-03
0.650554      	4.446593e-04	1.662566e-04	2.784027e-04	8.814461e-03	4.494277e-03	4.320183e-03	8.704705e-05	-5.607305e-05	1.147702e-03	-6.197071e-04	8.378487e-04	-1.457556e-03
0.650559      	6.208736e-05	2.375311e-05	3.833426e-05	8.180945e-03	4.236033e-03	3.944912e-03	1.455605e-04	-7.290577e-06	9.438622e-04	-4.139356e-04	7.368944e-04	-1.150830e-03
0.650564      	2.160441e-03	8.695590e-04	1.290882e-03	9.979501e-03	5.077972e-03	4.901529e-03	8.822143e-05	-2.106614e-04	1.595026e-03	-2.518910e-03	3.355708e-04	-2.854481e-03
0.650569      	-2.696303e-05	2.135947e-05	-4.832250e-05	8.047810e-03	4.162495e-03	3.885314e-03	1.385905e-04	3.484098e-05	9.284090e-04	-3.649001e-04	7.459590e-04	-1.110859e-03
0.650574      	1.256403e-03	4.763739e-04	7.800288e-04	9.523263e-03	4.872904e-03	4.650358e-03	1.112730e-04	-1.518274e-04	1.390464e-03	-2.071051e-03	3.549383e-04	-2.425989e-03
0.650579      	2.568318e-04	9.120830e-05	1.656235e-04	8.356867e-03	4.337057e-03	4.019810e-03	1.586231e-04	-3.720758e-05	1.058654e-03	-1.325536e-03	3.958863e-04	-1.721422e-03
0.650584      	1.267232e-03	4.984298e-04	7.688023e-04	9.471005e-03	4.834356e-03	4.636649e-03	9.885365e-05	-1.351863e-04	1.405716e-03	-2.028074e-03	3.916785e-04	-2.419753e-03
0.650589      	9.249794e-04	3.554840e-04	5.694953e-04	9.079299e-03	4.712156e-03	4.367143e-03	1.725063e-04	-1.070056e-04	1.311743e-03	-2.757713e-03	-6.711283e-05	-2.690600e-03
0.650594      	9.994275e-04	3.875025e-04	6.119250e-04	9.217023e-03	4.688535e-03	4.528488e-03	8.002338e-05	-1.122113e-04	1.306514e-03	-1.175754e-03	7.186366e-04	-1.894391e-03
0.650599      	2.107023e-04	7.193592e-05	1.387664e-04	8.364660e-03	4.336447e-03	4.028213e-03	1.541167e-04	-3.341524e-05	1.012730e-03	-1.010089e-03	5.076858e-04	-1.517774e-03
0.650604      	-1.467863e-04	-4.608925e-05	-1.006971e-04	8.225949e-03	4.183866e-03	4.042083e-03	7.089166e-05	2.730391e-05	9.087793e-04	7.485837e-04	1.283071e-03	-5.344874e-04
0.650609      	2.114365e-03	8.171317e-04	1.297233e-03	9.691359e-03	5.021170e-03	4.670189e-03	1.754901e-04	-2.400508e-04	1.556350e-03	-3.550507e-03	-2.189039e-04	-3.331603e-03
0.650614      	1.147042e-03	4.789590e-04	6.680831e-04	9.337805e-03	4.770022e-03	4.567783e-03	1.011194e-04	-9.456206e-05	1.346232e-03	-1.892999e-03	3.997328e-04	-2.292732e-03
0.650619      	1.373035e-03	5.192681e-04	8.537669e-04	9.315546e-03	4.834016e-03	4.481530e-03	1.762431e-04	-1.672494e-04	1.373264e-03	-3.037089e-03	-1.452807e-04	-2.891808e-03
0.650624      	8.918591e-04	3.468989e-04	5.449602e-04	9.248750e-03	4.709776e-03	4.538975e-03	8.540056e-05	-9.903061e-05	1.274530e-03	-1.151552e-03	6.987537e-04	-1.850306e-03
0.650629      	1.348025e-04	4.829869e-05	8.650382e-05	8.283260e-03	4.302448e-03	3.980812e-03	1.608178e-04	-1.910257e-05	9.922866e-04	-1.157892e-03	4.133405e-04	-1.571233e-03
0.650634      	6.264192e-04	2.222635e-04	4.041558e-04	9.133029e-03	4.663491e-03	4.469538e-03	9.697671e-05	-9.094615e-05	1.249895e-03	-1.285944e-03	6.069231e-04	-1.892867e-03
0.650639      	-2.536724e-04	-1.147634e-04	-1.389090e-04	7.900333e-03	4.105220e-03	3.795112e-03	1.550539e-04	1.207277e-05	8.741496e-04	-3.447584e-04	7.017704e-04	-1.046529e-03
0.650644      	2.448336e-03	1.030776e-03	1.417561e-03	1.003221e-02	5.078794e-03	4.953412e-03	6.269073e-05	-1.933925e-04	1.618435e-03	-1.982216e-03	6.273275e-04	-2.609543e-03
0.650649      	1.043919e-03	4.391714e-04	6.047479e-04	8.957596e-03	4.612586e-03	4.345010e-03	1.337882e-04	-8.278823e-05	1.252034e-03	-1.716976e-03	3.935457e-04	-2.110522e-03
0.650654      	1.737224e-03	7.124749e-04	1.024749e-03	9.752351e-03	4.934706e-03	4.817644e-03	5.853097e-05	-1.561371e-04	1.419438e-03	-8.498001e-04	9.945376e-04	-1.844338e-03
0.650659      	1.967550e-03	9.027037e-04	1.064846e-03	9.186716e-03	4.649170e-03	4.537546e-03	5.581183e-05	-8.107118e-05	1.405915e-03	-8.624628e-04	9.746831e-04	-1.837146e-03
0.650664      	2.718801e-03	1.153193e-03	1.565608e-03	1.023192e-02	5.182593e-03	5.049327e-03	6.663308e-05	-2.062075e-04	1.635677e-03	-2.120964e-03	5.751948e-04	-2.696159e-03
0.650669      	8.931953e-04	3.885498e-04	5.046456e-04	8.929406e-03	4.529230e-03	4.400176e-03	6.452674e-05	-5.804790e-05	1.144339e-03	4.735709e-04	1.381125e-03	-9.075539e-04
0.650674      	1.183251e-03	5.648439e-04	6.184076e-04	9.020553e-03	4.534946e-03	4.485607e-03	2.466972e-05	-2.678184e-05	1.278041e-03	2.504132e-04	1.403248e-03	-1.152834e-03
0.650679      	6.762697e-04	2.940735e-04	3.821963e-04	8.695254e-03	4.476305e-03	4.218949e-03	1.286778e-04	-4.406142e-05	1.177947e-03	-1.554368e-03	4.007631e-04	-1.955131e-03
0.650684      	7.555766e-04	2.818529e-04	4.737237e-04	8.790574e-03	4.513841e-03	4.276733e-03	1.185541e-04	-9.593542e-05	1.156112e-03	-1.178959e-03	5.666325e-04	-1.745591e-03
0.650689      	1.068671e-03	4.447819e-04	6.238887e-04	6.810301e-03	3.511027e-03	3.299274e-03	1.058769e-04	-8.955343e-05	4.283282e-04	-1.469960e-03	-3.066521e-04	-1.163308e-03
0.650694      	3.516563e-04	1.012249e-04	2.504314e-04	1.267418e-02	6.450359e-03	6.223825e-03	1.132670e-04	-7.460326e-05	2.816512e-03	-7.474440e-04	2.442790e-03	-3.190234e-03
0.650699      	1.014015e-03	2.487386e-04	7.652767e-04	2.139662e-03	1.178119e-03	9.615429e-04	1.082880e-04	-2.582691e-04	-1.323134e-03	-2.375799e-03	-2.511033e-03	1.352340e-04
0.650704      	6.863577e-03	2.931105e-03	3.932472e-03	1.206809e-02	6.129898e-03	5.938189e-03	9.585460e-05	-5.006833e-04	2.658360e-03	-5.898162e-03	-2.907208e-04	-5.607441e-03
0.650709      	-3.933845e-03	-1.641217e-03	-2.292628e-03	3.538198e-03	1.913411e-03	1.624787e-03	1.443119e-04	3.257053e-04	-9.759819e-04	3.108031e-03	5.780335e-04	2.529997e-03
0.650714      	4.724210e-03	2.021237e-03	2.702973e-03	1.209649e-02	6.170195e-03	5.926297e-03	1.219491e-04	-3.408679e-04	2.730691e-03	-5.602576e-03	-7.059663e-05	-5.531979e-03
0.650719      	-3.879221e-03	-1.555995e-03	-2.323226e-03	4.630171e-03	2.431311e-03	2.198860e-03	1.162252e-04	3.836151e-04	-4.110630e-04	3.603501e-03	1.390688e-03	2.212814e-03
0.650724      	1.405338e-03	6.119746e-04	7.933629e-04	9.656539e-03	4.926508e-03	4.730031e-03	9.823824e-05	-9.069414e-05	1.622447e-03	-1.831192e-03	7.068512e-04	-2.538043e-03
0.650729      	-3.673878e-03	-1.576914e-03	-2.096965e-03	6.788598e-03	3.268998e-03	3.519601e-03	-1.253015e-04	2.600255e-04	2.481785e-04	8.632271e-03	4.564314e-03	4.067957e-03
0.650734      	-3.355432e-03	-1.963742e-03	-1.391690e-03	9.848858e-03	5.104545e-03	4.744313e-03	1.801162e-04	-2.860260e-04	1.041536e-03	-8.466651e-04	6.182038e-04	-1.464869e-03
0.650739      	1.733120e-02	8.397603e-03	8.933595e-03	1.745451e-02	7.529568e-03	9.924943e-03	-1.197688e-03	-2.679960e-04	4.201407e-03	1.545573e-02	1.192927e-02	3.526456e-03
0.650744      	1.021210e-02	4.885790e-03	5.326309e-03	1.460513e-02	6.664310e-03	7.940817e-03	-6.382535e-04	-2.202598e-04	2.971016e-03	1.038718e-02	8.164606e-03	2.222574e-03
0.650749      	1.269815e-02	6.143745e-03	6.554408e-03	1.210434e-02	5.658221e-03	6.446124e-03	-3.939517e-04	-2.053315e-04	2.470348e-03	1.018429e-02	7.562494e-03	2.621797e-03
0.650754      	1.013240e-02	4.813744e-03	5.318661e-03	1.012208e-02	4.984155e-03	5.137929e-03	-7.688699e-05	-2.524586e-04	1.631312e-03	7.479167e-03	5.370895e-03	2.108271e-03
0.650759      	1.335205e-02	6.392638e-03	6.959415e-03	1.040977e-02	4.973480e-03	5.436290e-03	-2.314051e-04	-2.833887e-04	1.986921e-03	9.529558e-03	6.751700e-03	2.777858e-03
0.650764      	9.329286e-03	4.445784e-03	4.883503e-03	9.317213e-03	4.621747e-03	4.695465e-03	-3.685891e-05	-2.188595e-04	1.392004e-03	8.115845e-03	5.449927e-03	2.665919e-03
0.650769      	1.070254e-02	5.181215e-03	5.521328e-03	8.558702e-03	4.212691e-03	4.346011e-03	-6.666010e-05	-1.700567e-04	1.174440e-03	8.621400e-03	5.485141e-03	3.136260e-03
0.650774      	4.355443e-03	2.301106e-03	2.054337e-03	9.410108e-03	4.622032e-03	4.788075e-03	-8.302163e-05	1.233848e-04	1.427596e-03	1.510768e-02	8.981436e-03	6.126245e-03
0.650779      	1.018050e-02	4.672028e-03	5.508467e-03	2.725183e-03	1.363549e-03	1.361634e-03	9.572854e-07	-4.182195e-04	-9.664229e-04	7.647013e-03	2.857084e-03	4.789929e-03
0.650784      	-1.096040e-03	-7.008194e-05	-1.025958e-03	9.218874e-03	4.422168e-03	4.796706e-03	-1.872691e-04	4.779379e-04	1.137832e-03	2.080238e-02	1.153902e-02	9.263356e-03
0.650789      	1.133806e-02	4.862445e-03	6.475615e-03	-1.203969e-04	-1.054235e-04	-1.497337e-05	-4.522507e-05	-8.065853e-04	-2.439356e-03	5.933375e-03	5.273313e-04	5.406043e-03
0.650794      	6.133874e-04	4.553725e-04	1.580148e-04	4.564555e-03	2.291792e-03	2.272763e-03	9.514245e-06	1.486788e-04	-3.997905e-04	1.642414e-02	7.812279e-03	8.611860e-03
0.650799      	6.092979e-03	2.826022e-03	3.266957e-03	4.395316e-03	2.245221e-03	2.150095e-03	4.756261e-05	-2.204674e-04	-8.728034e-04	1.346340e-02	5.858898e-03	7.604505e-03
0.650804      	4.240547e-03	2.073614e-03	2.166932e-03	5.048854e-03	2.452362e-03	2.596492e-03	-7.206488e-05	-4.665887e-05	-3.926875e-04	1.798899e-02	8.601808e-03	9.387183e-03
0.650809      	6.234811e-03	2.956814e-03	3.277997e-03	5.926951e-03	2.839182e-03	3.087769e-03	-1.242937e-04	-1.605916e-04	-4.085225e-04	1.769539e-02	8.439174e-03	9.256219e-03
0.650814      	5.100372e-03	2.523720e-03	2.576652e-03	4.886188e-03	2.224906e-03	2.661282e-03	-2.181880e-04	-2.646630e-05	-6.731320e-04	2.208338e-02	1.036856e-02	1.171482e-02
0.650819      	8.626631e-03	4.159281e-03	4.467350e-03	4.632402e-03	2.069732e-03	2.562670e-03	-2.464687e-04	-1.540347e-04	-9.266148e-04	2.316531e-02	1.065604e-02	1.250927e-02
0.650824      	1.379302e-02	6.271574e-03	7.521443e-03	9.975354e-03	4.778622e-03	5.196732e-03	-2.090550e-04	-6.249345e-04	1.118951e-03	1.582194e-02	9.029922e-03	6.792021e-03
0.650829      	1.979996e-02	8.518281e-03	1.128168e-02	1.736374e-02	8.636093e-03	8.727647e-03	-4.577691e-05	-1.381701e-03	4.292977e-03	-2.693665e-03	2.946144e-03	-5.639809e-03
0.650834      	1.341721e-02	5.885622e-03	7.531589e-03	1.202149e-02	6.122646e-03	5.898844e-03	1.119011e-04	-8.229833e-04	2.559483e-03	-4.323787e-03	3.975896e-04	-4.721377e-03
0.650839      	6.650212e-03	3.066381e-03	3.583831e-03	1.995484e-02	9.908563e-03	1.004628e-02	-6.885736e-05	-2.587252e-04	5.763711e-03	4.324332e-03	7.925877e-03	-3.601545e-03
0.650844      	1.078372e-02	4.960590e-03	5.823134e-03	7.916143e-03	4.042554e-03	3.873589e-03	8.448240e-05	-4.312719e-04	1.803498e-03	-1.178851e-03	1.214072e-03	-2.392923e-03
0.650849      	1.309632e-02	5.860584e-03	7.235734e-03	1.046857e-02	5.333166e-03	5.135402e-03	9.888189e-05	-6.875753e-04	1.994888e-03	-6.043951e-03	-1.027087e-03	-5.016864e-03
0.650854      	7.130215e-03	3.541803e-03	3.588412e-03	1.053453e-02	5.331985e-03	5.202543e-03	6.472136e-05	-2.330454e-05	2.397642e-03	4.682292e-04	2.631756e-03	-2.163527e-03
0.650859      	5.092954e-03	2.630354e-03	2.462599e-03	1.070087e-02	5.425718e-03	5.275156e-03	7.528095e-05	8.387766e-05	2.210496e-03	-1.048203e-05	2.205255e-03	-2.215737e-03
0.650864      	9.020452e-03	4.303704e-03	4.716748e-03	1.188557e-02	5.991644e-03	5.893923e-03	4.886040e-05	-2.065223e-04	2.615336e-03	-1.215058e-03	2.007807e-03	-3.222865e-03
0.650869      	9.196797e-03	4.371139e-03	4.825657e-03	9.666933e-03	4.908754e-03	4.758179e-03	7.528781e-05	-2.272589e-04	2.010866e-03	-1.394204e-03	1.313764e-03	-2.707968e-03
0.650874      	3.113217e-03	1.792608e-03	1.320609e-03	1.076177e-02	5.421270e-03	5.340498e-03	4.038614e-05	2.359999e-04	2.236247e-03	1.496888e-03	2.984691e-03	-1.487803e-03
0.650879      	1.266198e-02	5.907478e-03	6.754497e-03	9.936598e-03	5.144474e-03	4.792125e-03	1.761744e-04	-4.235097e-04	1.899178e-03	-5.161486e-03	-6.815646e-04	-4.479921e-03
0.650884      	-3.738824e-03	-8.710557e-04	-2.867769e-03	1.732861e-02	8.639379e-03	8.689233e-03	-2.492697e-05	9.983565e-04	4.734655e-03	1.075277e-02	1.011104e-02	6.417292e-04
0.650889      	1.089850e-02	4.981858e-03	5.916638e-03	1.072468e-02	5.526916e-03	5.197762e-03	1.645769e-04	-4.673904e-04	1.931374e-03	-5.472374e-03	-8.048127e-04	-4.667561e-03
0.650894      	9.312034e-03	4.496015e-03	4.816019e-03	9.034611e-03	4.530164e-03	4.504447e-03	1.285858e-05	-1.600019e-04	1.881870e-03	-1.199613e-03	1.282064e-03	-2.481676e-03
0.650899      	8.866687e-03	4.042921e-03	4.823766e-03	9.547606e-03	5.010399e-03	4.537207e-03	2.365960e-04	-3.904228e-04	1.815996e-03	-5.529051e-03	-9.485289e-04	-4.580522e-03
0.650904      	1.320001e-02	6.331345e-03	6.868660e-03	1.236287e-02	5.971725e-03	6.391150e-03	-2.097126e-04	-2.686574e-04	3.120791e-03	2.106382e-03	4.173982e-03	-2.067600e-03
0.650909      	4.678893e-03	2.364553e-03	2.314340e-03	8.862632e-03	4.820438e-03	4.042194e-03	3.891216e-04	2.510681e-05	1.362952e-03	-5.240115e-03	-1.257106e-03	-3.983009e-03
0.650914      	4.492814e-03	2.648450e-03	1.844364e-03	1.590438e-02	7.896625e-03	8.007753e-03	-5.556385e-05	4.020428e-04	4.227929e-03	5.462604e-03	6.959231e-03	-1.496627e-03
0.650919      	8.914303e-03	4.026467e-03	4.887836e-03	4.912971e-03	2.811995e-03	2.100976e-03	3.555095e-04	-4.306842e-04	-1.706802e-04	-1.480727e-02	-7.574317e-03	-7.232957e-03
0.650924      	1.214407e-02	5.577054e-03	6.567013e-03	8.800447e-03	4.981786e-03	3.818660e-03	5.815629e-04	-4.949796e-04	1.675006e-03	-8.991858e-03	-2.820923e-03	-6.170935e-03
0.650929      	-4.516495e-03	-1.366176e-03	-3.150319e-03	1.471201e-02	7.727112e-03	6.984894e-03	3.711090e-04	8.920716e-04	3.062600e-03	-5.462757e-04	2.789462e-03	-3.335738e-03
0.650934      	-2.792558e-03	-8.643095e-04	-1.928248e-03	1.206496e-02	6.190054e-03	5.874907e-03	1.575735e-04	5.319694e-04	2.458842e-03	-1.293881e-03	1.811902e-03	-3.105782e-03
0.650939      	8.348834e-04	7.625330e-04	7.235041e-05	1.232684e-02	6.603353e-03	5.723484e-03	4.399344e-04	3.450913e-04	2.548618e-03	-1.745686e-03	1.675775e-03	-3.421461e-03
0.650944      	3.456967e-03	2.048065e-03	1.408903e-03	1.594470e-02	7.967377e-03	7.977320e-03	-4.971088e-06	3.195810e-04	3.791213e-03	2.602995e-03	5.092710e-03	-2.489715e-03
0.650949      	-7.240744e-03	-2.804157e-03	-4.436587e-03	9.648924e-03	5.222436e-03	4.426488e-03	3.979743e-04	8.162147e-04	1.563702e-03	1.592094e-03	2.359749e-03	-7.676545e-04
0.650954      	6.437720e-03	3.083852e-03	3.353868e-03	1.590652e-02	7.862658e-03	8.043864e-03	-9.060285e-05	-1.350079e-04	3.808865e-03	-6.355797e-04	3.491075e-03	-4.126655e-03
0.650959      	-3.449851e-03	-1.368464e-03	-2.081387e-03	1.134367e-02	5.960307e-03	5.383360e-03	2.884737e-04	3.564618e-04	2.021764e-03	1.696052e-04	2.106566e-03	-1.936961e-03
0.650964      	1.306563e-03	7.645111e-04	5.420524e-04	1.281227e-02	6.373519e-03	6.438751e-03	-3.261589e-05	1.112293e-04	2.698999e-03	5.147815e-04	2.956390e-03	-2.441608e-03
0.650969      	-1.253526e-03	-5.664342e-04	-6.870917e-04	1.291285e-02	6.601851e-03	6.310994e-03	1.454284e-04	6.032877e-05	2.430948e-03	-8.998692e-05	2.385955e-03	-2.475941e-03
0.650974      	-9.168210e-04	-4.056277e-04	-5.111933e-04	1.415827e-02	7.120311e-03	7.037955e-03	4.117811e-05	5.278277e-05	2.864957e-03	-6.751428e-04	2.527385e-03	-3.202528e-03
0.650979      	-8.704545e-04	-4.662023e-04	-4.042523e-04	1.507641e-02	7.536089e-03	7.540320e-03	-2.115483e-06	-3.097499e-05	3.104353e-03	-2.445534e-05	3.092126e-03	-3.116581e-03
0.650984      	-1.571159e-02	-6.387827e-03	-9.323764e-03	6.553573e-03	3.165012e-03	3.388561e-03	-1.117747e-04	1.467969e-03	4.129196e-04	1.209522e-02	6.460530e-03	5.634691e-03
0.650989      	-2.411898e-03	-1.303754e-03	-1.108144e-03	2.285194e-02	1.124159e-02	1.161036e-02	-1.843847e-04	-9.780514e-05	6.295616e-03	1.518769e-03	7.055001e-03	-5.536232e-03
0.650994      	-1.665595e-02	-6.536968e-03	-1.011898e-02	7.226789e-03	3.538771e-03	3.688018e-03	-7.462313e-05	1.791008e-03	1.341735e-03	1.627941e-02	9.481438e-03	6.797968e-03
0.650999      	5.715526e-03	2.310525e-03	3.405002e-03	1.668988e-02	8.311080e-03	8.378797e-03	-3.385884e-05	-5.472384e-04	4.014772e-03	-2.066671e-04	3.911439e-03	-4.118106e-03
0.651004      	-6.400590e-03	-2.787466e-03	-3.613124e-03	6.637874e-03	3.273678e-03	3.364196e-03	-4.525925e-05	4.128288e-04	6.423654e-04	3.912912e-03	2.598822e-03	1.314091e-03
0.651009      	1.095367e-02	3.857835e-03	7.095833e-03	1.002715e-02	4.965385e-03	5.061766e-03	-4.819062e-05	-1.618999e-03	1.759034e-03	-1.459811e-02	-5.540022e-03	-9.058089e-03
0.651014      	-1.267037e-02	-5.191454e-03	-7.478912e-03	1.546644e-03	7.988988e-04	7.477454e-04	2.557669e-05	1.143729e-03	-1.002146e-03	7.201522e-03	2.598615e-03	4.602907e-03
0.651019      	5.915974e-02	2.036346e-02	3.879628e-02	7.368438e-02	3.686644e-02	3.681794e-02	2.425039e-05	-9.216413e-03	2.345271e-02	-9.059406e-02	-2.184432e-02	-6.874974e-02
0.651024      	2.623145e-02	8.334156e-03	1.789729e-02	5.202728e-02	2.344547e-02	2.858182e-02	-2.568175e-03	-4.781569e-03	1.472324e-02	-3.429353e-03	1.300857e-02	-1.643792e-02
0.651029      	3.300891e-02	1.461378e-02	1.839513e-02	3.140348e-02	1.297115e-02	1.843233e-02	-2.730589e-03	-1.890678e-03	9.812901e-03	1.823994e-02	1.893287e-02	-6.929314e-04
0.651034      	-2.127611e-02	-9.615488e-03	-1.166062e-02	-1.824778e-02	-9.625123e-04	-1.728527e-02	8.161379e-03	1.022568e-03	-2.640167e-03	-1.552871e-01	-8.028370e-02	-7.500337e-02
0.651039      	-6.840578e-02	-3.981490e-02	-2.859088e-02	-9.780928e-02	-3.983319e-02	-5.797609e-02	9.071448e-03	-5.612009e-03	-3.397411e-02	4.925969e-02	-9.344259e-03	5.860395e-02
0.651044      	4.039957e-02	2.057964e-02	1.981993e-02	-9.849353e-03	2.729423e-05	-9.876647e-03	4.951971e-03	3.798566e-04	3.707082e-03	-1.091988e-01	-5.089232e-02	-5.830649e-02
0.651049      	6.961100e-02	3.543695e-02	3.417405e-02	9.000564e-02	3.448440e-02	5.552124e-02	-1.051842e-02	6.314512e-04	1.941965e-02	1.376451e-01	8.824221e-02	4.940291e-02
0.651054      	3.461467e-01	1.613603e-01	1.847864e-01	2.333570e-01	1.019080e-01	1.314490e-01	-1.477049e-02	-1.171304e-02	6.950094e-02	3.528557e-02	8.714372e-02	-5.185815e-02
0.651059      	9.211184e-01	4.278260e-01	4.932924e-01	6.649921e-01	2.933338e-01	3.716584e-01	-3.916230e-02	-3.273317e-02	2.139010e-01	-3.428146e-02	1.967603e-01	-2.310417e-01
0.651064      	2.528409e+00	1.154564e+00	1.373845e+00	1.399426e+00	6.387201e-01	7.607057e-01	-6.099282e-02	-1.096407e-01	5.043152e-01	-5.243533e-01	2.421386e-01	-7.664919e-01
0.651069      	5.995964e+00	2.731407e+00	3.264557e+00	4.500580e+00	1.985820e+00	2.514760e+00	-2.644698e-01	-2.665748e-01	1.384439e+00	-9.442822e-03	1.379717e+00	-1.389160e+00
0.651074      	1.546132e+01	7.030387e+00	8.430931e+00	1.124434e+01	4.813989e+00	6.430348e+00	-8.081792e-01	-7.002720e-01	3.662695e+00	1.526510e+00	4.425950e+00	-2.899440e+00
0.651079      	3.060701e+01	1.405415e+01	1.655287e+01	3.037013e+01	1.208405e+01	1.828609e+01	-3.101020e+00	-1.249360e+00	9.524120e+00	1.786499e+01	1.845661e+01	-5.916274e-01
0.651084      	3.222122e+01	1.504260e+01	1.717862e+01	3.593600e+01	1.690725e+01	1.902875e+01	-1.060755e+00	-1.068011e+00	3.545203e+00	-7.771141e+00	-3.403677e-01	-7.430773e+00
0.651089      	-1.145155e+01	-6.562208e+00	-4.889337e+00	2.817474e+01	2.195170e+01	6.223032e+00	7.864336e+00	-8.364354e-01	-3.222845e+01	-8.370494e+01	-7.408092e+01	-9.624027e+00
0.651094      	-7.608912e+02	-3.338716e+02	-4.270195e+02	-4.249712e+02	-1.772193e+02	-2.477519e+02	3.526628e+01	4.657396e+01	-1.864821e+02	-1.421655e+02	-2.575649e+02	1.153993e+02
0.651099      	5.753935e+02	2.748792e+02	3.005143e+02	4.687439e+02	1.875104e+02	2.812336e+02	-4.686159e+01	-1.281756e+01	1.948556e+02	3.837148e+02	3.867130e+02	-2.998257e+00
0.651104      	1.432739e+87	6.141020e+86	8.186373e+86	9.814670e+86	5.059865e+86	4.754805e+86	1.525297e+85	-1.022676e+86	2.000863e+86	-2.050521e+86	9.756024e+85	-3.026124e+86
0.651109      	-1.564712e+134	-7.181203e+133	-8.465914e+133	3.647395e+133	1.745109e+133	1.902286e+133	-7.858867e+131	6.423555e+132	2.938322e+133	5.251437e+133	5.564040e+133	-3.126031e+132
