# Force and moment coefficients
# dragDir     : (1.000000e+00 0.000000e+00 0.000000e+00)
# sideDir     : (0.000000e+00 0.000000e+00 -1.000000e+00)
# liftDir     : (0.000000e+00 1.000000e+00 0.000000e+00)
# rollAxis    : (1.000000e+00 0.000000e+00 0.000000e+00)
# pitchAxis   : (0.000000e+00 0.000000e+00 -1.000000e+00)
# yawAxis     : (0.000000e+00 1.000000e+00 0.000000e+00)
# magUInf     : 1.000000e+01
# lRef        : 1.000000e+00
# Aref        : 1.000000e+00
# CofR        : (0.000000e+00 0.000000e+00 0.000000e+00)
#
# Time        	Cd            	Cd(f)         	Cd(r)         	Cl            	Cl(f)         	Cl(r)         	CmPitch       	CmRoll        	CmYaw         	Cs            	Cs(f)         	Cs(r)         
0.630055      	6.053320e-06	2.570296e-06	3.483025e-06	6.136469e-03	3.068093e-03	3.068376e-03	-1.417393e-07	-4.563646e-07	9.283926e-04	1.793130e-06	9.292891e-04	-9.274960e-04
0.63011       	6.282228e-06	2.612729e-06	3.669500e-06	5.839441e-03	2.919684e-03	2.919757e-03	-3.622713e-08	-5.283855e-07	8.711544e-04	1.293913e-06	8.718013e-04	-8.705074e-04
0.630164      	6.559016e-06	2.706171e-06	3.852844e-06	5.722158e-03	2.861067e-03	2.861091e-03	-1.203411e-08	-5.733364e-07	8.474216e-04	1.141391e-06	8.479923e-04	-8.468509e-04
0.630218      	6.499703e-06	2.682427e-06	3.817276e-06	5.657598e-03	2.828792e-03	2.828805e-03	-6.532177e-09	-5.674243e-07	8.337158e-04	1.120193e-06	8.342759e-04	-8.331557e-04
0.630272      	6.445503e-06	2.663639e-06	3.781864e-06	5.620564e-03	2.810266e-03	2.810298e-03	-1.633569e-08	-5.591125e-07	8.257645e-04	1.254646e-06	8.263918e-04	-8.251371e-04
0.630326      	6.384907e-06	2.636160e-06	3.748747e-06	5.592262e-03	2.796120e-03	2.796141e-03	-1.042024e-08	-5.562938e-07	8.196650e-04	1.231402e-06	8.202807e-04	-8.190493e-04
0.63038       	6.374757e-06	2.631388e-06	3.743369e-06	5.572924e-03	2.786451e-03	2.786473e-03	-1.083991e-08	-5.559909e-07	8.154642e-04	1.263554e-06	8.160960e-04	-8.148325e-04
0.630434      	6.322523e-06	2.605490e-06	3.717033e-06	5.559006e-03	2.779496e-03	2.779510e-03	-6.976663e-09	-5.557715e-07	8.124262e-04	1.231270e-06	8.130418e-04	-8.118105e-04
0.630488      	6.351546e-06	2.617491e-06	3.734055e-06	5.552327e-03	2.776156e-03	2.776171e-03	-7.369357e-09	-5.582817e-07	8.109351e-04	1.246697e-06	8.115584e-04	-8.103117e-04
0.630542      	6.333617e-06	2.608712e-06	3.724905e-06	5.542738e-03	2.771361e-03	2.771377e-03	-7.853891e-09	-5.580963e-07	8.088792e-04	1.263920e-06	8.095112e-04	-8.082472e-04
0.630596      	6.291042e-06	2.588478e-06	3.702563e-06	5.536157e-03	2.768072e-03	2.768085e-03	-6.439035e-09	-5.570424e-07	8.074450e-04	1.249606e-06	8.080698e-04	-8.068202e-04
0.630649      	6.272361e-06	2.579104e-06	3.693258e-06	5.531061e-03	2.765524e-03	2.765537e-03	-6.286787e-09	-5.570770e-07	8.063347e-04	1.252012e-06	8.069607e-04	-8.057087e-04
0.630703      	6.266220e-06	2.575577e-06	3.690643e-06	5.527196e-03	2.763593e-03	2.763603e-03	-5.312546e-09	-5.575333e-07	8.054848e-04	1.250780e-06	8.061102e-04	-8.048594e-04
0.630757      	6.252614e-06	2.568489e-06	3.684125e-06	5.524160e-03	2.762074e-03	2.762086e-03	-6.041662e-09	-5.578181e-07	8.048166e-04	1.257919e-06	8.054455e-04	-8.041876e-04
0.630811      	6.234007e-06	2.560044e-06	3.673963e-06	5.521764e-03	2.760876e-03	2.760888e-03	-6.252398e-09	-5.569594e-07	8.042870e-04	1.261319e-06	8.049176e-04	-8.036563e-04
0.630864      	6.229654e-06	2.557658e-06	3.671995e-06	5.519886e-03	2.759937e-03	2.759950e-03	-6.539328e-09	-5.571685e-07	8.038705e-04	1.269987e-06	8.045055e-04	-8.032355e-04
0.630918      	6.219245e-06	2.553172e-06	3.666073e-06	5.518411e-03	2.759199e-03	2.759212e-03	-6.608558e-09	-5.564508e-07	8.035417e-04	1.272739e-06	8.041781e-04	-8.029054e-04
0.630972      	6.219951e-06	2.552908e-06	3.667044e-06	5.517259e-03	2.758622e-03	2.758637e-03	-7.595750e-09	-5.570682e-07	8.032823e-04	1.285132e-06	8.039248e-04	-8.026397e-04
0.631026      	6.216030e-06	2.550877e-06	3.665153e-06	5.516372e-03	2.758178e-03	2.758194e-03	-8.223239e-09	-5.571383e-07	8.030775e-04	1.295393e-06	8.037252e-04	-8.024298e-04
0.631079      	6.217463e-06	2.550999e-06	3.666464e-06	5.515691e-03	2.757837e-03	2.757854e-03	-8.896426e-09	-5.577324e-07	8.029177e-04	1.305834e-06	8.035706e-04	-8.022648e-04
0.631133      	6.222127e-06	2.552767e-06	3.669360e-06	5.515189e-03	2.757586e-03	2.757603e-03	-8.820559e-09	-5.582966e-07	8.027964e-04	1.309133e-06	8.034509e-04	-8.021418e-04
0.631187      	6.231317e-06	2.556546e-06	3.674771e-06	5.514836e-03	2.757409e-03	2.757427e-03	-9.094381e-09	-5.591127e-07	8.027052e-04	1.318919e-06	8.033647e-04	-8.020458e-04
0.631241      	6.229406e-06	2.555932e-06	3.673474e-06	5.514607e-03	2.757295e-03	2.757312e-03	-8.733462e-09	-5.587708e-07	8.026397e-04	1.316968e-06	8.032982e-04	-8.019812e-04
0.631294      	6.231104e-06	2.556922e-06	3.674182e-06	5.514474e-03	2.757228e-03	2.757245e-03	-8.668398e-09	-5.586299e-07	8.025949e-04	1.321320e-06	8.032555e-04	-8.019342e-04
0.631348      	6.227997e-06	2.555871e-06	3.672126e-06	5.514423e-03	2.757203e-03	2.757221e-03	-9.002710e-09	-5.581274e-07	8.025681e-04	1.327798e-06	8.032320e-04	-8.019042e-04
0.631402      	6.238463e-06	2.560693e-06	3.677770e-06	5.514470e-03	2.757226e-03	2.757244e-03	-9.079058e-09	-5.585382e-07	8.025579e-04	1.329722e-06	8.032227e-04	-8.018930e-04
0.631455      	6.235278e-06	2.559777e-06	3.675501e-06	5.514544e-03	2.757263e-03	2.757282e-03	-9.287270e-09	-5.578618e-07	8.025561e-04	1.332732e-06	8.032224e-04	-8.018897e-04
0.631509      	6.240952e-06	2.562485e-06	3.678467e-06	5.514694e-03	2.757337e-03	2.757357e-03	-9.989027e-09	-5.579908e-07	8.025692e-04	1.341563e-06	8.032399e-04	-8.018984e-04
0.631563      	6.246685e-06	2.565232e-06	3.681453e-06	5.514876e-03	2.757427e-03	2.757449e-03	-1.052821e-08	-5.581105e-07	8.025881e-04	1.346447e-06	8.032614e-04	-8.019149e-04
0.631617      	6.251275e-06	2.567626e-06	3.683648e-06	5.515066e-03	2.757522e-03	2.757544e-03	-1.139472e-08	-5.580110e-07	8.026137e-04	1.356277e-06	8.032918e-04	-8.019356e-04
0.63167       	6.256178e-06	2.570049e-06	3.686129e-06	5.515345e-03	2.757661e-03	2.757685e-03	-1.216452e-08	-5.580397e-07	8.026485e-04	1.361465e-06	8.033293e-04	-8.019678e-04
0.631724      	6.264846e-06	2.574123e-06	3.690723e-06	5.515630e-03	2.757802e-03	2.757828e-03	-1.291339e-08	-5.582998e-07	8.026902e-04	1.369087e-06	8.033747e-04	-8.020057e-04
0.631778      	6.276328e-06	2.579352e-06	3.696976e-06	5.515946e-03	2.757960e-03	2.757986e-03	-1.315220e-08	-5.588124e-07	8.027356e-04	1.371295e-06	8.034213e-04	-8.020500e-04
0.631832      	6.284397e-06	2.583162e-06	3.701235e-06	5.516286e-03	2.758129e-03	2.758156e-03	-1.358787e-08	-5.590364e-07	8.027854e-04	1.375858e-06	8.034734e-04	-8.020975e-04
0.631885      	6.292673e-06	2.587067e-06	3.705606e-06	5.516641e-03	2.758306e-03	2.758335e-03	-1.411906e-08	-5.592698e-07	8.028380e-04	1.382167e-06	8.035291e-04	-8.021469e-04
0.631939      	6.305226e-06	2.592783e-06	3.712444e-06	5.517024e-03	2.758498e-03	2.758527e-03	-1.459476e-08	-5.598304e-07	8.028953e-04	1.387208e-06	8.035889e-04	-8.022017e-04
0.631993      	6.318051e-06	2.598593e-06	3.719458e-06	5.517425e-03	2.758697e-03	2.758727e-03	-1.492206e-08	-5.604324e-07	8.029559e-04	1.391815e-06	8.036518e-04	-8.022600e-04
0.632047      	6.330231e-06	2.604005e-06	3.726226e-06	5.517846e-03	2.758908e-03	2.758938e-03	-1.513222e-08	-5.611105e-07	8.030201e-04	1.394221e-06	8.037172e-04	-8.023230e-04
0.6321        	6.345838e-06	2.611014e-06	3.734824e-06	5.518285e-03	2.759127e-03	2.759158e-03	-1.542718e-08	-5.619049e-07	8.030872e-04	1.394376e-06	8.037844e-04	-8.023900e-04
0.632154      	6.351359e-06	2.613730e-06	3.737628e-06	5.518752e-03	2.759361e-03	2.759392e-03	-1.544914e-08	-5.619490e-07	8.031602e-04	1.392942e-06	8.038567e-04	-8.024637e-04
0.632208      	6.363348e-06	2.619262e-06	3.744086e-06	5.519239e-03	2.759604e-03	2.759635e-03	-1.551354e-08	-5.624116e-07	8.032356e-04	1.394778e-06	8.039330e-04	-8.025382e-04
0.632262      	6.369646e-06	2.622351e-06	3.747295e-06	5.519742e-03	2.759856e-03	2.759886e-03	-1.533515e-08	-5.624719e-07	8.033149e-04	1.392009e-06	8.040109e-04	-8.026189e-04
0.632315      	6.379788e-06	2.626936e-06	3.752852e-06	5.520246e-03	2.760107e-03	2.760138e-03	-1.548918e-08	-5.629581e-07	8.033944e-04	1.393974e-06	8.040914e-04	-8.026974e-04
0.632369      	6.380138e-06	2.626897e-06	3.753241e-06	5.516289e-03	2.758129e-03	2.758160e-03	-1.527775e-08	-5.631718e-07	8.025437e-04	1.396953e-06	8.032422e-04	-8.018452e-04
0.632424      	6.391408e-06	2.632199e-06	3.759209e-06	5.518864e-03	2.759417e-03	2.759447e-03	-1.526833e-08	-5.635048e-07	8.030324e-04	1.395990e-06	8.037303e-04	-8.023344e-04
0.632478      	6.400777e-06	2.636475e-06	3.764302e-06	5.520024e-03	2.759996e-03	2.760028e-03	-1.561385e-08	-5.639133e-07	8.032520e-04	1.398085e-06	8.039511e-04	-8.025530e-04
0.632532      	6.406029e-06	2.639029e-06	3.767000e-06	5.521058e-03	2.760513e-03	2.760545e-03	-1.570343e-08	-5.639855e-07	8.034419e-04	1.399314e-06	8.041415e-04	-8.027422e-04
0.632586      	6.413628e-06	2.642461e-06	3.771167e-06	5.521922e-03	2.760946e-03	2.760977e-03	-1.558695e-08	-5.643528e-07	8.035982e-04	1.399592e-06	8.042980e-04	-8.028984e-04
0.63264       	6.417664e-06	2.644351e-06	3.773313e-06	5.522712e-03	2.761340e-03	2.761372e-03	-1.555633e-08	-5.644812e-07	8.037402e-04	1.399912e-06	8.044401e-04	-8.030402e-04
0.632694      	6.425112e-06	2.647494e-06	3.777618e-06	5.523468e-03	2.761718e-03	2.761750e-03	-1.588969e-08	-5.650623e-07	8.038743e-04	1.403641e-06	8.045761e-04	-8.031725e-04
0.632748      	6.429791e-06	2.649507e-06	3.780284e-06	5.524208e-03	2.762088e-03	2.762120e-03	-1.580489e-08	-5.653885e-07	8.040046e-04	1.403851e-06	8.047065e-04	-8.033027e-04
0.632802      	6.434467e-06	2.651578e-06	3.782888e-06	5.524938e-03	2.762453e-03	2.762485e-03	-1.594895e-08	-5.656549e-07	8.041324e-04	1.406030e-06	8.048354e-04	-8.034294e-04
0.632856      	6.434512e-06	2.651681e-06	3.782831e-06	5.525659e-03	2.762814e-03	2.762845e-03	-1.588616e-08	-5.655749e-07	8.042590e-04	1.406419e-06	8.049622e-04	-8.035558e-04
0.632911      	6.434845e-06	2.651916e-06	3.782929e-06	5.526382e-03	2.763175e-03	2.763207e-03	-1.555991e-08	-5.655065e-07	8.043857e-04	1.405110e-06	8.050882e-04	-8.036831e-04
0.632965      	6.436752e-06	2.652782e-06	3.783970e-06	5.527108e-03	2.763539e-03	2.763569e-03	-1.527477e-08	-5.655942e-07	8.045136e-04	1.403607e-06	8.052154e-04	-8.038118e-04
0.633019      	6.438875e-06	2.653649e-06	3.785226e-06	5.527835e-03	2.763903e-03	2.763932e-03	-1.486780e-08	-5.657883e-07	8.046416e-04	1.400542e-06	8.053419e-04	-8.039413e-04
0.633073      	6.437537e-06	2.653074e-06	3.784463e-06	5.528568e-03	2.764270e-03	2.764299e-03	-1.467494e-08	-5.656949e-07	8.047711e-04	1.400546e-06	8.054714e-04	-8.040708e-04
0.633127      	6.438505e-06	2.653419e-06	3.785086e-06	5.529308e-03	2.764639e-03	2.764668e-03	-1.448725e-08	-5.658336e-07	8.049030e-04	1.400364e-06	8.056032e-04	-8.042028e-04
0.633181      	6.439096e-06	2.653663e-06	3.785433e-06	5.530045e-03	2.765008e-03	2.765037e-03	-1.420581e-08	-5.658847e-07	8.050336e-04	1.398025e-06	8.057326e-04	-8.043346e-04
0.633235      	6.436610e-06	2.652511e-06	3.784099e-06	5.530788e-03	2.765380e-03	2.765408e-03	-1.408576e-08	-5.657939e-07	8.051659e-04	1.398492e-06	8.058652e-04	-8.044667e-04
0.633289      	6.436413e-06	2.652241e-06	3.784172e-06	5.531532e-03	2.765752e-03	2.765780e-03	-1.372043e-08	-5.659659e-07	8.052991e-04	1.398734e-06	8.059985e-04	-8.045997e-04
0.633344      	6.433952e-06	2.651049e-06	3.782903e-06	5.532281e-03	2.766127e-03	2.766154e-03	-1.360991e-08	-5.659272e-07	8.054330e-04	1.400161e-06	8.061330e-04	-8.047329e-04
0.633398      	6.432117e-06	2.650012e-06	3.782105e-06	5.533030e-03	2.766502e-03	2.766529e-03	-1.355522e-08	-5.660461e-07	8.055674e-04	1.402421e-06	8.062686e-04	-8.048662e-04
0.633452      	6.428385e-06	2.648189e-06	3.780195e-06	5.533785e-03	2.766879e-03	2.766906e-03	-1.364003e-08	-5.660031e-07	8.057033e-04	1.404769e-06	8.064056e-04	-8.050009e-04
0.633506      	6.434937e-06	2.650257e-06	3.784680e-06	5.534360e-03	2.767166e-03	2.767194e-03	-1.406269e-08	-5.672113e-07	8.057942e-04	1.410782e-06	8.064996e-04	-8.050888e-04
0.63356       	6.425519e-06	2.646119e-06	3.779400e-06	5.535127e-03	2.767549e-03	2.767578e-03	-1.411212e-08	-5.666402e-07	8.059340e-04	1.413413e-06	8.066407e-04	-8.052273e-04
0.633614      	6.418557e-06	2.642877e-06	3.775681e-06	5.535855e-03	2.767913e-03	2.767942e-03	-1.416846e-08	-5.664021e-07	8.060640e-04	1.416415e-06	8.067722e-04	-8.053558e-04
0.633668      	6.418946e-06	2.642376e-06	3.776569e-06	5.536417e-03	2.768194e-03	2.768223e-03	-1.470283e-08	-5.670966e-07	8.061527e-04	1.423991e-06	8.068647e-04	-8.054407e-04
0.633722      	6.407545e-06	2.637298e-06	3.770246e-06	5.537171e-03	2.768571e-03	2.768600e-03	-1.466063e-08	-5.664741e-07	8.062899e-04	1.426839e-06	8.070033e-04	-8.055765e-04
0.633776      	6.400845e-06	2.633949e-06	3.766896e-06	5.537885e-03	2.768928e-03	2.768957e-03	-1.469673e-08	-5.664737e-07	8.064174e-04	1.430791e-06	8.071328e-04	-8.057020e-04
0.633831      	6.391422e-06	2.629639e-06	3.761783e-06	5.538609e-03	2.769290e-03	2.769319e-03	-1.464314e-08	-5.660721e-07	8.065473e-04	1.433016e-06	8.072638e-04	-8.058308e-04
0.633885      	6.390619e-06	2.628472e-06	3.762147e-06	5.539138e-03	2.769554e-03	2.769584e-03	-1.494484e-08	-5.668379e-07	8.066295e-04	1.439645e-06	8.073493e-04	-8.059097e-04
0.633939      	6.378385e-06	2.622917e-06	3.755468e-06	5.539874e-03	2.769922e-03	2.769952e-03	-1.482784e-08	-5.662751e-07	8.067633e-04	1.442524e-06	8.074845e-04	-8.060420e-04
0.633993      	6.367319e-06	2.617818e-06	3.749501e-06	5.540563e-03	2.770267e-03	2.770297e-03	-1.490454e-08	-5.658415e-07	8.068856e-04	1.445724e-06	8.076085e-04	-8.061628e-04
0.634047      	6.364384e-06	2.615776e-06	3.748608e-06	5.541068e-03	2.770519e-03	2.770549e-03	-1.522278e-08	-5.664158e-07	8.069631e-04	1.452130e-06	8.076892e-04	-8.062370e-04
0.634101      	6.350706e-06	2.609576e-06	3.741129e-06	5.541776e-03	2.770873e-03	2.770903e-03	-1.527886e-08	-5.657765e-07	8.070911e-04	1.455629e-06	8.078189e-04	-8.063633e-04
0.634155      	6.339096e-06	2.604139e-06	3.734957e-06	5.542438e-03	2.771203e-03	2.771234e-03	-1.551185e-08	-5.654093e-07	8.072081e-04	1.461072e-06	8.079386e-04	-8.064776e-04
0.634209      	6.328339e-06	2.599155e-06	3.729184e-06	5.543111e-03	2.771540e-03	2.771571e-03	-1.566721e-08	-5.650148e-07	8.073279e-04	1.465659e-06	8.080608e-04	-8.065951e-04
0.634264      	6.326345e-06	2.597482e-06	3.728864e-06	5.543571e-03	2.771770e-03	2.771801e-03	-1.577771e-08	-5.656910e-07	8.073966e-04	1.468665e-06	8.081309e-04	-8.066622e-04
0.634318      	6.311008e-06	2.590603e-06	3.720405e-06	5.544248e-03	2.772108e-03	2.772140e-03	-1.587369e-08	-5.649014e-07	8.075184e-04	1.470422e-06	8.082536e-04	-8.067832e-04
0.634372      	6.298206e-06	2.584723e-06	3.713483e-06	5.544872e-03	2.772420e-03	2.772452e-03	-1.578973e-08	-5.643797e-07	8.076277e-04	1.472772e-06	8.083640e-04	-8.068913e-04
0.634426      	6.293880e-06	2.582154e-06	3.711726e-06	5.545295e-03	2.772631e-03	2.772663e-03	-1.618795e-08	-5.647860e-07	8.076890e-04	1.478473e-06	8.084282e-04	-8.069498e-04
0.63448       	6.280447e-06	2.576071e-06	3.704376e-06	5.545933e-03	2.772950e-03	2.772983e-03	-1.618590e-08	-5.641524e-07	8.078029e-04	1.480882e-06	8.085434e-04	-8.070625e-04
0.634534      	6.268153e-06	2.570372e-06	3.697780e-06	5.546521e-03	2.773244e-03	2.773277e-03	-1.637793e-08	-5.637042e-07	8.079050e-04	1.484578e-06	8.086473e-04	-8.071627e-04
0.634588      	6.264077e-06	2.567792e-06	3.696285e-06	5.546905e-03	2.773436e-03	2.773469e-03	-1.659152e-08	-5.642465e-07	8.079585e-04	1.488370e-06	8.087027e-04	-8.072143e-04
0.634642      	6.249537e-06	2.561194e-06	3.688343e-06	5.547508e-03	2.773738e-03	2.773771e-03	-1.659709e-08	-5.635748e-07	8.080652e-04	1.490230e-06	8.088103e-04	-8.073201e-04
0.634696      	6.237483e-06	2.555558e-06	3.681924e-06	5.548058e-03	2.774013e-03	2.774046e-03	-1.665229e-08	-5.631832e-07	8.081596e-04	1.492331e-06	8.089058e-04	-8.074134e-04
0.634751      	6.233844e-06	2.553257e-06	3.680587e-06	5.548404e-03	2.774185e-03	2.774219e-03	-1.684761e-08	-5.636652e-07	8.082050e-04	1.496154e-06	8.089531e-04	-8.074570e-04
0.634805      	6.221371e-06	2.547558e-06	3.673813e-06	5.548969e-03	2.774468e-03	2.774501e-03	-1.689612e-08	-5.631275e-07	8.083040e-04	1.498024e-06	8.090530e-04	-8.075550e-04
0.634859      	6.209405e-06	2.542064e-06	3.667340e-06	5.549482e-03	2.774724e-03	2.774758e-03	-1.699067e-08	-5.626379e-07	8.083908e-04	1.498766e-06	8.091402e-04	-8.076414e-04
0.634913      	6.203692e-06	2.538870e-06	3.664822e-06	5.549784e-03	2.774875e-03	2.774909e-03	-1.718623e-08	-5.629763e-07	8.084277e-04	1.501234e-06	8.091783e-04	-8.076771e-04
0.634967      	6.187785e-06	2.531787e-06	3.655998e-06	5.550308e-03	2.775137e-03	2.775171e-03	-1.719870e-08	-5.621055e-07	8.085186e-04	1.500915e-06	8.092691e-04	-8.077682e-04
0.635021      	6.176298e-06	2.526519e-06	3.649779e-06	5.550777e-03	2.775371e-03	2.775406e-03	-1.724536e-08	-5.616298e-07	8.085971e-04	1.501195e-06	8.093477e-04	-8.078465e-04
0.635075      	6.171633e-06	2.523880e-06	3.647753e-06	5.551035e-03	2.775500e-03	2.775535e-03	-1.743643e-08	-5.619364e-07	8.086254e-04	1.503224e-06	8.093770e-04	-8.078738e-04
0.635129      	6.160135e-06	2.518718e-06	3.641417e-06	5.551519e-03	2.775742e-03	2.775777e-03	-1.738886e-08	-5.613496e-07	8.087087e-04	1.502627e-06	8.094600e-04	-8.079574e-04
0.635184      	6.149669e-06	2.513934e-06	3.635735e-06	5.551949e-03	2.775957e-03	2.775992e-03	-1.739380e-08	-5.609007e-07	8.087794e-04	1.502371e-06	8.095305e-04	-8.080282e-04
0.635238      	6.144532e-06	2.511177e-06	3.633356e-06	5.552163e-03	2.776064e-03	2.776099e-03	-1.747123e-08	-5.610895e-07	8.087997e-04	1.501311e-06	8.095503e-04	-8.080490e-04
0.635292      	6.132567e-06	2.505830e-06	3.626737e-06	5.552609e-03	2.776287e-03	2.776322e-03	-1.752920e-08	-5.604537e-07	8.088754e-04	1.501196e-06	8.096260e-04	-8.081248e-04
0.635346      	6.127515e-06	2.503089e-06	3.624427e-06	5.552779e-03	2.776372e-03	2.776407e-03	-1.771771e-08	-5.606689e-07	8.088863e-04	1.501866e-06	8.096372e-04	-8.081353e-04
0.6354        	6.115036e-06	2.497655e-06	3.617381e-06	5.553196e-03	2.776581e-03	2.776616e-03	-1.760020e-08	-5.598633e-07	8.089567e-04	1.499399e-06	8.097064e-04	-8.082070e-04
0.635454      	6.105667e-06	2.493431e-06	3.612236e-06	5.553557e-03	2.776761e-03	2.776796e-03	-1.745944e-08	-5.594026e-07	8.090138e-04	1.496039e-06	8.097618e-04	-8.082658e-04
0.635508      	6.100557e-06	2.490758e-06	3.609799e-06	5.553708e-03	2.776836e-03	2.776872e-03	-1.778108e-08	-5.595206e-07	8.090218e-04	1.498127e-06	8.097709e-04	-8.082728e-04
0.635562      	6.090158e-06	2.486162e-06	3.603995e-06	5.554089e-03	2.777027e-03	2.777062e-03	-1.768799e-08	-5.589165e-07	8.090853e-04	1.495388e-06	8.098329e-04	-8.083376e-04
0.635616      	6.079839e-06	2.481626e-06	3.598213e-06	5.554417e-03	2.777191e-03	2.777226e-03	-1.738446e-08	-5.582936e-07	8.091367e-04	1.490692e-06	8.098821e-04	-8.083914e-04
0.635671      	6.075391e-06	2.479296e-06	3.596094e-06	5.554529e-03	2.777247e-03	2.777282e-03	-1.733596e-08	-5.583990e-07	8.091379e-04	1.487885e-06	8.098818e-04	-8.083939e-04
0.635725      	6.064763e-06	2.474728e-06	3.590035e-06	5.554874e-03	2.777420e-03	2.777454e-03	-1.703826e-08	-5.576533e-07	8.091950e-04	1.482506e-06	8.099363e-04	-8.084538e-04
0.635779      	6.060910e-06	2.472696e-06	3.588214e-06	5.554943e-03	2.777455e-03	2.777488e-03	-1.697039e-08	-5.577586e-07	8.091876e-04	1.479558e-06	8.099274e-04	-8.084478e-04
0.635833      	6.050977e-06	2.468438e-06	3.582539e-06	5.555264e-03	2.777615e-03	2.777649e-03	-1.675928e-08	-5.570507e-07	8.092403e-04	1.475546e-06	8.099781e-04	-8.085026e-04
0.635887      	6.041443e-06	2.464247e-06	3.577195e-06	5.555532e-03	2.777749e-03	2.777783e-03	-1.687926e-08	-5.564741e-07	8.092808e-04	1.475024e-06	8.100183e-04	-8.085433e-04
0.635941      	6.039638e-06	2.463144e-06	3.576493e-06	5.555585e-03	2.777776e-03	2.777809e-03	-1.674851e-08	-5.566744e-07	8.092717e-04	1.471277e-06	8.100074e-04	-8.085361e-04
0.635995      	6.030989e-06	2.459427e-06	3.571562e-06	5.555873e-03	2.777920e-03	2.777953e-03	-1.629595e-08	-5.560672e-07	8.093187e-04	1.464365e-06	8.100509e-04	-8.085865e-04
0.636049      	6.022919e-06	2.455929e-06	3.566990e-06	5.556109e-03	2.778038e-03	2.778071e-03	-1.626236e-08	-5.555306e-07	8.093541e-04	1.461254e-06	8.100848e-04	-8.086235e-04
0.636104      	6.019039e-06	2.453963e-06	3.565076e-06	5.556131e-03	2.778049e-03	2.778082e-03	-1.622971e-08	-5.555564e-07	8.093399e-04	1.458086e-06	8.100689e-04	-8.086108e-04
0.636158      	6.010262e-06	2.450267e-06	3.559995e-06	5.556390e-03	2.778179e-03	2.778211e-03	-1.589361e-08	-5.548638e-07	8.093820e-04	1.451895e-06	8.101080e-04	-8.086561e-04
0.636212      	6.006901e-06	2.448571e-06	3.558331e-06	5.556374e-03	2.778171e-03	2.778203e-03	-1.574569e-08	-5.548798e-07	8.093604e-04	1.447330e-06	8.100841e-04	-8.086367e-04
0.636266      	5.998416e-06	2.445027e-06	3.553389e-06	5.556614e-03	2.778292e-03	2.778323e-03	-1.543436e-08	-5.541811e-07	8.093995e-04	1.441167e-06	8.101201e-04	-8.086789e-04
0.63632       	5.991370e-06	2.442061e-06	3.549309e-06	5.556801e-03	2.778385e-03	2.778416e-03	-1.521120e-08	-5.536243e-07	8.094264e-04	1.435106e-06	8.101440e-04	-8.087089e-04
0.636374      	5.990778e-06	2.441601e-06	3.549178e-06	5.556778e-03	2.778374e-03	2.778404e-03	-1.503561e-08	-5.537885e-07	8.094047e-04	1.429616e-06	8.101195e-04	-8.086899e-04
0.636428      	5.983994e-06	2.438783e-06	3.545211e-06	5.556993e-03	2.778482e-03	2.778511e-03	-1.466095e-08	-5.532136e-07	8.094395e-04	1.422678e-06	8.101509e-04	-8.087282e-04
0.636482      	5.982433e-06	2.437895e-06	3.544538e-06	5.556934e-03	2.778452e-03	2.778481e-03	-1.446860e-08	-5.533215e-07	8.094111e-04	1.417682e-06	8.101200e-04	-8.087023e-04
0.636536      	5.976764e-06	2.435564e-06	3.541200e-06	5.557132e-03	2.778552e-03	2.778580e-03	-1.416064e-08	-5.528184e-07	8.094434e-04	1.411135e-06	8.101489e-04	-8.087378e-04
0.636591      	5.972083e-06	2.433613e-06	3.538470e-06	5.557277e-03	2.778625e-03	2.778652e-03	-1.378435e-08	-5.524286e-07	8.094639e-04	1.404217e-06	8.101660e-04	-8.087618e-04
0.636645      	5.971424e-06	2.433195e-06	3.538229e-06	5.557212e-03	2.778593e-03	2.778620e-03	-1.341131e-08	-5.525171e-07	8.094361e-04	1.396864e-06	8.101346e-04	-8.087377e-04
0.636699      	5.966604e-06	2.431272e-06	3.535331e-06	5.557390e-03	2.778682e-03	2.778708e-03	-1.295398e-08	-5.520297e-07	8.094651e-04	1.388391e-06	8.101593e-04	-8.087709e-04
0.636753      	5.966108e-06	2.430906e-06	3.535202e-06	5.557298e-03	2.778637e-03	2.778662e-03	-1.252387e-08	-5.521484e-07	8.094318e-04	1.380310e-06	8.101220e-04	-8.087416e-04
0.636807      	5.960590e-06	2.428702e-06	3.531888e-06	5.557459e-03	2.778717e-03	2.778742e-03	-1.206145e-08	-5.515930e-07	8.094584e-04	1.372052e-06	8.101445e-04	-8.087724e-04
0.636861      	5.955859e-06	2.426788e-06	3.529071e-06	5.557571e-03	2.778774e-03	2.778797e-03	-1.161461e-08	-5.511412e-07	8.094740e-04	1.363498e-06	8.101557e-04	-8.087922e-04
0.636915      	5.954874e-06	2.426243e-06	3.528630e-06	5.557475e-03	2.778726e-03	2.778749e-03	-1.118504e-08	-5.511934e-07	8.094419e-04	1.355396e-06	8.101196e-04	-8.087642e-04
0.636969      	5.950741e-06	2.424628e-06	3.526113e-06	5.557619e-03	2.778799e-03	2.778820e-03	-1.064274e-08	-5.507421e-07	8.094660e-04	1.346138e-06	8.101390e-04	-8.087929e-04
0.637024      	5.950063e-06	2.424244e-06	3.525819e-06	5.557495e-03	2.778737e-03	2.778758e-03	-1.021130e-08	-5.507875e-07	8.094284e-04	1.337521e-06	8.100972e-04	-8.087597e-04
0.637078      	5.944904e-06	2.422187e-06	3.522717e-06	5.557629e-03	2.778805e-03	2.778824e-03	-9.703415e-09	-5.502649e-07	8.094511e-04	1.328524e-06	8.101153e-04	-8.087868e-04
0.637132      	5.941838e-06	2.420967e-06	3.520872e-06	5.557714e-03	2.778848e-03	2.778866e-03	-9.238495e-09	-5.499526e-07	8.094628e-04	1.320073e-06	8.101229e-04	-8.088028e-04
0.637186      	5.941693e-06	2.420843e-06	3.520850e-06	5.557591e-03	2.778787e-03	2.778804e-03	-8.664822e-09	-5.500037e-07	8.094274e-04	1.310255e-06	8.100825e-04	-8.087723e-04
0.63724       	5.939056e-06	2.419913e-06	3.519143e-06	5.557710e-03	2.778847e-03	2.778863e-03	-8.081950e-09	-5.496148e-07	8.094480e-04	1.300312e-06	8.100981e-04	-8.087978e-04
0.637294      	5.938817e-06	2.419767e-06	3.519050e-06	5.557563e-03	2.778774e-03	2.778789e-03	-7.423569e-09	-5.496416e-07	8.094077e-04	1.289340e-06	8.100523e-04	-8.087630e-04
0.637348      	5.936183e-06	2.418860e-06	3.517323e-06	5.557672e-03	2.778829e-03	2.778843e-03	-6.835046e-09	-5.492315e-07	8.094271e-04	1.279324e-06	8.100667e-04	-8.087874e-04
0.637402      	5.934765e-06	2.418413e-06	3.516352e-06	5.557735e-03	2.778861e-03	2.778874e-03	-6.289890e-09	-5.489696e-07	8.094362e-04	1.269833e-06	8.100711e-04	-8.088012e-04
0.637456      	5.935539e-06	2.418721e-06	3.516818e-06	5.557593e-03	2.778791e-03	2.778802e-03	-5.734158e-09	-5.490484e-07	8.093984e-04	1.260416e-06	8.100286e-04	-8.087682e-04
0.637511      	5.935271e-06	2.418801e-06	3.516470e-06	5.557692e-03	2.778841e-03	2.778851e-03	-5.174059e-09	-5.488348e-07	8.094165e-04	1.251216e-06	8.100422e-04	-8.087909e-04
0.637565      	5.935155e-06	2.418735e-06	3.516420e-06	5.557526e-03	2.778758e-03	2.778768e-03	-4.632761e-09	-5.488423e-07	8.093742e-04	1.241701e-06	8.099951e-04	-8.087534e-04
0.637619      	5.932745e-06	2.417911e-06	3.514833e-06	5.557618e-03	2.778805e-03	2.778813e-03	-4.013019e-09	-5.484610e-07	8.093916e-04	1.231421e-06	8.100073e-04	-8.087759e-04
0.637673      	5.931715e-06	2.417651e-06	3.514063e-06	5.557665e-03	2.778829e-03	2.778836e-03	-3.306366e-09	-5.482058e-07	8.093987e-04	1.219868e-06	8.100087e-04	-8.087888e-04
0.637727      	5.931860e-06	2.417665e-06	3.514195e-06	5.557507e-03	2.778750e-03	2.778756e-03	-2.835509e-09	-5.482645e-07	8.093595e-04	1.211555e-06	8.099653e-04	-8.087537e-04
0.637781      	5.929310e-06	2.416780e-06	3.512530e-06	5.557590e-03	2.778793e-03	2.778797e-03	-2.262523e-09	-5.478752e-07	8.093759e-04	1.201899e-06	8.099768e-04	-8.087749e-04
0.637835      	5.928957e-06	2.416608e-06	3.512350e-06	5.557412e-03	2.778704e-03	2.778708e-03	-1.725736e-09	-5.478712e-07	8.093326e-04	1.192629e-06	8.099290e-04	-8.087363e-04
0.637889      	5.927795e-06	2.416334e-06	3.511461e-06	5.557491e-03	2.778744e-03	2.778746e-03	-1.130245e-09	-5.475636e-07	8.093485e-04	1.182623e-06	8.099398e-04	-8.087572e-04
0.637944      	5.926535e-06	2.415962e-06	3.510573e-06	5.557524e-03	2.778762e-03	2.778763e-03	-6.338764e-10	-5.473052e-07	8.093544e-04	1.173766e-06	8.099412e-04	-8.087675e-04
0.637998      	5.927210e-06	2.416233e-06	3.510977e-06	5.557358e-03	2.778679e-03	2.778679e-03	-8.485821e-11	-5.473720e-07	8.093147e-04	1.164390e-06	8.098969e-04	-8.087325e-04
0.638052      	5.925992e-06	2.415933e-06	3.510059e-06	5.557430e-03	2.778716e-03	2.778715e-03	4.557801e-10	-5.470629e-07	8.093299e-04	1.154756e-06	8.099073e-04	-8.087525e-04
0.638106      	5.925269e-06	2.415591e-06	3.509678e-06	5.557243e-03	2.778622e-03	2.778620e-03	1.004416e-09	-5.470438e-07	8.092861e-04	1.145006e-06	8.098586e-04	-8.087135e-04
0.63816       	5.923745e-06	2.415151e-06	3.508594e-06	5.557313e-03	2.778658e-03	2.778655e-03	1.767922e-09	-5.467216e-07	8.093012e-04	1.133465e-06	8.098680e-04	-8.087345e-04
0.638214      	5.922883e-06	2.414926e-06	3.507957e-06	5.557338e-03	2.778671e-03	2.778667e-03	2.327745e-09	-5.465154e-07	8.093066e-04	1.123617e-06	8.098684e-04	-8.087448e-04
0.638268      	5.923871e-06	2.415281e-06	3.508589e-06	5.557164e-03	2.778585e-03	2.778579e-03	2.897696e-09	-5.466540e-07	8.092667e-04	1.113676e-06	8.098236e-04	-8.087099e-04
0.638322      	5.922860e-06	2.415001e-06	3.507859e-06	5.557230e-03	2.778618e-03	2.778612e-03	3.455772e-09	-5.464291e-07	8.092817e-04	1.103891e-06	8.098336e-04	-8.087297e-04
0.638376      	5.923228e-06	2.415119e-06	3.508109e-06	5.557038e-03	2.778523e-03	2.778515e-03	4.022293e-09	-5.464950e-07	8.092379e-04	1.094496e-06	8.097852e-04	-8.086907e-04
0.638431      	5.922016e-06	2.414779e-06	3.507238e-06	5.557101e-03	2.778555e-03	2.778546e-03	4.655583e-09	-5.462294e-07	8.092528e-04	1.083924e-06	8.097947e-04	-8.087108e-04
0.638485      	5.921575e-06	2.414735e-06	3.506841e-06	5.557120e-03	2.778565e-03	2.778555e-03	5.170025e-09	-5.460532e-07	8.092578e-04	1.074716e-06	8.097952e-04	-8.087205e-04
0.638539      	5.920590e-06	2.414271e-06	3.506319e-06	5.556942e-03	2.778477e-03	2.778465e-03	5.776775e-09	-5.460238e-07	8.092181e-04	1.064299e-06	8.097502e-04	-8.086859e-04
0.638593      	5.920071e-06	2.414228e-06	3.505843e-06	5.557005e-03	2.778509e-03	2.778496e-03	6.437890e-09	-5.458078e-07	8.092330e-04	1.053363e-06	8.097597e-04	-8.087063e-04
0.638647      	5.920324e-06	2.414264e-06	3.506060e-06	5.556810e-03	2.778412e-03	2.778398e-03	6.942329e-09	-5.458977e-07	8.091897e-04	1.044926e-06	8.097122e-04	-8.086673e-04
0.638701      	5.920369e-06	2.414449e-06	3.505920e-06	5.556869e-03	2.778442e-03	2.778427e-03	7.532199e-09	-5.457358e-07	8.092044e-04	1.034662e-06	8.097218e-04	-8.086871e-04
0.638755      	5.920139e-06	2.414447e-06	3.505692e-06	5.556887e-03	2.778451e-03	2.778435e-03	8.114084e-09	-5.456227e-07	8.092098e-04	1.025011e-06	8.097223e-04	-8.086973e-04
0.638809      	5.920050e-06	2.414355e-06	3.505695e-06	5.556707e-03	2.778362e-03	2.778345e-03	8.783081e-09	-5.456701e-07	8.091706e-04	1.014572e-06	8.096779e-04	-8.086633e-04
0.638864      	5.920194e-06	2.414556e-06	3.505638e-06	5.556764e-03	2.778391e-03	2.778372e-03	9.364882e-09	-5.455413e-07	8.091853e-04	1.004415e-06	8.096875e-04	-8.086830e-04
0.638918      	5.920793e-06	2.414904e-06	3.505889e-06	5.556781e-03	2.778400e-03	2.778381e-03	9.857255e-09	-5.454927e-07	8.091913e-04	9.956644e-07	8.096891e-04	-8.086934e-04
0.638972      	5.920784e-06	2.414876e-06	3.505908e-06	5.556601e-03	2.778311e-03	2.778290e-03	1.033458e-08	-5.455163e-07	8.091522e-04	9.869024e-07	8.096457e-04	-8.086588e-04
0.639026      	5.921565e-06	2.415324e-06	3.506240e-06	5.556660e-03	2.778341e-03	2.778319e-03	1.091623e-08	-5.454580e-07	8.091676e-04	9.773418e-07	8.096563e-04	-8.086790e-04
0.63908       	5.921671e-06	2.415328e-06	3.506343e-06	5.556463e-03	2.778243e-03	2.778220e-03	1.147502e-08	-5.455075e-07	8.091250e-04	9.677618e-07	8.096089e-04	-8.086411e-04
0.639134      	5.924260e-06	2.416547e-06	3.507713e-06	5.556522e-03	2.778273e-03	2.778249e-03	1.193655e-08	-5.455829e-07	8.091406e-04	9.599550e-07	8.096206e-04	-8.086606e-04
0.639188      	5.924795e-06	2.416829e-06	3.507965e-06	5.556539e-03	2.778282e-03	2.778257e-03	1.221682e-08	-5.455680e-07	8.091466e-04	9.539712e-07	8.096236e-04	-8.086696e-04
0.639242      	5.925192e-06	2.416968e-06	3.508223e-06	5.556358e-03	2.778192e-03	2.778166e-03	1.274849e-08	-5.456273e-07	8.091080e-04	9.447062e-07	8.095803e-04	-8.086356e-04
0.639296      	5.926563e-06	2.417666e-06	3.508897e-06	5.556416e-03	2.778221e-03	2.778195e-03	1.326645e-08	-5.456160e-07	8.091235e-04	9.358064e-07	8.095914e-04	-8.086556e-04
0.639351      	5.927212e-06	2.417998e-06	3.509214e-06	5.556434e-03	2.778231e-03	2.778203e-03	1.373553e-08	-5.456083e-07	8.091302e-04	9.274983e-07	8.095940e-04	-8.086665e-04
0.639405      	5.928048e-06	2.418320e-06	3.509728e-06	5.556255e-03	2.778142e-03	2.778113e-03	1.427361e-08	-5.457041e-07	8.090920e-04	9.185136e-07	8.095513e-04	-8.086328e-04
0.639459      	5.930757e-06	2.419561e-06	3.511196e-06	5.556317e-03	2.778173e-03	2.778144e-03	1.471965e-08	-5.458173e-07	8.091085e-04	9.110295e-07	8.095640e-04	-8.086530e-04
0.639513      	5.931587e-06	2.419844e-06	3.511743e-06	5.556121e-03	2.778076e-03	2.778046e-03	1.516674e-08	-5.459494e-07	8.090668e-04	9.031856e-07	8.095184e-04	-8.086152e-04
0.639567      	5.933642e-06	2.420792e-06	3.512850e-06	5.556182e-03	2.778106e-03	2.778075e-03	1.563063e-08	-5.460289e-07	8.090832e-04	8.949611e-07	8.095306e-04	-8.086357e-04
0.639621      	5.934773e-06	2.421312e-06	3.513461e-06	5.556199e-03	2.778116e-03	2.778084e-03	1.603993e-08	-5.460742e-07	8.090899e-04	8.874210e-07	8.095336e-04	-8.086461e-04
0.639675      	5.934542e-06	2.421141e-06	3.513400e-06	5.556022e-03	2.778027e-03	2.777994e-03	1.647080e-08	-5.461295e-07	8.090525e-04	8.796479e-07	8.094923e-04	-8.086127e-04
0.639729      	5.937090e-06	2.422278e-06	3.514812e-06	5.556081e-03	2.778058e-03	2.778024e-03	1.693615e-08	-5.462668e-07	8.090689e-04	8.716587e-07	8.095047e-04	-8.086331e-04
0.639784      	5.939212e-06	2.423203e-06	3.516009e-06	5.556102e-03	2.778068e-03	2.778034e-03	1.737142e-08	-5.464027e-07	8.090764e-04	8.640908e-07	8.095084e-04	-8.086443e-04
0.639838      	5.941064e-06	2.423870e-06	3.517195e-06	5.555927e-03	2.777981e-03	2.777946e-03	1.767492e-08	-5.466625e-07	8.090394e-04	8.587190e-07	8.094688e-04	-8.086100e-04
0.639892      	5.942854e-06	2.424674e-06	3.518180e-06	5.555988e-03	2.778012e-03	2.777976e-03	1.815122e-08	-5.467534e-07	8.090563e-04	8.508653e-07	8.094818e-04	-8.086309e-04
0.639946      	5.944923e-06	2.425594e-06	3.519330e-06	5.556012e-03	2.778025e-03	2.777988e-03	1.856299e-08	-5.468682e-07	8.090644e-04	8.434655e-07	8.094861e-04	-8.086427e-04
0.64          	5.944474e-06	2.425352e-06	3.519121e-06	5.555836e-03	2.777937e-03	2.777899e-03	1.910823e-08	-5.468843e-07	8.090275e-04	8.351454e-07	8.094451e-04	-8.086099e-04
0.640054      	5.947977e-06	2.426947e-06	3.521030e-06	5.556661e-03	2.778350e-03	2.778311e-03	1.958147e-08	-5.470418e-07	8.092029e-04	8.262524e-07	8.096160e-04	-8.087898e-04
0.640108      	5.950664e-06	2.428017e-06	3.522647e-06	5.556345e-03	2.778192e-03	2.778152e-03	2.000422e-08	-5.473153e-07	8.091439e-04	8.199366e-07	8.095539e-04	-8.087340e-04
0.640162      	5.951203e-06	2.428193e-06	3.523010e-06	5.556070e-03	2.778056e-03	2.778014e-03	2.062901e-08	-5.474085e-07	8.090860e-04	8.105993e-07	8.094913e-04	-8.086807e-04
0.640216      	5.954475e-06	2.429558e-06	3.524917e-06	5.556063e-03	2.778053e-03	2.778010e-03	2.108026e-08	-5.476798e-07	8.090882e-04	8.034838e-07	8.094900e-04	-8.086865e-04
0.64027       	5.956166e-06	2.430177e-06	3.525988e-06	5.555829e-03	2.777936e-03	2.777893e-03	2.157010e-08	-5.479054e-07	8.090384e-04	7.959397e-07	8.094363e-04	-8.086404e-04
0.640324      	5.957143e-06	2.430624e-06	3.526518e-06	5.555867e-03	2.777955e-03	2.777911e-03	2.196726e-08	-5.479470e-07	8.090498e-04	7.889502e-07	8.094442e-04	-8.086553e-04
0.640378      	5.959220e-06	2.431495e-06	3.527725e-06	5.555871e-03	2.777958e-03	2.777913e-03	2.242850e-08	-5.481148e-07	8.090534e-04	7.812999e-07	8.094440e-04	-8.086627e-04
0.640432      	5.958967e-06	2.431296e-06	3.527671e-06	5.555682e-03	2.777864e-03	2.777818e-03	2.289235e-08	-5.481876e-07	8.090138e-04	7.740481e-07	8.094008e-04	-8.086268e-04
0.640486      	5.962728e-06	2.432881e-06	3.529847e-06	5.555739e-03	2.777893e-03	2.777846e-03	2.327701e-08	-5.484833e-07	8.090295e-04	7.681826e-07	8.094135e-04	-8.086454e-04
0.640541      	5.966303e-06	2.434328e-06	3.531975e-06	5.555761e-03	2.777904e-03	2.777857e-03	2.360004e-08	-5.488235e-07	8.090368e-04	7.627002e-07	8.094181e-04	-8.086554e-04
0.640595      	5.966532e-06	2.434355e-06	3.532177e-06	5.555582e-03	2.777815e-03	2.777767e-03	2.406337e-08	-5.489113e-07	8.089995e-04	7.556156e-07	8.093774e-04	-8.086217e-04
0.640649      	5.970561e-06	2.436030e-06	3.534531e-06	5.555649e-03	2.777849e-03	2.777800e-03	2.438944e-08	-5.492507e-07	8.090172e-04	7.504602e-07	8.093924e-04	-8.086420e-04
0.640703      	5.973467e-06	2.437215e-06	3.536252e-06	5.555675e-03	2.777862e-03	2.777813e-03	2.478134e-08	-5.495187e-07	8.090257e-04	7.446201e-07	8.093980e-04	-8.086534e-04
0.640757      	5.972438e-06	2.436660e-06	3.535778e-06	5.555501e-03	2.777776e-03	2.777725e-03	2.521391e-08	-5.495589e-07	8.089896e-04	7.382436e-07	8.093588e-04	-8.086205e-04
0.640811      	5.976245e-06	2.438246e-06	3.537999e-06	5.555574e-03	2.777813e-03	2.777762e-03	2.551219e-08	-5.498767e-07	8.090085e-04	7.334323e-07	8.093752e-04	-8.086418e-04
0.640865      	5.975562e-06	2.437864e-06	3.537698e-06	5.555387e-03	2.777719e-03	2.777668e-03	2.594714e-08	-5.499167e-07	8.089691e-04	7.266312e-07	8.093324e-04	-8.086058e-04
0.640919      	5.979237e-06	2.439384e-06	3.539852e-06	5.555461e-03	2.777757e-03	2.777704e-03	2.625537e-08	-5.502339e-07	8.089883e-04	7.214038e-07	8.093490e-04	-8.086276e-04
0.640973      	5.981983e-06	2.440484e-06	3.541499e-06	5.555490e-03	2.777772e-03	2.777719e-03	2.660020e-08	-5.505075e-07	8.089974e-04	7.160867e-07	8.093554e-04	-8.086393e-04
0.641027      	5.981651e-06	2.440244e-06	3.541407e-06	5.555323e-03	2.777688e-03	2.777634e-03	2.691912e-08	-5.505818e-07	8.089623e-04	7.109246e-07	8.093178e-04	-8.086069e-04
0.641081      	5.986300e-06	2.442158e-06	3.544142e-06	5.555399e-03	2.777727e-03	2.777673e-03	2.722520e-08	-5.509923e-07	8.089819e-04	7.059866e-07	8.093349e-04	-8.086289e-04
0.641135      	5.988819e-06	2.443188e-06	3.545630e-06	5.555435e-03	2.777745e-03	2.777690e-03	2.753720e-08	-5.512210e-07	8.089923e-04	7.005914e-07	8.093426e-04	-8.086420e-04
0.641189      	5.989700e-06	2.443456e-06	3.546244e-06	5.555270e-03	2.777663e-03	2.777607e-03	2.780875e-08	-5.513939e-07	8.089578e-04	6.962139e-07	8.093059e-04	-8.086097e-04
0.641243      	5.994489e-06	2.445404e-06	3.549085e-06	5.555351e-03	2.777703e-03	2.777647e-03	2.805218e-08	-5.518408e-07	8.089781e-04	6.923404e-07	8.093242e-04	-8.086319e-04
0.641297      	5.996543e-06	2.446187e-06	3.550357e-06	5.555389e-03	2.777723e-03	2.777666e-03	2.832692e-08	-5.520850e-07	8.089889e-04	6.880176e-07	8.093329e-04	-8.086449e-04
0.641351      	5.996509e-06	2.446046e-06	3.550463e-06	5.555224e-03	2.777641e-03	2.777584e-03	2.866509e-08	-5.522088e-07	8.089546e-04	6.829601e-07	8.092961e-04	-8.086131e-04
0.641405      	6.000860e-06	2.447814e-06	3.553045e-06	5.555306e-03	2.777682e-03	2.777624e-03	2.888393e-08	-5.526155e-07	8.089751e-04	6.791414e-07	8.093147e-04	-8.086355e-04
0.641459      	5.999595e-06	2.447159e-06	3.552436e-06	5.555126e-03	2.777592e-03	2.777533e-03	2.925339e-08	-5.526380e-07	8.089372e-04	6.738724e-07	8.092741e-04	-8.086002e-04
0.641514      	6.003685e-06	2.448811e-06	3.554874e-06	5.555209e-03	2.777634e-03	2.777575e-03	2.951052e-08	-5.530313e-07	8.089579e-04	6.697657e-07	8.092928e-04	-8.086230e-04
0.641568      	6.007529e-06	2.450321e-06	3.557208e-06	5.555246e-03	2.777653e-03	2.777594e-03	2.969726e-08	-5.534432e-07	8.089684e-04	6.665542e-07	8.093017e-04	-8.086352e-04
0.641622      	6.006654e-06	2.449814e-06	3.556840e-06	5.555083e-03	2.777572e-03	2.777512e-03	3.002965e-08	-5.535127e-07	8.089344e-04	6.615518e-07	8.092652e-04	-8.086037e-04
0.641676      	6.011934e-06	2.451942e-06	3.559992e-06	5.555167e-03	2.777614e-03	2.777553e-03	3.025348e-08	-5.540250e-07	8.089552e-04	6.579439e-07	8.092841e-04	-8.086262e-04
0.64173       	6.015148e-06	2.453192e-06	3.561955e-06	5.555211e-03	2.777636e-03	2.777575e-03	3.044479e-08	-5.543816e-07	8.089667e-04	6.546923e-07	8.092941e-04	-8.086394e-04
0.641784      	6.014168e-06	2.452656e-06	3.561512e-06	5.555047e-03	2.777554e-03	2.777493e-03	3.071159e-08	-5.544279e-07	8.089328e-04	6.503264e-07	8.092579e-04	-8.086076e-04
0.641838      	6.019258e-06	2.454690e-06	3.564568e-06	5.555134e-03	2.777598e-03	2.777536e-03	3.089164e-08	-5.549393e-07	8.089539e-04	6.473242e-07	8.092776e-04	-8.086303e-04
0.641892      	6.022713e-06	2.456041e-06	3.566671e-06	5.555176e-03	2.777619e-03	2.777557e-03	3.108956e-08	-5.553150e-07	8.089654e-04	6.442033e-07	8.092875e-04	-8.086433e-04
0.641946      	6.021753e-06	2.455502e-06	3.566251e-06	5.555015e-03	2.777539e-03	2.777476e-03	3.136448e-08	-5.553744e-07	8.089318e-04	6.401273e-07	8.092518e-04	-8.086117e-04
0.642         	6.027612e-06	2.457875e-06	3.569737e-06	5.555104e-03	2.777584e-03	2.777521e-03	3.157669e-08	-5.559309e-07	8.089533e-04	6.368435e-07	8.092717e-04	-8.086349e-04
0.642054      	6.031324e-06	2.459292e-06	3.572032e-06	5.555147e-03	2.777605e-03	2.777542e-03	3.173331e-08	-5.563697e-07	8.089648e-04	6.339788e-07	8.092818e-04	-8.086479e-04
0.642108      	6.030379e-06	2.458751e-06	3.571628e-06	5.554986e-03	2.777525e-03	2.777461e-03	3.201066e-08	-5.564386e-07	8.089312e-04	6.300936e-07	8.092462e-04	-8.086161e-04
0.642162      	6.036032e-06	2.461028e-06	3.575004e-06	5.555075e-03	2.777570e-03	2.777505e-03	3.224059e-08	-5.569876e-07	8.089528e-04	6.266961e-07	8.092662e-04	-8.086395e-04
0.642216      	6.034665e-06	2.460301e-06	3.574364e-06	5.554897e-03	2.777481e-03	2.777416e-03	3.243052e-08	-5.570319e-07	8.089153e-04	6.234313e-07	8.092271e-04	-8.086036e-04
0.64227       	6.041175e-06	2.462933e-06	3.578242e-06	5.554988e-03	2.777527e-03	2.777461e-03	3.268176e-08	-5.576544e-07	8.089371e-04	6.201241e-07	8.092472e-04	-8.086271e-04
0.642324      	6.046108e-06	2.464855e-06	3.581253e-06	5.555031e-03	2.777548e-03	2.777483e-03	3.283702e-08	-5.581994e-07	8.089483e-04	6.174346e-07	8.092570e-04	-8.086396e-04
0.642378      	6.045677e-06	2.464541e-06	3.581135e-06	5.554870e-03	2.777468e-03	2.777402e-03	3.314980e-08	-5.582971e-07	8.089147e-04	6.131103e-07	8.092212e-04	-8.086081e-04
0.642432      	6.051433e-06	2.466826e-06	3.584607e-06	5.554959e-03	2.777513e-03	2.777446e-03	3.329859e-08	-5.588903e-07	8.089362e-04	6.107173e-07	8.092416e-04	-8.086309e-04
0.642486      	6.055869e-06	2.468529e-06	3.587340e-06	5.555005e-03	2.777536e-03	2.777469e-03	3.349675e-08	-5.594055e-07	8.089479e-04	6.076529e-07	8.092517e-04	-8.086441e-04
0.642541      	6.054746e-06	2.467941e-06	3.586805e-06	5.554843e-03	2.777455e-03	2.777388e-03	3.372432e-08	-5.594319e-07	8.089143e-04	6.042113e-07	8.092164e-04	-8.086122e-04
0.642595      	6.060610e-06	2.470265e-06	3.590345e-06	5.554936e-03	2.777502e-03	2.777434e-03	3.392778e-08	-5.600402e-07	8.089362e-04	6.013482e-07	8.092369e-04	-8.086355e-04
0.642649      	6.065063e-06	2.471970e-06	3.593093e-06	5.554981e-03	2.777525e-03	2.777457e-03	3.409796e-08	-5.605612e-07	8.089480e-04	5.986912e-07	8.092474e-04	-8.086487e-04
0.642703      	6.063331e-06	2.471116e-06	3.592214e-06	5.554820e-03	2.777445e-03	2.777376e-03	3.439728e-08	-5.605489e-07	8.089145e-04	5.945076e-07	8.092117e-04	-8.086172e-04
0.642757      	6.069958e-06	2.473755e-06	3.596203e-06	5.554913e-03	2.777491e-03	2.777422e-03	3.461424e-08	-5.612243e-07	8.089365e-04	5.915630e-07	8.092323e-04	-8.086407e-04
0.642811      	6.068842e-06	2.473160e-06	3.595683e-06	5.554735e-03	2.777402e-03	2.777332e-03	3.491562e-08	-5.612617e-07	8.088990e-04	5.876494e-07	8.091928e-04	-8.086052e-04
0.642865      	6.075741e-06	2.475900e-06	3.599841e-06	5.554828e-03	2.777449e-03	2.777379e-03	3.508283e-08	-5.619705e-07	8.089211e-04	5.853034e-07	8.092137e-04	-8.086284e-04
0.642919      	6.080804e-06	2.477874e-06	3.602930e-06	5.554872e-03	2.777471e-03	2.777401e-03	3.525571e-08	-5.625277e-07	8.089324e-04	5.828929e-07	8.092238e-04	-8.086409e-04
0.642973      	6.079939e-06	2.477406e-06	3.602533e-06	5.554710e-03	2.777390e-03	2.777319e-03	3.551172e-08	-5.625634e-07	8.088987e-04	5.793889e-07	8.091884e-04	-8.086090e-04
0.643027      	6.086530e-06	2.480010e-06	3.606521e-06	5.554803e-03	2.777437e-03	2.777366e-03	3.565435e-08	-5.632555e-07	8.089206e-04	5.772184e-07	8.092092e-04	-8.086320e-04
0.643081      	6.091426e-06	2.481907e-06	3.609518e-06	5.554849e-03	2.777460e-03	2.777389e-03	3.572427e-08	-5.638055e-07	8.089325e-04	5.757289e-07	8.092203e-04	-8.086446e-04
0.643135      	6.090266e-06	2.481307e-06	3.608959e-06	5.554686e-03	2.777379e-03	2.777307e-03	3.591797e-08	-5.638263e-07	8.088987e-04	5.729750e-07	8.091852e-04	-8.086122e-04
0.643189      	6.096982e-06	2.483969e-06	3.613012e-06	5.554780e-03	2.777426e-03	2.777354e-03	3.610040e-08	-5.645217e-07	8.089208e-04	5.704862e-07	8.092060e-04	-8.086356e-04
0.643243      	6.095149e-06	2.483085e-06	3.612063e-06	5.554600e-03	2.777336e-03	2.777264e-03	3.631905e-08	-5.644891e-07	8.088832e-04	5.674295e-07	8.091669e-04	-8.085995e-04
0.643297      	6.101628e-06	2.485641e-06	3.615987e-06	5.554695e-03	2.777384e-03	2.777311e-03	3.644868e-08	-5.651727e-07	8.089054e-04	5.653229e-07	8.091880e-04	-8.086227e-04
0.643351      	6.106881e-06	2.487670e-06	3.619211e-06	5.554738e-03	2.777406e-03	2.777333e-03	3.659968e-08	-5.657705e-07	8.089165e-04	5.631482e-07	8.091980e-04	-8.086349e-04
0.643405      	6.106347e-06	2.487320e-06	3.619027e-06	5.554575e-03	2.777324e-03	2.777251e-03	3.683298e-08	-5.658538e-07	8.088826e-04	5.601523e-07	8.091627e-04	-8.086025e-04
0.643459      	6.113597e-06	2.490178e-06	3.623419e-06	5.554668e-03	2.777371e-03	2.777297e-03	3.697330e-08	-5.666206e-07	8.089045e-04	5.582411e-07	8.091836e-04	-8.086253e-04
0.643514      	6.119387e-06	2.492393e-06	3.626995e-06	5.554714e-03	2.777394e-03	2.777320e-03	3.714040e-08	-5.673008e-07	8.089160e-04	5.560253e-07	8.091940e-04	-8.086380e-04
0.643568      	6.117866e-06	2.491638e-06	3.626228e-06	5.554550e-03	2.777312e-03	2.777238e-03	3.740200e-08	-5.672949e-07	8.088822e-04	5.528137e-07	8.091586e-04	-8.086058e-04
0.643622      	6.124028e-06	2.494005e-06	3.630023e-06	5.554647e-03	2.777361e-03	2.777286e-03	3.752021e-08	-5.680088e-07	8.089046e-04	5.511782e-07	8.091802e-04	-8.086290e-04
0.643676      	6.122105e-06	2.493068e-06	3.629037e-06	5.554463e-03	2.777269e-03	2.777194e-03	3.769826e-08	-5.679847e-07	8.088664e-04	5.491000e-07	8.091410e-04	-8.085919e-04
0.64373       	6.128793e-06	2.495662e-06	3.633131e-06	5.554561e-03	2.777319e-03	2.777243e-03	3.790383e-08	-5.687348e-07	8.088892e-04	5.465092e-07	8.091624e-04	-8.086159e-04
0.643784      	6.133975e-06	2.497623e-06	3.636353e-06	5.554603e-03	2.777340e-03	2.777264e-03	3.801303e-08	-5.693651e-07	8.089000e-04	5.447985e-07	8.091724e-04	-8.086276e-04
0.643838      	6.132700e-06	2.496964e-06	3.635736e-06	5.554439e-03	2.777258e-03	2.777181e-03	3.827943e-08	-5.693861e-07	8.088661e-04	5.416243e-07	8.091369e-04	-8.085953e-04
0.643892      	6.140597e-06	2.500074e-06	3.640524e-06	5.554533e-03	2.777305e-03	2.777228e-03	3.840120e-08	-5.702251e-07	8.088880e-04	5.400960e-07	8.091580e-04	-8.086179e-04
0.643946      	6.146736e-06	2.502450e-06	3.644286e-06	5.554578e-03	2.777328e-03	2.777251e-03	3.852465e-08	-5.709184e-07	8.088994e-04	5.383597e-07	8.091686e-04	-8.086302e-04
0.644         	6.144553e-06	2.501412e-06	3.643141e-06	5.554413e-03	2.777245e-03	2.777168e-03	3.876729e-08	-5.708641e-07	8.088653e-04	5.351881e-07	8.091329e-04	-8.085977e-04
0.644054      	6.151893e-06	2.504265e-06	3.647627e-06	5.554507e-03	2.777293e-03	2.777215e-03	3.887069e-08	-5.716809e-07	8.088873e-04	5.338207e-07	8.091542e-04	-8.086203e-04
0.644108      	6.149619e-06	2.503201e-06	3.646418e-06	5.554324e-03	2.777201e-03	2.777123e-03	3.908569e-08	-5.716085e-07	8.088492e-04	5.308673e-07	8.091146e-04	-8.085837e-04
0.644162      	6.157289e-06	2.506205e-06	3.651084e-06	5.554419e-03	2.777249e-03	2.777170e-03	3.919260e-08	-5.724398e-07	8.088712e-04	5.294632e-07	8.091360e-04	-8.086065e-04
0.644216      	6.162576e-06	2.508216e-06	3.654360e-06	5.554462e-03	2.777270e-03	2.777192e-03	3.931588e-08	-5.730717e-07	8.088820e-04	5.277472e-07	8.091459e-04	-8.086181e-04
0.64427       	6.160479e-06	2.507215e-06	3.653264e-06	5.554295e-03	2.777187e-03	2.777108e-03	3.947696e-08	-5.730248e-07	8.088477e-04	5.261173e-07	8.091108e-04	-8.085847e-04
0.644324      	6.167633e-06	2.509992e-06	3.657641e-06	5.554389e-03	2.777234e-03	2.777155e-03	3.951144e-08	-5.738243e-07	8.088694e-04	5.255858e-07	8.091322e-04	-8.086066e-04
0.644378      	6.171714e-06	2.511465e-06	3.660249e-06	5.554434e-03	2.777256e-03	2.777177e-03	3.955520e-08	-5.743918e-07	8.088807e-04	5.246241e-07	8.091430e-04	-8.086184e-04
0.644432      	6.169129e-06	2.510260e-06	3.658870e-06	5.554268e-03	2.777174e-03	2.777094e-03	3.966442e-08	-5.743051e-07	8.088466e-04	5.232678e-07	8.091082e-04	-8.085850e-04
0.644486      	6.176850e-06	2.513266e-06	3.663584e-06	5.554362e-03	2.777221e-03	2.777141e-03	3.985009e-08	-5.751591e-07	8.088684e-04	5.207830e-07	8.091288e-04	-8.086080e-04
0.644541      	6.173926e-06	2.511941e-06	3.661985e-06	5.554179e-03	2.777130e-03	2.777050e-03	4.003504e-08	-5.750222e-07	8.088305e-04	5.182539e-07	8.090896e-04	-8.085713e-04
0.644595      	6.181946e-06	2.515074e-06	3.666873e-06	5.554274e-03	2.777177e-03	2.777097e-03	4.010836e-08	-5.758994e-07	8.088524e-04	5.171899e-07	8.091110e-04	-8.085939e-04
0.644649      	6.188497e-06	2.517621e-06	3.670875e-06	5.554317e-03	2.777199e-03	2.777118e-03	4.023382e-08	-5.766268e-07	8.088632e-04	5.156033e-07	8.091210e-04	-8.086054e-04
0.644703      	6.185946e-06	2.516451e-06	3.669495e-06	5.554150e-03	2.777115e-03	2.777035e-03	4.043994e-08	-5.765218e-07	8.088289e-04	5.127358e-07	8.090853e-04	-8.085726e-04
0.644757      	6.193508e-06	2.519404e-06	3.674104e-06	5.554244e-03	2.777162e-03	2.777081e-03	4.048641e-08	-5.773502e-07	8.088506e-04	5.121013e-07	8.091067e-04	-8.085946e-04
0.644811      	6.199319e-06	2.521576e-06	3.677743e-06	5.554288e-03	2.777184e-03	2.777103e-03	4.058503e-08	-5.780833e-07	8.088617e-04	5.106524e-07	8.091170e-04	-8.086064e-04
0.644865      	6.197217e-06	2.520586e-06	3.676631e-06	5.554121e-03	2.777101e-03	2.777020e-03	4.074974e-08	-5.780221e-07	8.088275e-04	5.086305e-07	8.090818e-04	-8.085732e-04
0.644919      	6.205226e-06	2.523729e-06	3.681497e-06	5.554215e-03	2.777148e-03	2.777067e-03	4.085583e-08	-5.788841e-07	8.088493e-04	5.074702e-07	8.091030e-04	-8.085956e-04
0.644973      	6.201721e-06	2.522189e-06	3.679533e-06	5.554031e-03	2.777056e-03	2.776974e-03	4.099836e-08	-5.786721e-07	8.088113e-04	5.055584e-07	8.090640e-04	-8.085585e-04
0.645027      	6.209635e-06	2.525265e-06	3.684370e-06	5.554127e-03	2.777104e-03	2.777022e-03	4.103142e-08	-5.795527e-07	8.088333e-04	5.052405e-07	8.090860e-04	-8.085807e-04
0.645081      	6.214773e-06	2.527209e-06	3.687565e-06	5.554169e-03	2.777126e-03	2.777044e-03	4.112082e-08	-5.801779e-07	8.088440e-04	5.040096e-07	8.090960e-04	-8.085920e-04
0.645135      	6.212667e-06	2.526233e-06	3.686434e-06	5.554003e-03	2.777043e-03	2.776960e-03	4.128417e-08	-5.801004e-07	8.088099e-04	5.019782e-07	8.090609e-04	-8.085590e-04
0.645189      	6.220111e-06	2.529116e-06	3.690996e-06	5.554097e-03	2.777090e-03	2.777007e-03	4.133798e-08	-5.809400e-07	8.088317e-04	5.011243e-07	8.090822e-04	-8.085811e-04
0.645243      	6.216565e-06	2.527552e-06	3.689013e-06	5.553914e-03	2.776998e-03	2.776915e-03	4.148325e-08	-5.807305e-07	8.087938e-04	4.991586e-07	8.090434e-04	-8.085442e-04
0.645297      	6.224838e-06	2.530788e-06	3.694050e-06	5.554009e-03	2.777046e-03	2.776963e-03	4.155908e-08	-5.816309e-07	8.088158e-04	4.982786e-07	8.090649e-04	-8.085666e-04
0.645351      	6.230675e-06	2.533020e-06	3.697655e-06	5.554051e-03	2.777067e-03	2.776984e-03	4.164419e-08	-5.823177e-07	8.088263e-04	4.971872e-07	8.090749e-04	-8.085777e-04
0.645405      	6.227768e-06	2.531724e-06	3.696045e-06	5.553885e-03	2.776984e-03	2.776901e-03	4.177761e-08	-5.821604e-07	8.087924e-04	4.954543e-07	8.090402e-04	-8.085447e-04
0.645459      	6.235949e-06	2.534898e-06	3.701052e-06	5.553980e-03	2.777032e-03	2.776948e-03	4.177722e-08	-5.830768e-07	8.088141e-04	4.953823e-07	8.090618e-04	-8.085664e-04
0.645514      	6.232538e-06	2.533406e-06	3.699132e-06	5.553797e-03	2.776941e-03	2.776857e-03	4.196243e-08	-5.828630e-07	8.087766e-04	4.929138e-07	8.090231e-04	-8.085301e-04
0.645568      	6.240884e-06	2.536666e-06	3.704218e-06	5.553894e-03	2.776989e-03	2.776905e-03	4.193386e-08	-5.837759e-07	8.087986e-04	4.931317e-07	8.090451e-04	-8.085520e-04
0.645622      	6.246285e-06	2.538714e-06	3.707571e-06	5.553937e-03	2.777010e-03	2.776926e-03	4.195687e-08	-5.844282e-07	8.088092e-04	4.926782e-07	8.090556e-04	-8.085629e-04
0.645676      	6.243671e-06	2.537556e-06	3.706114e-06	5.553772e-03	2.776928e-03	2.776844e-03	4.207241e-08	-5.842790e-07	8.087756e-04	4.912224e-07	8.090212e-04	-8.085300e-04
0.64573       	6.251915e-06	2.540771e-06	3.711143e-06	5.553866e-03	2.776975e-03	2.776891e-03	4.210402e-08	-5.851862e-07	8.087973e-04	4.907914e-07	8.090427e-04	-8.085519e-04
0.645784      	6.247686e-06	2.538944e-06	3.708742e-06	5.553684e-03	2.776884e-03	2.776800e-03	4.218646e-08	-5.848990e-07	8.087600e-04	4.894652e-07	8.090047e-04	-8.085152e-04
0.645838      	6.256070e-06	2.542218e-06	3.713852e-06	5.553781e-03	2.776933e-03	2.776848e-03	4.220597e-08	-5.858169e-07	8.087821e-04	4.890031e-07	8.090266e-04	-8.085376e-04
0.645892      	6.261383e-06	2.544238e-06	3.717145e-06	5.553822e-03	2.776953e-03	2.776869e-03	4.222148e-08	-5.864537e-07	8.087927e-04	4.887257e-07	8.090370e-04	-8.085483e-04
0.645946      	6.257744e-06	2.542673e-06	3.715071e-06	5.553657e-03	2.776871e-03	2.776786e-03	4.233713e-08	-5.861988e-07	8.087589e-04	4.869932e-07	8.090024e-04	-8.085154e-04
0.646         	6.265163e-06	2.545522e-06	3.719641e-06	5.553753e-03	2.776919e-03	2.776834e-03	4.232276e-08	-5.870595e-07	8.087810e-04	4.872910e-07	8.090246e-04	-8.085373e-04
0.646054      	6.261132e-06	2.543795e-06	3.717336e-06	5.553572e-03	2.776829e-03	2.776744e-03	4.239606e-08	-5.867704e-07	8.087440e-04	4.863534e-07	8.089872e-04	-8.085008e-04
0.646108      	6.269371e-06	2.546996e-06	3.722375e-06	5.553669e-03	2.776877e-03	2.776792e-03	4.241839e-08	-5.876893e-07	8.087661e-04	4.858861e-07	8.090090e-04	-8.085232e-04
0.646162      	6.276180e-06	2.549649e-06	3.726531e-06	5.553713e-03	2.776899e-03	2.776814e-03	4.241272e-08	-5.884410e-07	8.087769e-04	4.861035e-07	8.090200e-04	-8.085339e-04
0.646216      	6.271643e-06	2.547681e-06	3.723962e-06	5.553552e-03	2.776819e-03	2.776734e-03	4.242033e-08	-5.881407e-07	8.087442e-04	4.863506e-07	8.089874e-04	-8.085011e-04
0.64627       	6.279935e-06	2.550918e-06	3.729017e-06	5.553648e-03	2.776866e-03	2.776781e-03	4.245411e-08	-5.890494e-07	8.087660e-04	4.856788e-07	8.090089e-04	-8.085232e-04
0.646324      	6.285081e-06	2.552872e-06	3.732210e-06	5.553694e-03	2.776889e-03	2.776805e-03	4.244536e-08	-5.896691e-07	8.087774e-04	4.856253e-07	8.090202e-04	-8.085346e-04
0.646378      	6.281863e-06	2.551502e-06	3.730361e-06	5.553533e-03	2.776809e-03	2.776724e-03	4.257644e-08	-5.894294e-07	8.087448e-04	4.839962e-07	8.089868e-04	-8.085028e-04
0.646432      	6.290436e-06	2.554845e-06	3.735592e-06	5.553629e-03	2.776857e-03	2.776772e-03	4.254821e-08	-5.903736e-07	8.087668e-04	4.844247e-07	8.090090e-04	-8.085246e-04
0.646486      	6.286150e-06	2.553038e-06	3.733112e-06	5.553451e-03	2.776768e-03	2.776683e-03	4.262318e-08	-5.900368e-07	8.087306e-04	4.835918e-07	8.089724e-04	-8.084888e-04
0.646541      	6.294797e-06	2.556424e-06	3.738373e-06	5.553549e-03	2.776817e-03	2.776732e-03	4.257491e-08	-5.909746e-07	8.087530e-04	4.839360e-07	8.089950e-04	-8.085110e-04
0.646595      	6.300576e-06	2.558643e-06	3.741933e-06	5.553595e-03	2.776840e-03	2.776755e-03	4.257178e-08	-5.916454e-07	8.087640e-04	4.835500e-07	8.090057e-04	-8.085222e-04
0.646649      	6.296937e-06	2.557098e-06	3.739839e-06	5.553435e-03	2.776760e-03	2.776675e-03	4.265662e-08	-5.913707e-07	8.087317e-04	4.828288e-07	8.089731e-04	-8.084903e-04
0.646703      	6.305672e-06	2.560521e-06	3.745151e-06	5.553532e-03	2.776808e-03	2.776723e-03	4.262758e-08	-5.923148e-07	8.087539e-04	4.832668e-07	8.089955e-04	-8.085122e-04
0.646757      	6.301680e-06	2.558863e-06	3.742817e-06	5.553358e-03	2.776722e-03	2.776636e-03	4.264935e-08	-5.919775e-07	8.087182e-04	4.832074e-07	8.089598e-04	-8.084766e-04
0.646811      	6.309400e-06	2.561846e-06	3.747554e-06	5.553457e-03	2.776771e-03	2.776686e-03	4.256474e-08	-5.928541e-07	8.087408e-04	4.843416e-07	8.089830e-04	-8.084987e-04
0.646865      	6.315659e-06	2.564247e-06	3.751412e-06	5.553503e-03	2.776794e-03	2.776709e-03	4.251964e-08	-5.935825e-07	8.087520e-04	4.849036e-07	8.089944e-04	-8.085095e-04
0.646919      	6.311651e-06	2.562567e-06	3.749084e-06	5.553347e-03	2.776716e-03	2.776631e-03	4.258362e-08	-5.932585e-07	8.087203e-04	4.842432e-07	8.089625e-04	-8.084782e-04
0.646973      	6.320121e-06	2.565894e-06	3.754227e-06	5.553444e-03	2.776764e-03	2.776679e-03	4.256783e-08	-5.941664e-07	8.087426e-04	4.845129e-07	8.089849e-04	-8.085004e-04
0.647027      	6.315812e-06	2.564107e-06	3.751705e-06	5.553272e-03	2.776679e-03	2.776594e-03	4.254427e-08	-5.937989e-07	8.087075e-04	4.849947e-07	8.089500e-04	-8.084650e-04
0.647081      	6.324190e-06	2.567375e-06	3.756815e-06	5.553371e-03	2.776728e-03	2.776643e-03	4.249968e-08	-5.947200e-07	8.087301e-04	4.857641e-07	8.089730e-04	-8.084873e-04
0.647135      	6.330211e-06	2.569698e-06	3.760513e-06	5.553417e-03	2.776751e-03	2.776666e-03	4.243906e-08	-5.954074e-07	8.087414e-04	4.862746e-07	8.089846e-04	-8.084983e-04
0.647189      	6.326027e-06	2.567949e-06	3.758078e-06	5.553264e-03	2.776674e-03	2.776589e-03	4.248366e-08	-5.950641e-07	8.087103e-04	4.858229e-07	8.089533e-04	-8.084674e-04
0.647243      	6.334627e-06	2.571307e-06	3.763320e-06	5.553363e-03	2.776724e-03	2.776639e-03	4.234823e-08	-5.960066e-07	8.087330e-04	4.877025e-07	8.089769e-04	-8.084892e-04
0.647297      	6.329394e-06	2.569111e-06	3.760283e-06	5.553191e-03	2.776638e-03	2.776553e-03	4.226083e-08	-5.955856e-07	8.086978e-04	4.891529e-07	8.089424e-04	-8.084532e-04
0.647351      	6.338352e-06	2.572628e-06	3.765724e-06	5.553292e-03	2.776688e-03	2.776604e-03	4.224443e-08	-5.965480e-07	8.087208e-04	4.894939e-07	8.089656e-04	-8.084761e-04
0.647405      	6.343394e-06	2.574521e-06	3.768873e-06	5.553341e-03	2.776713e-03	2.776628e-03	4.226499e-08	-5.971759e-07	8.087330e-04	4.893223e-07	8.089776e-04	-8.084883e-04
0.647459      	6.339240e-06	2.572814e-06	3.766427e-06	5.553186e-03	2.776635e-03	2.776551e-03	4.219158e-08	-5.968067e-07	8.087016e-04	4.902078e-07	8.089467e-04	-8.084565e-04
0.647514      	6.347675e-06	2.576096e-06	3.771579e-06	5.553288e-03	2.776686e-03	2.776602e-03	4.216377e-08	-5.977413e-07	8.087248e-04	4.909030e-07	8.089703e-04	-8.084794e-04
0.647568      	6.353165e-06	2.578182e-06	3.774984e-06	5.553336e-03	2.776710e-03	2.776626e-03	4.210110e-08	-5.984012e-07	8.087362e-04	4.913345e-07	8.089819e-04	-8.084906e-04
0.647622      	6.348503e-06	2.576232e-06	3.772271e-06	5.553186e-03	2.776635e-03	2.776551e-03	4.213205e-08	-5.980196e-07	8.087064e-04	4.913290e-07	8.089520e-04	-8.084607e-04
0.647676      	6.357245e-06	2.579648e-06	3.777597e-06	5.553286e-03	2.776685e-03	2.776601e-03	4.201691e-08	-5.989745e-07	8.087289e-04	4.929124e-07	8.089753e-04	-8.084824e-04
0.64773       	6.352074e-06	2.577524e-06	3.774549e-06	5.553120e-03	2.776602e-03	2.776518e-03	4.203984e-08	-5.985127e-07	8.086954e-04	4.927504e-07	8.089417e-04	-8.084490e-04
0.647784      	6.361728e-06	2.581365e-06	3.780363e-06	5.553222e-03	2.776653e-03	2.776569e-03	4.195398e-08	-5.994991e-07	8.087184e-04	4.939223e-07	8.089654e-04	-8.084715e-04
0.647838      	6.367462e-06	2.583546e-06	3.783916e-06	5.553273e-03	2.776678e-03	2.776594e-03	4.193125e-08	-6.001854e-07	8.087304e-04	4.941312e-07	8.089775e-04	-8.084834e-04
0.647892      	6.362617e-06	2.581540e-06	3.781077e-06	5.553125e-03	2.776604e-03	2.776520e-03	4.199291e-08	-5.997688e-07	8.087009e-04	4.938752e-07	8.089479e-04	-8.084540e-04
0.647946      	6.370915e-06	2.584744e-06	3.786171e-06	5.553228e-03	2.776656e-03	2.776572e-03	4.199521e-08	-6.007134e-07	8.087242e-04	4.941878e-07	8.089713e-04	-8.084771e-04
0.648         	6.365230e-06	2.582404e-06	3.782826e-06	5.553066e-03	2.776575e-03	2.776491e-03	4.211245e-08	-6.002114e-07	8.086913e-04	4.929506e-07	8.089378e-04	-8.084448e-04
0.648054      	6.373929e-06	2.585785e-06	3.788144e-06	5.553168e-03	2.776626e-03	2.776542e-03	4.206833e-08	-6.011794e-07	8.087146e-04	4.937223e-07	8.089615e-04	-8.084678e-04
0.648108      	6.379561e-06	2.587918e-06	3.791642e-06	5.553220e-03	2.776652e-03	2.776568e-03	4.214824e-08	-6.018621e-07	8.087270e-04	4.930591e-07	8.089735e-04	-8.084804e-04
0.648162      	6.376324e-06	2.586672e-06	3.789652e-06	5.553073e-03	2.776579e-03	2.776494e-03	4.213543e-08	-6.014900e-07	8.086977e-04	4.925689e-07	8.089440e-04	-8.084514e-04
0.648216      	6.386394e-06	2.590760e-06	3.795634e-06	5.553172e-03	2.776628e-03	2.776545e-03	4.168150e-08	-6.024375e-07	8.087199e-04	4.983788e-07	8.089691e-04	-8.084707e-04
0.64827       	6.393536e-06	2.593780e-06	3.799756e-06	5.553219e-03	2.776650e-03	2.776568e-03	4.113352e-08	-6.029883e-07	8.087307e-04	5.019994e-07	8.089817e-04	-8.084797e-04
0.648324      	6.386781e-06	2.590880e-06	3.795900e-06	5.553075e-03	2.776578e-03	2.776496e-03	4.105002e-08	-6.025101e-07	8.087023e-04	5.048207e-07	8.089547e-04	-8.084499e-04
0.648378      	6.394546e-06	2.593833e-06	3.800713e-06	5.553172e-03	2.776627e-03	2.776545e-03	4.096256e-08	-6.034402e-07	8.087243e-04	5.064106e-07	8.089775e-04	-8.084711e-04
0.648432      	6.389390e-06	2.591736e-06	3.797653e-06	5.553016e-03	2.776549e-03	2.776467e-03	4.111826e-08	-6.029583e-07	8.086934e-04	5.045579e-07	8.089457e-04	-8.084411e-04
0.648486      	6.393188e-06	2.592871e-06	3.800317e-06	5.553134e-03	2.776609e-03	2.776526e-03	4.152246e-08	-6.037231e-07	8.087187e-04	4.995215e-07	8.089685e-04	-8.084689e-04
0.648541      	6.403477e-06	2.597254e-06	3.806223e-06	5.553156e-03	2.776618e-03	2.776537e-03	4.039612e-08	-6.044844e-07	8.087260e-04	5.132711e-07	8.089827e-04	-8.084694e-04
0.648595      	6.395959e-06	2.594069e-06	3.801890e-06	5.553023e-03	2.776552e-03	2.776471e-03	4.059693e-08	-6.039102e-07	8.086995e-04	5.099032e-07	8.089544e-04	-8.084445e-04
0.648649      	6.403589e-06	2.596946e-06	3.806643e-06	5.553130e-03	2.776606e-03	2.776524e-03	4.081189e-08	-6.048486e-07	8.087230e-04	5.075529e-07	8.089768e-04	-8.084692e-04
0.648703      	6.407597e-06	2.598428e-06	3.809169e-06	5.553184e-03	2.776632e-03	2.776551e-03	4.046321e-08	-6.053706e-07	8.087353e-04	5.122965e-07	8.089915e-04	-8.084792e-04
0.648757      	6.405354e-06	2.597587e-06	3.807767e-06	5.553037e-03	2.776559e-03	2.776478e-03	4.065201e-08	-6.050901e-07	8.087071e-04	5.111339e-07	8.089626e-04	-8.084515e-04
0.648811      	6.413245e-06	2.600629e-06	3.812617e-06	5.553141e-03	2.776611e-03	2.776530e-03	4.040011e-08	-6.059940e-07	8.087300e-04	5.144308e-07	8.089872e-04	-8.084728e-04
0.648865      	6.409102e-06	2.599192e-06	3.809910e-06	5.552996e-03	2.776538e-03	2.776458e-03	4.019404e-08	-6.053589e-07	8.087002e-04	5.166572e-07	8.089585e-04	-8.084419e-04
0.648916      	6.463973e-06	2.623115e-06	3.840858e-06	5.584013e-03	2.792042e-03	2.791972e-03	3.510294e-08	-6.088713e-07	8.151423e-04	5.439827e-07	8.154143e-04	-8.148703e-04
0.648964      	6.501567e-06	2.640522e-06	3.861045e-06	5.634466e-03	2.817263e-03	2.817203e-03	2.998655e-08	-6.102618e-07	8.257951e-04	5.643662e-07	8.260773e-04	-8.255129e-04
0.649007      	6.600705e-06	2.681193e-06	3.919512e-06	5.667418e-03	2.833736e-03	2.833682e-03	2.702242e-08	-6.191598e-07	8.329732e-04	5.730141e-07	8.332597e-04	-8.326867e-04
0.649046      	6.704558e-06	2.722918e-06	3.981640e-06	5.693281e-03	2.846662e-03	2.846619e-03	2.148574e-08	-6.293607e-07	8.386589e-04	6.261722e-07	8.389720e-04	-8.383458e-04
0.649085      	6.744192e-06	2.734818e-06	4.009373e-06	5.680915e-03	2.840488e-03	2.840427e-03	3.021420e-08	-6.372776e-07	8.363484e-04	5.684083e-07	8.366326e-04	-8.360642e-04
0.649119      	6.936538e-06	2.817358e-06	4.119179e-06	5.746133e-03	2.873085e-03	2.873048e-03	1.858254e-08	-6.509105e-07	8.499864e-04	6.287580e-07	8.503008e-04	-8.496720e-04
0.64915       	7.025342e-06	2.852426e-06	4.172915e-06	5.751946e-03	2.875998e-03	2.875948e-03	2.523579e-08	-6.602445e-07	8.515930e-04	6.002598e-07	8.518932e-04	-8.512929e-04
0.649179      	7.136370e-06	2.899708e-06	4.236662e-06	5.764006e-03	2.882024e-03	2.881983e-03	2.052081e-08	-6.684768e-07	8.542671e-04	6.706748e-07	8.546024e-04	-8.539317e-04
0.649207      	7.259846e-06	2.957107e-06	4.302739e-06	5.774393e-03	2.887210e-03	2.887184e-03	1.294410e-08	-6.728163e-07	8.565875e-04	7.333332e-07	8.569542e-04	-8.562208e-04
0.649232      	5.343597e-06	2.011648e-06	3.331949e-06	5.785708e-03	2.893100e-03	2.892608e-03	2.462392e-07	-6.601506e-07	8.592192e-04	-1.788611e-06	8.583249e-04	-8.601136e-04
0.649252      	1.264370e-04	6.248075e-05	6.395621e-05	5.919134e-03	2.946859e-03	2.972275e-03	-1.270785e-05	-7.377306e-07	8.760033e-04	1.039498e-04	9.279782e-04	-8.240284e-04
0.649255      	2.528939e-02	1.266229e-02	1.262710e-02	-7.227011e-03	-6.074323e-03	-1.152687e-03	-2.460818e-03	1.759256e-05	-4.284829e-03	1.710170e-02	4.266019e-03	1.283568e-02
0.649256      	1.220371e-01	6.214420e-02	5.989292e-02	-3.511112e-02	-2.744711e-02	-7.664007e-03	-9.891552e-03	1.125641e-03	-2.178661e-02	3.496028e-02	-4.306469e-03	3.926675e-02
0.649256      	-2.523855e-02	-1.299652e-02	-1.224203e-02	8.936049e-02	5.192331e-02	3.743719e-02	7.243059e-03	-3.772466e-04	2.289528e-02	-8.522116e-02	-1.971530e-02	-6.550586e-02
0.649256      	1.251093e-02	6.295481e-03	6.215454e-03	2.119161e-02	9.010309e-03	1.218131e-02	-1.585498e-03	4.001323e-05	2.897181e-03	1.794772e-02	1.187104e-02	6.076680e-03
0.649257      	1.232194e-02	5.599523e-03	6.722413e-03	3.369215e-02	1.825348e-02	1.543867e-02	1.407402e-03	-5.614448e-04	6.526737e-03	-8.807998e-03	2.122737e-03	-1.093074e-02
0.649257      	1.271019e-03	5.725590e-04	6.984596e-04	2.608294e-02	1.461367e-02	1.146927e-02	1.572204e-03	-6.295028e-05	5.432208e-03	-1.811273e-02	-3.624157e-03	-1.448857e-02
0.649258      	3.187705e-03	1.344765e-03	1.842941e-03	2.677106e-02	1.457507e-02	1.219599e-02	1.189537e-03	-2.490879e-04	4.812818e-03	-1.033540e-02	-3.548824e-04	-9.980518e-03
0.649258      	2.004269e-03	8.737073e-04	1.130562e-03	2.435176e-02	1.316818e-02	1.118357e-02	9.923044e-04	-1.284274e-04	3.896264e-03	-9.531274e-03	-8.693732e-04	-8.661901e-03
0.649259      	4.427837e-03	2.061345e-03	2.366491e-03	1.994295e-02	1.057636e-02	9.366590e-03	6.048845e-04	-1.525732e-04	2.918943e-03	-5.827160e-03	5.362977e-06	-5.832523e-03
0.64926       	4.471699e-03	2.112689e-03	2.359010e-03	1.648242e-02	8.674038e-03	7.808387e-03	4.328258e-04	-1.231608e-04	2.221423e-03	-3.918651e-03	2.620980e-04	-4.180748e-03
0.64926       	3.790467e-03	1.780899e-03	2.009568e-03	1.619419e-02	8.650201e-03	7.543988e-03	5.531068e-04	-1.143345e-04	2.184516e-03	-5.641771e-03	-6.363690e-04	-5.005402e-03
0.649261      	2.785274e-03	1.302982e-03	1.482292e-03	1.402381e-02	7.456910e-03	6.566901e-03	4.450048e-04	-8.965525e-05	1.914803e-03	-4.533767e-03	-3.520804e-04	-4.181687e-03
0.649262      	2.647613e-03	1.240689e-03	1.406923e-03	1.275317e-02	6.802224e-03	5.950950e-03	4.256370e-04	-8.311705e-05	1.729029e-03	-4.461598e-03	-5.017696e-04	-3.959828e-03
0.649264      	2.578650e-03	1.210754e-03	1.367895e-03	1.194103e-02	6.367534e-03	5.573497e-03	3.970183e-04	-7.857037e-05	1.578639e-03	-4.217515e-03	-5.301184e-04	-3.687397e-03
0.649265      	2.204260e-03	1.041175e-03	1.163085e-03	1.055591e-02	5.555385e-03	5.000529e-03	2.774281e-04	-6.095475e-05	1.344689e-03	-2.943371e-03	-1.269964e-04	-2.816375e-03
0.649267      	1.838470e-03	8.732956e-04	9.651741e-04	9.254384e-03	4.809533e-03	4.444851e-03	1.823411e-04	-4.593922e-05	1.165151e-03	-1.989038e-03	1.706320e-04	-2.159670e-03
0.649268      	1.745002e-03	8.256457e-04	9.193565e-04	9.053401e-03	4.730169e-03	4.323232e-03	2.034689e-04	-4.685539e-05	1.140286e-03	-2.126338e-03	7.711699e-05	-2.203455e-03
0.64927       	1.657833e-03	7.788246e-04	8.790083e-04	9.046486e-03	4.755069e-03	4.291417e-03	2.318260e-04	-5.009183e-05	1.149936e-03	-2.359038e-03	-2.958348e-05	-2.329455e-03
0.649272      	1.554607e-03	7.265866e-04	8.280200e-04	8.892461e-03	4.684592e-03	4.207869e-03	2.383617e-04	-5.071670e-05	1.136639e-03	-2.367685e-03	-4.720345e-05	-2.320481e-03
0.649275      	1.447766e-03	6.748667e-04	7.728995e-04	8.669544e-03	4.578918e-03	4.090626e-03	2.441462e-04	-4.901639e-05	1.117933e-03	-2.381395e-03	-7.276483e-05	-2.308630e-03
0.649277      	1.463479e-03	6.792439e-04	7.842350e-04	8.727250e-03	4.626696e-03	4.100554e-03	2.630712e-04	-5.249554e-05	1.126922e-03	-2.500933e-03	-1.235450e-04	-2.377388e-03
0.64928       	1.395827e-03	6.472848e-04	7.485417e-04	8.510269e-03	4.505257e-03	4.005012e-03	2.501226e-04	-5.062846e-05	1.101343e-03	-2.327012e-03	-6.216230e-05	-2.264849e-03
0.649283      	1.339630e-03	6.213606e-04	7.182695e-04	8.314558e-03	4.394311e-03	3.920248e-03	2.370314e-04	-4.845445e-05	1.074109e-03	-2.166065e-03	-8.923243e-06	-2.157141e-03
0.649286      	1.289849e-03	5.982485e-04	6.916006e-04	8.152507e-03	4.301683e-03	3.850825e-03	2.254290e-04	-4.667607e-05	1.052381e-03	-2.017620e-03	4.357051e-05	-2.061191e-03
0.649289      	1.266663e-03	5.869390e-04	6.797244e-04	8.101684e-03	4.280376e-03	3.821308e-03	2.295341e-04	-4.639269e-05	1.049583e-03	-2.045206e-03	2.697981e-05	-2.072186e-03
0.649293      	1.254063e-03	5.788560e-04	6.752074e-04	8.104721e-03	4.293061e-03	3.811659e-03	2.407010e-04	-4.817570e-05	1.062198e-03	-2.106473e-03	8.962025e-06	-2.115435e-03
0.649296      	1.255254e-03	5.763987e-04	6.788550e-04	8.141711e-03	4.327911e-03	3.813801e-03	2.570550e-04	-5.122815e-05	1.083127e-03	-2.209228e-03	-2.148724e-05	-2.187740e-03
0.6493        	1.243221e-03	5.696579e-04	6.735628e-04	8.078081e-03	4.296075e-03	3.782006e-03	2.570345e-04	-5.195246e-05	1.081882e-03	-2.169826e-03	-3.031480e-06	-2.166795e-03
0.649303      	1.241203e-03	5.682993e-04	6.729038e-04	8.039443e-03	4.279462e-03	3.759981e-03	2.597403e-04	-5.230223e-05	1.080199e-03	-2.176885e-03	-8.243167e-06	-2.168642e-03
0.649307      	1.225961e-03	5.607299e-04	6.652309e-04	7.997078e-03	4.258566e-03	3.738512e-03	2.600273e-04	-5.225050e-05	1.077889e-03	-2.159271e-03	-1.746461e-06	-2.157524e-03
0.649311      	1.213420e-03	5.540150e-04	6.594055e-04	7.959223e-03	4.241381e-03	3.717842e-03	2.617693e-04	-5.269530e-05	1.077959e-03	-2.143478e-03	6.219714e-06	-2.149698e-03
0.649315      	1.205429e-03	5.484193e-04	6.570101e-04	7.954915e-03	4.245717e-03	3.709198e-03	2.682596e-04	-5.429540e-05	1.087076e-03	-2.155648e-03	9.251714e-06	-2.164900e-03
0.649319      	1.205007e-03	5.469544e-04	6.580525e-04	7.930034e-03	4.240331e-03	3.689703e-03	2.753137e-04	-5.554906e-05	1.092910e-03	-2.189068e-03	-1.624227e-06	-2.187444e-03
0.649323      	1.220104e-03	5.531601e-04	6.669438e-04	7.928010e-03	4.246002e-03	3.682008e-03	2.819970e-04	-5.689181e-05	1.100711e-03	-2.224106e-03	-1.134153e-05	-2.212764e-03
0.649327      	1.231313e-03	5.573169e-04	6.739958e-04	7.944212e-03	4.263364e-03	3.680849e-03	2.912575e-04	-5.833945e-05	1.111115e-03	-2.297205e-03	-3.748715e-05	-2.259718e-03
0.649331      	1.233645e-03	5.568908e-04	6.767547e-04	7.976732e-03	4.288183e-03	3.688549e-03	2.998172e-04	-5.993192e-05	1.125235e-03	-2.359585e-03	-5.455788e-05	-2.305027e-03
0.649335      	1.238487e-03	5.573881e-04	6.810985e-04	7.989726e-03	4.301266e-03	3.688460e-03	3.064028e-04	-6.185521e-05	1.136855e-03	-2.394807e-03	-6.054882e-05	-2.334258e-03
0.649339      	1.236716e-03	5.548678e-04	6.818478e-04	7.995471e-03	4.309951e-03	3.685520e-03	3.122157e-04	-6.349003e-05	1.146636e-03	-2.425146e-03	-6.593705e-05	-2.359209e-03
0.649343      	1.246727e-03	5.584558e-04	6.882710e-04	7.992082e-03	4.313528e-03	3.678554e-03	3.174868e-04	-6.490760e-05	1.154460e-03	-2.457121e-03	-7.410015e-05	-2.383021e-03
0.649348      	1.255632e-03	5.614634e-04	6.941688e-04	7.995041e-03	4.321056e-03	3.673985e-03	3.235355e-04	-6.635271e-05	1.163976e-03	-2.494062e-03	-8.305463e-05	-2.411007e-03
0.649352      	1.267571e-03	5.661253e-04	7.014458e-04	8.001902e-03	4.330774e-03	3.671128e-03	3.298230e-04	-6.766023e-05	1.173480e-03	-2.540048e-03	-9.654355e-05	-2.443504e-03
0.649356      	1.276592e-03	5.696885e-04	7.069031e-04	7.986649e-03	4.326441e-03	3.660208e-03	3.331165e-04	-6.860730e-05	1.180011e-03	-2.559878e-03	-9.992762e-05	-2.459951e-03
0.64936       	1.279823e-03	5.700063e-04	7.098165e-04	8.004161e-03	4.342377e-03	3.661785e-03	3.402959e-04	-6.990513e-05	1.192148e-03	-2.622084e-03	-1.188944e-04	-2.503190e-03
0.649365      	1.294011e-03	5.759310e-04	7.180798e-04	8.010382e-03	4.349119e-03	3.661263e-03	3.439279e-04	-7.107442e-05	1.199751e-03	-2.653884e-03	-1.271914e-04	-2.526693e-03
0.649369      	1.285953e-03	5.705464e-04	7.154063e-04	8.048027e-03	4.376608e-03	3.671419e-03	3.525944e-04	-7.242992e-05	1.215514e-03	-2.735177e-03	-1.520740e-04	-2.583103e-03
0.649373      	1.304708e-03	5.786109e-04	7.260967e-04	8.049148e-03	4.380450e-03	3.668698e-03	3.558757e-04	-7.374287e-05	1.223212e-03	-2.758659e-03	-1.561172e-04	-2.602542e-03
0.649377      	1.306045e-03	5.777324e-04	7.283129e-04	8.082799e-03	4.405770e-03	3.677029e-03	3.643705e-04	-7.529023e-05	1.238029e-03	-2.838395e-03	-1.811686e-04	-2.657226e-03
0.649381      	1.321871e-03	5.845657e-04	7.373053e-04	8.087278e-03	4.412254e-03	3.675024e-03	3.686151e-04	-7.636982e-05	1.247321e-03	-2.879790e-03	-1.925739e-04	-2.687216e-03
0.649386      	1.326569e-03	5.853005e-04	7.412681e-04	8.118138e-03	4.436480e-03	3.681658e-03	3.774110e-04	-7.798382e-05	1.260945e-03	-2.961989e-03	-2.200498e-04	-2.741939e-03
0.64939       	1.341178e-03	5.912946e-04	7.498838e-04	8.125701e-03	4.445369e-03	3.680332e-03	3.825183e-04	-7.929459e-05	1.271243e-03	-3.003355e-03	-2.304342e-04	-2.772921e-03
0.649394      	1.341417e-03	5.902520e-04	7.511646e-04	8.137145e-03	4.457179e-03	3.679966e-03	3.886068e-04	-8.045632e-05	1.281685e-03	-3.057915e-03	-2.472725e-04	-2.810643e-03
0.649398      	1.349796e-03	5.934112e-04	7.563850e-04	8.133261e-03	4.458580e-03	3.674681e-03	3.919497e-04	-8.148691e-05	1.289531e-03	-3.083583e-03	-2.522603e-04	-2.831323e-03
0.649402      	1.353871e-03	5.945817e-04	7.592896e-04	8.131865e-03	4.461349e-03	3.670516e-03	3.954162e-04	-8.235399e-05	1.296585e-03	-3.112955e-03	-2.598928e-04	-2.853062e-03
0.649406      	1.358633e-03	5.962718e-04	7.623611e-04	8.119745e-03	4.456980e-03	3.662764e-03	3.971080e-04	-8.304462e-05	1.301295e-03	-3.125446e-03	-2.614278e-04	-2.864018e-03
0.649409      	1.360661e-03	5.967068e-04	7.639540e-04	8.109753e-03	4.454133e-03	3.655621e-03	3.992561e-04	-8.362359e-05	1.306082e-03	-3.145535e-03	-2.666849e-04	-2.878850e-03
0.649413      	1.365205e-03	5.984963e-04	7.667084e-04	8.096379e-03	4.448957e-03	3.647423e-03	4.007670e-04	-8.410606e-05	1.309975e-03	-3.159695e-03	-2.698729e-04	-2.889822e-03
0.649417      	1.367949e-03	5.993555e-04	7.685937e-04	8.086206e-03	4.445347e-03	3.640859e-03	4.022443e-04	-8.461911e-05	1.314831e-03	-3.174967e-03	-2.726526e-04	-2.902314e-03
0.649421      	1.370202e-03	5.999481e-04	7.702537e-04	8.085178e-03	4.447436e-03	3.637742e-03	4.048469e-04	-8.515278e-05	1.319923e-03	-3.203375e-03	-2.817640e-04	-2.921611e-03
0.649424      	1.372797e-03	6.007229e-04	7.720738e-04	8.076305e-03	4.444543e-03	3.631763e-03	4.063898e-04	-8.567546e-05	1.324602e-03	-3.217759e-03	-2.842773e-04	-2.933481e-03
0.649428      	1.374978e-03	6.013174e-04	7.736607e-04	8.072828e-03	4.445257e-03	3.627570e-03	4.088433e-04	-8.617160e-05	1.330044e-03	-3.240500e-03	-2.902063e-04	-2.950294e-03
0.649431      	1.375821e-03	6.011869e-04	7.746344e-04	8.069968e-03	4.446394e-03	3.623574e-03	4.114104e-04	-8.672373e-05	1.335236e-03	-3.264896e-03	-2.972123e-04	-2.967683e-03
0.649435      	1.378656e-03	6.019627e-04	7.766933e-04	8.071324e-03	4.449558e-03	3.621766e-03	4.138958e-04	-8.736526e-05	1.341895e-03	-3.284829e-03	-3.005193e-04	-2.984310e-03
0.649438      	1.381852e-03	6.028319e-04	7.790201e-04	8.069907e-03	4.451601e-03	3.618307e-03	4.166471e-04	-8.809412e-05	1.346875e-03	-3.309142e-03	-3.076955e-04	-3.001446e-03
0.649441      	1.385347e-03	6.039718e-04	7.813751e-04	8.068024e-03	4.452825e-03	3.615198e-03	4.188134e-04	-8.870165e-05	1.352620e-03	-3.327053e-03	-3.109067e-04	-3.016146e-03
0.649445      	1.392272e-03	6.065777e-04	7.856939e-04	8.064452e-03	4.453274e-03	3.611178e-03	4.210480e-04	-8.955814e-05	1.357910e-03	-3.344621e-03	-3.144006e-04	-3.030221e-03
0.649448      	1.396587e-03	6.080880e-04	7.884990e-04	8.059425e-03	4.452706e-03	3.606719e-03	4.229935e-04	-9.020551e-05	1.362687e-03	-3.360174e-03	-3.174000e-04	-3.042775e-03
0.649451      	1.402263e-03	6.101362e-04	7.921268e-04	8.053893e-03	4.451806e-03	3.602087e-03	4.248592e-04	-9.099532e-05	1.367101e-03	-3.374288e-03	-3.200429e-04	-3.054245e-03
0.649454      	1.408373e-03	6.124165e-04	7.959569e-04	8.051692e-03	4.452557e-03	3.599135e-03	4.267110e-04	-9.177016e-05	1.372824e-03	-3.386854e-03	-3.206033e-04	-3.066251e-03
0.649457      	1.415623e-03	6.151805e-04	8.004429e-04	8.048072e-03	4.452624e-03	3.595448e-03	4.285876e-04	-9.263124e-05	1.377833e-03	-3.400184e-03	-3.222591e-04	-3.077925e-03
0.649459      	1.421644e-03	6.174053e-04	8.042390e-04	8.049209e-03	4.455652e-03	3.593557e-03	4.310472e-04	-9.341683e-05	1.383710e-03	-3.418899e-03	-3.257397e-04	-3.093160e-03
0.649462      	1.426471e-03	6.190808e-04	8.073903e-04	8.044718e-03	4.455350e-03	3.589368e-03	4.329912e-04	-9.415475e-05	1.388201e-03	-3.433671e-03	-3.286345e-04	-3.105037e-03
0.649465      	1.432130e-03	6.211179e-04	8.110116e-04	8.044404e-03	4.457028e-03	3.587375e-03	4.348264e-04	-9.494689e-05	1.394297e-03	-3.445558e-03	-3.284816e-04	-3.117076e-03
0.649467      	1.437087e-03	6.227805e-04	8.143069e-04	8.046506e-03	4.460136e-03	3.586370e-03	4.368830e-04	-9.576321e-05	1.401035e-03	-3.460963e-03	-3.294465e-04	-3.131516e-03
0.64947       	1.439076e-03	6.231437e-04	8.159320e-04	8.043226e-03	4.460085e-03	3.583141e-03	4.384718e-04	-9.639415e-05	1.405815e-03	-3.473222e-03	-3.307961e-04	-3.142426e-03
0.649472      	1.442683e-03	6.241494e-04	8.185338e-04	8.043006e-03	4.461900e-03	3.581106e-03	4.403973e-04	-9.719220e-05	1.411712e-03	-3.487618e-03	-3.320968e-04	-3.155521e-03
0.649475      	1.443231e-03	6.238689e-04	8.193625e-04	8.041726e-03	4.462777e-03	3.578948e-03	4.419145e-04	-9.774681e-05	1.416998e-03	-3.499211e-03	-3.326076e-04	-3.166603e-03
0.649477      	1.445236e-03	6.241330e-04	8.211034e-04	8.045348e-03	4.466705e-03	3.578643e-03	4.440309e-04	-9.848520e-05	1.423543e-03	-3.518300e-03	-3.356067e-04	-3.182694e-03
0.649479      	1.446932e-03	6.243514e-04	8.225804e-04	8.045970e-03	4.468890e-03	3.577080e-03	4.459047e-04	-9.911452e-05	1.428527e-03	-3.532718e-03	-3.378319e-04	-3.194886e-03
0.649481      	1.448897e-03	6.245963e-04	8.243010e-04	8.049358e-03	4.472315e-03	3.577043e-03	4.476357e-04	-9.985237e-05	1.435095e-03	-3.546418e-03	-3.381141e-04	-3.208304e-03
0.649483      	1.451358e-03	6.251793e-04	8.261791e-04	8.051329e-03	4.475012e-03	3.576317e-03	4.493471e-04	-1.004999e-04	1.440254e-03	-3.559968e-03	-3.397304e-04	-3.220238e-03
0.649485      	1.451068e-03	6.244631e-04	8.266046e-04	8.054080e-03	4.478147e-03	3.575933e-03	4.511073e-04	-1.010707e-04	1.445732e-03	-3.576777e-03	-3.426558e-04	-3.234121e-03
0.649487      	1.451575e-03	6.240960e-04	8.274793e-04	8.063430e-03	4.485041e-03	3.578389e-03	4.533260e-04	-1.016916e-04	1.453090e-03	-3.596587e-03	-3.452038e-04	-3.251383e-03
0.649489      	1.452065e-03	6.236623e-04	8.284028e-04	8.072606e-03	4.492040e-03	3.580566e-03	4.557374e-04	-1.023702e-04	1.459506e-03	-3.618886e-03	-3.499376e-04	-3.268949e-03
0.649491      	1.454890e-03	6.243963e-04	8.304940e-04	8.082196e-03	4.498930e-03	3.583266e-03	4.578317e-04	-1.030488e-04	1.466751e-03	-3.636347e-03	-3.514223e-04	-3.284925e-03
0.649492      	1.455220e-03	6.239040e-04	8.313164e-04	8.088544e-03	4.504098e-03	3.584446e-03	4.598263e-04	-1.037062e-04	1.472425e-03	-3.654240e-03	-3.546950e-04	-3.299545e-03
0.649494      	1.458198e-03	6.247420e-04	8.334557e-04	8.097885e-03	4.510897e-03	3.586988e-03	4.619543e-04	-1.043568e-04	1.478948e-03	-3.672445e-03	-3.572745e-04	-3.315171e-03
0.649496      	1.458715e-03	6.241764e-04	8.345387e-04	8.115076e-03	4.522129e-03	3.592948e-03	4.645907e-04	-1.051812e-04	1.486780e-03	-3.696779e-03	-3.616096e-04	-3.335169e-03
0.649497      	1.464493e-03	6.263427e-04	8.381501e-04	8.123399e-03	4.527984e-03	3.595415e-03	4.662843e-04	-1.059037e-04	1.493747e-03	-3.709966e-03	-3.612358e-04	-3.348731e-03
0.649499      	1.462391e-03	6.245117e-04	8.378797e-04	8.139116e-03	4.538604e-03	3.600512e-03	4.690461e-04	-1.066840e-04	1.500256e-03	-3.734255e-03	-3.668717e-04	-3.367384e-03
0.6495        	1.467905e-03	6.265231e-04	8.413821e-04	8.157421e-03	4.550093e-03	3.607329e-03	4.713821e-04	-1.074295e-04	1.508829e-03	-3.754766e-03	-3.685541e-04	-3.386212e-03
0.649501      	1.462828e-03	6.233330e-04	8.394948e-04	8.173840e-03	4.560718e-03	3.613122e-03	4.737981e-04	-1.080809e-04	1.515460e-03	-3.775550e-03	-3.723147e-04	-3.403235e-03
0.649503      	1.468627e-03	6.254432e-04	8.431841e-04	8.198190e-03	4.575604e-03	3.622586e-03	4.765089e-04	-1.088705e-04	1.525382e-03	-3.801993e-03	-3.756149e-04	-3.426378e-03
0.649504      	1.463193e-03	6.219284e-04	8.412644e-04	8.220528e-03	4.589416e-03	3.631112e-03	4.791517e-04	-1.096680e-04	1.532704e-03	-3.823732e-03	-3.791623e-04	-3.444570e-03
0.649505      	1.472872e-03	6.258582e-04	8.470141e-04	8.245228e-03	4.604588e-03	3.640640e-03	4.819737e-04	-1.105779e-04	1.542420e-03	-3.849751e-03	-3.824552e-04	-3.467296e-03
0.649506      	1.464128e-03	6.207472e-04	8.433806e-04	8.271646e-03	4.620607e-03	3.651040e-03	4.847834e-04	-1.113167e-04	1.550023e-03	-3.875211e-03	-3.875830e-04	-3.487628e-03
0.649507      	1.473508e-03	6.246659e-04	8.488418e-04	8.300061e-03	4.637730e-03	3.662330e-03	4.877000e-04	-1.120880e-04	1.560736e-03	-3.903353e-03	-3.909406e-04	-3.512412e-03
0.649508      	1.461515e-03	6.179251e-04	8.435902e-04	8.327957e-03	4.654378e-03	3.673580e-03	4.903990e-04	-1.128326e-04	1.568028e-03	-3.927095e-03	-3.955198e-04	-3.531576e-03
0.649509      	1.476425e-03	6.242977e-04	8.521270e-04	8.364553e-03	4.676047e-03	3.688506e-03	4.937703e-04	-1.139146e-04	1.581132e-03	-3.958039e-03	-3.978871e-04	-3.560152e-03
0.64951       	1.455927e-03	6.135206e-04	8.424060e-04	8.388656e-03	4.690472e-03	3.698184e-03	4.961439e-04	-1.144427e-04	1.585993e-03	-3.982347e-03	-4.051807e-04	-3.577167e-03
0.649511      	1.481289e-03	6.249457e-04	8.563437e-04	8.431906e-03	4.716075e-03	3.715832e-03	5.001214e-04	-1.156990e-04	1.601159e-03	-4.015312e-03	-4.064975e-04	-3.608815e-03
0.649512      	1.442036e-03	6.052243e-04	8.368116e-04	8.458426e-03	4.732044e-03	3.726382e-03	5.028313e-04	-1.157937e-04	1.604926e-03	-4.049669e-03	-4.199084e-04	-3.629760e-03
0.649513      	1.497558e-03	6.307058e-04	8.668521e-04	8.513582e-03	4.764054e-03	3.749529e-03	5.072624e-04	-1.180732e-04	1.624265e-03	-4.074690e-03	-4.130805e-04	-3.661610e-03
0.649514      	1.402891e-03	5.854499e-04	8.174408e-04	8.542605e-03	4.780786e-03	3.761819e-03	5.094838e-04	-1.159955e-04	1.625564e-03	-4.125378e-03	-4.371248e-04	-3.688253e-03
0.649514      	1.566695e-03	6.604427e-04	9.062520e-04	8.595907e-03	4.812741e-03	3.783166e-03	5.147873e-04	-1.229047e-04	1.648640e-03	-4.118338e-03	-4.105294e-04	-3.707809e-03
0.649515      	1.279284e-03	5.270754e-04	7.522088e-04	8.638926e-03	4.836532e-03	3.802394e-03	5.170686e-04	-1.125667e-04	1.644265e-03	-4.250839e-03	-4.811542e-04	-3.769684e-03
0.649516      	1.787782e-03	7.594962e-04	1.028285e-03	8.700874e-03	4.875084e-03	3.825790e-03	5.246470e-04	-1.343946e-04	1.682841e-03	-4.109684e-03	-3.720009e-04	-3.737683e-03
0.649516      	8.775677e-04	3.412380e-04	5.363297e-04	8.744014e-03	4.895802e-03	3.848212e-03	5.237951e-04	-9.754586e-05	1.652986e-03	-4.513798e-03	-6.039127e-04	-3.909886e-03
0.649517      	2.505058e-03	1.086150e-03	1.418908e-03	8.818081e-03	4.947185e-03	3.870896e-03	5.381448e-04	-1.663790e-04	1.738735e-03	-3.880971e-03	-2.017506e-04	-3.679221e-03
0.649518      	-3.818899e-04	-2.379737e-04	-1.439162e-04	8.880904e-03	4.966552e-03	3.914352e-03	5.261000e-04	-4.702879e-05	1.633911e-03	-5.169489e-03	-9.508329e-04	-4.218656e-03
0.649518      	4.646699e-03	2.066032e-03	2.580667e-03	8.917877e-03	5.020242e-03	3.897635e-03	5.613031e-04	-2.573178e-04	1.850212e-03	-3.004576e-03	3.479239e-04	-3.352500e-03
0.649519      	-4.023045e-03	-1.905809e-03	-2.117236e-03	9.113709e-03	5.072621e-03	4.041087e-03	5.157669e-04	1.057138e-04	1.535537e-03	-6.893212e-03	-1.911069e-03	-4.982143e-03
0.649519      	1.049626e-02	4.744707e-03	5.751551e-03	8.970003e-03	5.095025e-03	3.874978e-03	6.100236e-04	-5.034223e-04	2.114359e-03	-5.316883e-04	1.848515e-03	-2.380204e-03
0.64952       	-1.300391e-02	-6.032116e-03	-6.971790e-03	9.391537e-03	5.162350e-03	4.229187e-03	4.665819e-04	4.698369e-04	1.200538e-03	-1.078818e-02	-4.193551e-03	-6.594627e-03
0.64952       	2.336964e-02	1.066769e-02	1.270195e-02	9.010471e-03	5.224787e-03	3.785684e-03	7.195517e-04	-1.017132e-03	2.712160e-03	4.567146e-03	4.995733e-03	-4.285865e-04
0.649521      	-2.575777e-02	-1.192825e-02	-1.382952e-02	9.399131e-03	5.031178e-03	4.367953e-03	3.316125e-04	9.506366e-04	4.676645e-04	-1.542803e-02	-7.246349e-03	-8.181678e-03
0.649521      	2.891184e-02	1.302053e-02	1.589131e-02	7.438671e-03	4.561498e-03	2.877173e-03	8.421623e-04	-1.435386e-03	2.809179e-03	2.247817e-03	3.933087e-03	-1.685271e-03
0.649521      	-2.505697e-02	-1.173830e-02	-1.331866e-02	9.795021e-03	5.055434e-03	4.739586e-03	1.579240e-04	7.901794e-04	-2.148269e-04	-1.109452e-02	-5.762089e-03	-5.332435e-03
0.649522      	1.424667e-02	6.848978e-03	7.397696e-03	9.033966e-03	5.762309e-03	3.271657e-03	1.245326e-03	-2.743589e-04	3.962500e-03	-1.498314e-02	-3.529071e-03	-1.145407e-02
0.649522      	2.303029e-02	1.037615e-02	1.265413e-02	1.721187e-02	8.435593e-03	8.776281e-03	-1.703442e-04	-1.138989e-03	2.903994e-03	4.390714e-02	2.485756e-02	1.904958e-02
0.649523      	-2.271889e-02	-9.512739e-03	-1.320615e-02	7.981685e-03	6.087191e-03	1.894493e-03	2.096349e-03	1.846706e-03	4.323646e-03	-6.555010e-02	-2.845140e-02	-3.709870e-02
0.649523      	2.812183e-02	1.125217e-02	1.686965e-02	1.222040e-02	4.607110e-03	7.613293e-03	-1.503092e-03	-2.808741e-03	-1.409427e-03	7.524318e-02	3.621216e-02	3.903102e-02
0.649523      	-3.777357e-02	-1.612991e-02	-2.164366e-02	3.002711e-03	5.142722e-03	-2.140010e-03	3.641366e-03	2.756874e-03	3.918530e-03	-9.100506e-02	-4.158400e-02	-4.942106e-02
0.649523      	2.743985e-02	1.070493e-02	1.673492e-02	1.127595e-02	3.681766e-03	7.594186e-03	-1.956210e-03	-3.014993e-03	-3.101857e-03	9.050220e-02	4.214925e-02	4.835296e-02
0.649524      	2.492476e-02	1.341310e-02	1.151166e-02	-4.166037e-03	-1.073386e-04	-4.058698e-03	1.975680e-03	9.507156e-04	-3.748209e-03	6.633204e-03	-4.316069e-04	7.064811e-03
0.649524      	3.638520e-02	1.783519e-02	1.855002e-02	1.529928e-02	8.704071e-03	6.595210e-03	1.054430e-03	-3.574144e-04	4.551694e-03	-2.056141e-02	-5.729008e-03	-1.483240e-02
0.649524      	9.846694e-04	3.976419e-04	5.870275e-04	1.106721e-02	6.066923e-03	5.000291e-03	5.333160e-04	-9.469283e-05	1.784817e-03	-1.029914e-03	1.269861e-03	-2.299774e-03
0.649524      	2.535996e-03	1.169424e-03	1.366572e-03	1.012333e-02	5.740231e-03	4.383098e-03	6.785666e-04	-9.857429e-05	1.990684e-03	-5.987743e-03	-1.003188e-03	-4.984555e-03
0.649525      	1.286000e-03	5.112016e-04	7.747988e-04	1.034656e-02	5.856053e-03	4.490506e-03	6.827736e-04	-1.317986e-04	1.989073e-03	-5.390619e-03	-7.062364e-04	-4.684382e-03
0.649525      	1.510375e-03	6.195197e-04	8.908550e-04	1.058676e-02	5.968606e-03	4.618149e-03	6.752284e-04	-1.356676e-04	2.068988e-03	-5.671246e-03	-7.666348e-04	-4.904611e-03
0.649525      	1.380317e-03	5.502311e-04	8.300861e-04	1.072977e-02	6.045969e-03	4.683800e-03	6.810848e-04	-1.399275e-04	2.092797e-03	-5.700479e-03	-7.574426e-04	-4.943037e-03
0.649525      	1.426169e-03	5.715312e-04	8.546383e-04	1.090745e-02	6.137464e-03	4.769983e-03	6.837405e-04	-1.415536e-04	2.129711e-03	-5.733611e-03	-7.370948e-04	-4.996517e-03
0.649525      	1.422831e-03	5.668070e-04	8.560243e-04	1.106506e-02	6.220876e-03	4.844189e-03	6.883438e-04	-1.446087e-04	2.159443e-03	-5.785301e-03	-7.332079e-04	-5.052093e-03
0.649526      	1.449121e-03	5.775198e-04	8.716012e-04	1.122290e-02	6.306391e-03	4.916514e-03	6.949383e-04	-1.470407e-04	2.190569e-03	-5.858289e-03	-7.385751e-04	-5.119714e-03
0.649526      	1.444549e-03	5.738345e-04	8.707150e-04	1.135633e-02	6.380473e-03	4.975855e-03	7.023091e-04	-1.484402e-04	2.216330e-03	-5.928622e-03	-7.479807e-04	-5.180641e-03
0.649526      	1.423910e-03	5.642597e-04	8.596501e-04	1.151179e-02	6.464915e-03	5.046875e-03	7.090200e-04	-1.476952e-04	2.245079e-03	-5.979845e-03	-7.448435e-04	-5.235001e-03
0.649526      	1.368471e-03	5.404194e-04	8.280520e-04	1.160554e-02	6.522381e-03	5.083163e-03	7.196090e-04	-1.438163e-04	2.260870e-03	-6.093026e-03	-7.856433e-04	-5.307383e-03
0.649526      	1.498935e-03	5.927762e-04	9.061589e-04	1.184364e-02	6.645582e-03	5.198055e-03	7.237635e-04	-1.566913e-04	2.309832e-03	-6.149365e-03	-7.648509e-04	-5.384514e-03
0.649526      	1.538565e-03	6.092580e-04	9.293070e-04	1.200926e-02	6.734616e-03	5.274640e-03	7.299876e-04	-1.600245e-04	2.338978e-03	-6.211711e-03	-7.668778e-04	-5.444833e-03
0.649526      	1.606625e-03	6.369902e-04	9.696350e-04	1.225212e-02	6.861244e-03	5.390878e-03	7.351832e-04	-1.663224e-04	2.393119e-03	-6.252367e-03	-7.330644e-04	-5.519303e-03
0.649526      	1.518152e-03	5.999384e-04	9.182133e-04	1.237926e-02	6.929412e-03	5.449844e-03	7.397842e-04	-1.591375e-04	2.417276e-03	-6.260503e-03	-7.129753e-04	-5.547528e-03
0.649526      	1.503249e-03	5.914238e-04	9.118253e-04	1.258983e-02	7.040190e-03	5.549641e-03	7.452745e-04	-1.602008e-04	2.458333e-03	-6.311481e-03	-6.974080e-04	-5.614073e-03
0.649527      	1.534342e-03	6.048775e-04	9.294649e-04	1.279098e-02	7.146586e-03	5.644397e-03	7.510946e-04	-1.622937e-04	2.499377e-03	-6.351593e-03	-6.764194e-04	-5.675173e-03
0.649527      	1.577301e-03	6.241513e-04	9.531500e-04	1.303304e-02	7.265228e-03	5.767815e-03	7.487067e-04	-1.644994e-04	2.551541e-03	-6.296658e-03	-5.967878e-04	-5.699870e-03
0.649527      	1.380155e-03	5.424682e-04	8.376869e-04	1.338417e-02	7.435383e-03	5.948792e-03	7.432959e-04	-1.476094e-04	2.630239e-03	-6.124474e-03	-4.319980e-04	-5.692476e-03
0.649527      	8.070876e-04	3.014880e-04	5.055996e-04	1.388572e-02	7.674679e-03	6.211045e-03	7.318169e-04	-1.020558e-04	2.748551e-03	-5.828923e-03	-1.659106e-04	-5.663012e-03
0.649527      	-1.384069e-03	-6.259520e-04	-7.581168e-04	1.500075e-02	8.221824e-03	6.778925e-03	7.214497e-04	6.608241e-05	3.029808e-03	-5.188583e-03	4.355165e-04	-5.624099e-03
0.649527      	-1.001098e-03	-4.752069e-04	-5.258908e-04	1.491107e-02	8.158075e-03	6.752998e-03	7.025383e-04	2.534193e-05	3.045720e-03	-5.109038e-03	4.912009e-04	-5.600239e-03
0.649527      	1.348464e-04	5.474323e-06	1.293720e-04	1.451104e-02	7.970496e-03	6.540542e-03	7.149769e-04	-6.194886e-05	2.971225e-03	-5.583522e-03	1.794639e-04	-5.762985e-03
0.649527      	1.460592e-03	5.725097e-04	8.880820e-04	1.428264e-02	7.864213e-03	6.418428e-03	7.228926e-04	-1.577861e-04	2.933815e-03	-5.822341e-03	2.264448e-05	-5.844986e-03
0.649527      	2.078416e-03	8.318145e-04	1.246601e-03	1.445266e-02	7.953051e-03	6.499613e-03	7.267190e-04	-2.073934e-04	2.947040e-03	-6.049081e-03	-7.750072e-05	-5.971580e-03
0.649527      	2.362329e-03	9.602559e-04	1.402073e-03	1.472879e-02	8.099531e-03	6.629255e-03	7.351381e-04	-2.209085e-04	3.004350e-03	-6.062554e-03	-2.692742e-05	-6.035627e-03
0.649527      	1.988504e-03	7.910727e-04	1.197432e-03	1.518892e-02	8.333885e-03	6.855039e-03	7.394230e-04	-2.031794e-04	3.088312e-03	-6.258487e-03	-4.093159e-05	-6.217556e-03
0.649527      	2.389924e-03	9.460485e-04	1.443875e-03	1.510334e-02	8.297599e-03	6.805745e-03	7.459266e-04	-2.489135e-04	3.052442e-03	-6.520735e-03	-2.079252e-04	-6.312810e-03
0.649527      	3.111760e-03	1.248973e-03	1.862787e-03	1.589202e-02	8.699373e-03	7.192649e-03	7.533621e-04	-3.069069e-04	3.228150e-03	-6.913484e-03	-2.285922e-04	-6.684891e-03
0.649527      	1.038598e-02	4.329622e-03	6.056360e-03	2.001307e-02	1.080050e-02	9.212575e-03	7.939620e-04	-8.633688e-04	4.302123e-03	-9.005075e-03	-2.004144e-04	-8.804661e-03
0.649527      	1.808084e-02	7.668274e-03	1.041257e-02	2.186440e-02	1.176860e-02	1.009580e-02	8.364031e-04	-1.372147e-03	4.772562e-03	-1.092005e-02	-6.874643e-04	-1.023259e-02
0.649527      	5.358044e-03	2.294142e-03	3.063902e-03	1.639119e-02	8.955245e-03	7.435949e-03	7.596482e-04	-3.848799e-04	3.638873e-03	-6.487373e-03	3.951862e-04	-6.882559e-03
0.649528      	1.253186e-03	5.028601e-04	7.503263e-04	1.481535e-02	8.114396e-03	6.700951e-03	7.067226e-04	-1.237331e-04	3.198471e-03	-5.657291e-03	3.698251e-04	-6.027116e-03
0.649528      	-6.689626e-04	-3.085910e-04	-3.603716e-04	1.522711e-02	8.344680e-03	6.882431e-03	7.311242e-04	2.589033e-05	3.291558e-03	-5.732155e-03	4.254803e-04	-6.157635e-03
0.649528      	-5.152724e-06	-2.587304e-05	2.072032e-05	1.623831e-02	8.819669e-03	7.418643e-03	7.005132e-04	-2.329668e-05	3.286828e-03	-5.890323e-03	3.416669e-04	-6.231990e-03
0.649528      	3.580902e-03	1.462305e-03	2.118596e-03	1.813658e-02	9.724391e-03	8.412189e-03	6.561011e-04	-3.281455e-04	3.738637e-03	-5.480503e-03	9.983851e-04	-6.478888e-03
0.649528      	1.035600e-02	4.285486e-03	6.070511e-03	1.620798e-02	8.743299e-03	7.464680e-03	6.393096e-04	-8.925124e-04	3.137307e-03	-6.116315e-03	7.914996e-05	-6.195465e-03
0.649528      	-9.946478e-02	-3.624304e-02	-6.322174e-02	1.310325e-01	6.803076e-02	6.300176e-02	2.514503e-03	1.348935e-02	2.637986e-02	1.124227e-02	3.200100e-02	-2.075872e-02
0.649528      	-9.689489e-02	-3.106415e-02	-6.583074e-02	1.341088e-01	7.053878e-02	6.357006e-02	3.484362e-03	1.738329e-02	3.006528e-02	1.818234e-02	3.915645e-02	-2.097411e-02
0.649528      	3.259211e-02	1.597962e-02	1.661250e-02	2.198939e-02	1.185798e-02	1.013141e-02	8.632837e-04	-3.164417e-04	-1.658384e-03	-8.405948e-03	-5.861358e-03	-2.544590e-03
0.649528      	-2.773332e-02	-7.609800e-03	-2.012352e-02	7.629743e-02	3.971854e-02	3.657889e-02	1.569826e-03	6.256861e-03	1.189906e-02	6.621292e-03	1.520970e-02	-8.588412e-03
0.649528      	-2.872659e-02	-7.903876e-03	-2.082271e-02	5.812679e-02	3.060249e-02	2.752430e-02	1.539096e-03	6.459419e-03	1.549355e-02	1.948092e-02	2.523402e-02	-5.753092e-03
0.649528      	-3.432529e-02	-1.073617e-02	-2.358911e-02	4.169294e-02	2.228297e-02	1.940997e-02	1.436502e-03	6.426469e-03	1.328030e-02	2.112158e-02	2.384108e-02	-2.719508e-03
0.649528      	7.318867e-01	2.641489e-01	4.677378e-01	7.628838e-01	3.675241e-01	3.953596e-01	-1.391776e-02	-1.017944e-01	1.795553e-01	-1.170828e-01	1.210139e-01	-2.380967e-01
0.649528      	-6.908240e-03	-1.030012e-02	3.391876e-03	8.918629e-02	4.350654e-02	4.567975e-02	-1.086609e-03	-6.845996e-03	1.413473e-02	1.278135e-02	2.052540e-02	-7.744054e-03
0.649528      	1.511353e-01	4.858998e-02	1.025453e-01	2.241770e-01	1.087870e-01	1.153900e-01	-3.301524e-03	-2.697766e-02	3.327107e-02	-4.392773e-02	1.130721e-02	-5.523494e-02
0.649528      	1.557676e-01	5.046948e-02	1.052982e-01	1.852761e-01	8.885250e-02	9.642355e-02	-3.785525e-03	-2.741434e-02	3.978964e-02	-6.649512e-02	6.542086e-03	-7.303720e-02
0.649528      	1.291747e-01	4.209941e-02	8.707528e-02	1.339090e-01	6.373378e-02	7.017525e-02	-3.220736e-03	-2.248794e-02	3.861741e-02	-7.322484e-02	2.004991e-03	-7.522983e-02
0.649528      	1.294578e-01	4.680011e-02	8.265767e-02	1.270951e-01	6.122192e-02	6.587313e-02	-2.325602e-03	-1.792878e-02	3.230761e-02	-4.211987e-02	1.124767e-02	-5.336754e-02
0.649528      	8.488730e-03	-3.643958e-04	8.853125e-03	9.017450e-02	4.363201e-02	4.654249e-02	-1.455237e-03	-4.608761e-03	1.426983e-02	-5.003039e-03	1.176831e-02	-1.677135e-02
0.649528      	-9.254995e-03	-4.816092e-03	-4.438903e-03	6.016168e-02	2.906376e-02	3.109792e-02	-1.017080e-03	-1.885948e-04	3.729064e-03	3.516571e-02	2.131192e-02	1.385379e-02
0.649528      	-1.093866e-02	-7.328243e-03	-3.610416e-03	7.542206e-02	3.645367e-02	3.896839e-02	-1.257360e-03	-1.858913e-03	1.212163e-02	-5.403082e-03	9.420087e-03	-1.482317e-02
0.649528      	1.474399e-02	6.722913e-03	8.021076e-03	4.786669e-02	2.257343e-02	2.529326e-02	-1.359916e-03	-6.490815e-04	2.984407e-03	5.374463e-02	2.985672e-02	2.388791e-02
0.649528      	-1.375103e-02	-9.041286e-03	-4.709744e-03	7.883625e-02	3.751946e-02	4.131679e-02	-1.898663e-03	-2.165771e-03	1.783505e-02	-2.890755e-02	3.381270e-03	-3.228882e-02
0.649528      	6.250610e-02	2.952970e-02	3.297640e-02	3.856199e-02	1.706858e-02	2.149342e-02	-2.212419e-03	-1.723353e-03	9.899431e-04	8.997361e-02	4.597675e-02	4.399686e-02
0.649528      	-7.892933e-02	-3.850025e-02	-4.042908e-02	7.827569e-02	3.599762e-02	4.227807e-02	-3.140227e-03	9.644127e-04	2.312844e-02	-6.569897e-02	-9.721043e-03	-5.597792e-02
0.649528      	1.638110e-01	7.666986e-02	8.714118e-02	3.484447e-02	1.466642e-02	2.017805e-02	-2.755817e-03	-5.235659e-03	-3.516940e-03	1.602925e-01	7.662932e-02	8.366320e-02
0.649528      	-2.197147e-01	-1.032181e-01	-1.164966e-01	6.951111e-02	3.156907e-02	3.794204e-02	-3.186487e-03	6.639228e-03	3.002840e-02	-1.587206e-01	-4.933189e-02	-1.093887e-01
0.649528      	3.736304e-01	1.813726e-01	1.922578e-01	3.527946e-01	1.383751e-01	2.144195e-01	-3.802224e-02	-5.442582e-03	5.051045e-02	5.331474e-01	3.170842e-01	2.160633e-01
0.649528      	-7.485138e-02	2.008066e-02	-9.493205e-02	1.882823e+00	6.626358e-01	1.220187e+00	-2.787757e-01	5.750636e-02	4.653090e-01	1.399042e+00	1.164830e+00	2.342119e-01
0.649528      	6.396954e-01	3.083717e-01	3.313237e-01	3.858769e-01	1.413424e-01	2.445345e-01	-5.159603e-02	-1.147596e-02	1.863793e-02	5.512365e-01	2.942562e-01	2.569803e-01
0.649528      	-7.043509e-01	-2.866294e-01	-4.177215e-01	1.306798e+00	4.723801e-01	8.344180e-01	-1.810189e-01	6.554608e-02	3.601063e-01	3.276476e-01	5.239301e-01	-1.962825e-01
0.649528      	1.869633e+00	9.090056e-01	9.606277e-01	1.036223e+00	3.420432e-01	6.941794e-01	-1.760681e-01	-2.581105e-02	2.087991e-01	2.086940e+00	1.252269e+00	8.346708e-01
0.649528      	-1.587226e+00	-7.057042e-01	-8.815218e-01	1.048106e+00	3.632845e-01	6.848216e-01	-1.607686e-01	8.790880e-02	4.092369e-01	-3.776894e-01	2.203922e-01	-5.980815e-01
0.649528      	1.896061e+00	8.953778e-01	1.000684e+00	2.464354e-01	9.665664e-02	1.497788e-01	-2.656106e-02	-5.265294e-02	-1.205901e-01	1.662102e+00	7.104608e-01	9.516411e-01
0.649528      	-1.156859e-01	-3.866311e-02	-7.702281e-02	4.348767e-02	-1.108428e-02	5.457195e-02	-3.282811e-02	1.917985e-02	-1.685228e-01	1.515908e+00	5.894310e-01	9.264766e-01
0.649528      	3.040570e-01	1.438505e-01	1.602065e-01	3.908521e-01	1.775595e-01	2.132926e-01	-1.786655e-02	-8.177967e-03	3.440449e-02	7.119844e-02	7.000372e-02	1.194729e-03
0.649528      	-1.795361e-01	-7.584292e-02	-1.036932e-01	2.877267e-01	1.193100e-01	1.684167e-01	-2.455338e-02	1.392514e-02	1.772599e-02	2.197743e-01	1.276132e-01	9.216117e-02
0.649528      	1.491333e-02	1.318475e-02	1.728584e-03	3.048910e-01	1.214824e-01	1.834086e-01	-3.096312e-02	5.728083e-03	4.344188e-02	2.350516e-01	1.609677e-01	7.408394e-02
0.649528      	-2.697774e-02	-8.039231e-03	-1.893851e-02	2.368973e-01	9.375906e-02	1.431383e-01	-2.468960e-02	5.449638e-03	3.781073e-02	1.882432e-01	1.319323e-01	5.631089e-02
0.649528      	5.040884e-02	2.879592e-02	2.161292e-02	2.246387e-01	8.592948e-02	1.387092e-01	-2.638986e-02	3.591497e-03	4.542403e-02	1.716153e-01	1.312317e-01	4.038361e-02
0.649528      	-1.269121e-02	-2.562692e-03	-1.012851e-02	1.507072e-01	6.019563e-02	9.051154e-02	-1.515795e-02	3.782911e-03	2.835082e-02	1.147158e-01	8.570870e-02	2.900705e-02
0.649528      	2.208630e-02	1.440948e-02	7.676826e-03	1.681604e-01	6.444647e-02	1.037139e-01	-1.963373e-02	3.366326e-03	3.695490e-02	1.089214e-01	9.141558e-02	1.750578e-02
0.649528      	1.672517e-01	8.404997e-02	8.320170e-02	-2.404063e-02	-4.296057e-02	1.891994e-02	-3.094026e-02	4.241389e-04	-1.342391e-02	3.926246e-01	1.828884e-01	2.097362e-01
0.649528      	-4.485512e-01	-2.142768e-01	-2.342744e-01	4.865665e-01	2.851594e-01	2.014071e-01	4.187614e-02	9.998788e-03	1.299836e-01	-6.711440e-01	-2.055884e-01	-4.655556e-01
0.649528      	-4.253864e+02	-2.128594e+02	-2.125270e+02	3.565410e+02	2.356551e+02	1.208859e+02	5.738461e+01	-1.662183e-01	1.191180e+02	-5.288163e+02	-1.452901e+02	-3.835262e+02
0.649528      	-3.056681e+09	-1.601113e+09	-1.455568e+09	2.228827e+09	1.364882e+09	8.639454e+08	2.504681e+08	-7.277268e+07	9.235555e+08	5.695733e+08	1.208342e+09	-6.387688e+08
0.649528      	1.011573e+15	4.897783e+14	5.217949e+14	1.256624e+14	9.718934e+13	2.847309e+13	3.435812e+13	-1.600830e+13	-6.480951e+13	-4.067724e+14	-2.681957e+14	-1.385767e+14
0.649528      	4.014437e+14	1.186316e+14	2.828121e+14	4.570095e+15	2.779148e+15	1.790947e+15	4.941001e+14	-8.209026e+13	7.226863e+14	-3.896594e+15	-1.225611e+15	-2.670983e+15
0.649528      	2.648404e+16	1.169974e+16	1.478430e+16	7.537420e+16	4.645612e+16	2.891808e+16	8.769017e+15	-1.542278e+15	1.023951e+16	-7.303674e+16	-2.627886e+16	-4.675788e+16
0.649528      	5.178371e+16	2.128934e+16	3.049437e+16	2.830672e+17	1.666322e+17	1.164350e+17	2.509864e+16	-4.602518e+15	3.557855e+16	-2.017726e+17	-6.530774e+16	-1.364648e+17
0.649528      	1.335361e+17	5.736086e+16	7.617523e+16	6.338873e+17	3.661301e+17	2.677572e+17	4.918648e+16	-9.407185e+15	7.225618e+16	-4.347119e+17	-1.450998e+17	-2.896121e+17
0.649528      	1.563120e+17	6.830669e+16	8.800532e+16	6.699433e+17	3.815342e+17	2.884092e+17	4.656251e+16	-9.849316e+15	7.169353e+16	-4.283573e+17	-1.424851e+17	-2.858722e+17
0.649528      	1.557329e+17	6.847275e+16	8.726016e+16	6.475548e+17	3.676219e+17	2.799329e+17	4.384452e+16	-9.393701e+15	6.880141e+16	-4.151250e+17	-1.387611e+17	-2.763639e+17
0.649528      	1.193010e+17	5.186262e+16	6.743837e+16	5.719811e+17	3.223902e+17	2.495909e+17	3.639966e+16	-7.787873e+15	6.116624e+16	-3.457200e+17	-1.116938e+17	-2.340263e+17
0.649528      	1.147233e+17	4.906277e+16	6.566054e+16	5.457444e+17	3.101153e+17	2.356291e+17	3.724313e+16	-8.298881e+15	6.430143e+16	-3.508713e+17	-1.111342e+17	-2.397371e+17
0.649528      	4.383459e+20	1.059716e+20	3.323743e+20	2.667506e+21	1.829845e+21	8.376611e+20	4.960918e+20	-1.132013e+20	5.118268e+20	-2.652244e+21	-8.142952e+20	-1.837949e+21
0.649528      	1.504884e+20	5.617832e+19	9.431009e+19	5.262815e+20	3.559829e+20	1.702986e+20	9.284213e+19	-1.906588e+19	1.809223e+20	-9.653991e+20	-3.017772e+20	-6.636218e+20
0.649528      	-1.087106e+39	-3.505431e+38	-7.365633e+38	-1.061169e+39	-4.272295e+38	-6.339392e+38	1.033548e+38	1.930101e+38	-2.538254e+38	-5.790253e+38	-5.433381e+38	-3.568723e+37
0.649528      	-1.040948e+64	-4.081896e+63	-6.327583e+63	-1.456335e+64	-5.304003e+63	-9.259350e+63	1.977673e+63	1.122844e+63	-2.999916e+63	-1.637428e+64	-1.118706e+64	-5.187224e+63
0.649528      	-2.915805e+93	-1.228895e+93	-1.686910e+93	-5.379042e+93	-2.129649e+93	-3.249392e+93	5.598715e+92	2.290078e+92	-9.450461e+92	-7.886046e+93	-4.888069e+93	-2.997977e+93
0.649528      	4.066462e+125	1.415687e+125	2.650775e+125	-6.349990e+126	-3.177605e+126	-3.172385e+126	-2.609767e+123	-6.175438e+124	-8.674239e+125	2.354879e+125	-7.496800e+125	9.851679e+125
